comment_text,cleaned_comment,Label
President Trump really 😂😂😂,president trump really,0
"Remember Fox friends, you voted for this to happen.",remember fox friends you voted for this to happen,1
"Baby doesn't get his way and has fit in the check-out lane. Forty-eight hours is still enough time to remove him from office. Help move things forward by contacting your Republican Senators and Congressmen today. Let them know that you exist. Let them know that you vote. Let them know how you would rate their tenure in office thus far. Let them know you are not in favor of another useless war in the Middle-East. And let them know that if they aren't going to do anything, that they should pull an MTG and leave Congress today, and let someone with an ounce dignity, courage and self-respect take their place. 
And while you are at it make plans for No Kings Day, Saturday March 28, 2026 Be seen. Be heard.","baby doesnt get his way and has fit in the checkout lane fortyeight hours is still enough time to remove him from office help move things forward by contacting your republican senators and congressmen today let them know that you exist let them know that you vote let them know how you would rate their tenure in office thus far let them know you are not in favor of another useless war in the middleeast and let them know that if they arent going to do anything that they should pull an mtg and leave congress today and let someone with an ounce dignity courage and selfrespect take their place 
and while you are at it make plans for no kings day saturday march 28 2026 be seen be heard",1
"Oh, now that he’s demanded Iran is gonna open the Strait of Hormuz. They’re scared of his 100th demand😂😂",oh now that hes demanded iran is gonna open the strait of hormuz theyre scared of his 100th demand,1
"Most Americans can't wait to say good ""I'm glad"" concerning Trump.",most americans cant wait to say good im glad concerning trump,1
"I
Bet
He 
…..
….
To
Do 
It","i
bet
he 


to
do 
it",0
Americans now look to the rest of the world like the herd of cattle led by a crazy donkey,americans now look to the rest of the world like the herd of cattle led by a crazy donkey,1
"This is all fake news, Trump said the war was over 2 weeks ago. Just fake news, no America soldiers were killed.",this is all fake news trump said the war was over 2 weeks ago just fake news no america soldiers were killed,1
BREAKING: Iran says the Hormuz is open except to our ENEMIES,breaking iran says the hormuz is open except to our enemies,2
“Thank you for your attention to this matter” 😂😂😂,thank you for your attention to this matter,1
"From complete capitulation,  to please let the oil pass. 😂😂",from complete capitulation  to please let the oil pass,1
"Trump is an idiot, Israel is running this country. It’s there oil idiot",trump is an idiot israel is running this country its there oil idiot,1
"I'm so disappointed in the obituaries, every single day 🤷😑",im so disappointed in the obituaries every single day,1
TACO!,taco!,0
Shut the fuk up,shut the fuk up,2
"ya his fake deadlines don't work or scare anyone anymore, its like your mom counting down from 3 and then you're really gnna be grounded! 
they already responded saying then they will bomb the desalination plants in the middle east, leaving no water for your precious allies. 
checkmate","ya his fake deadlines dont work or scare anyone anymore its like your mom counting down from 3 and then youre really gnna be grounded! 
they already responded saying then they will bomb the desalination plants in the middle east leaving no water for your precious allies 
checkmate",1
I am really happy that this down to earth kind of a guy said that on monday the oil will be flowing through the strait of Hormuz en oil prices will go down and it is all about peace. But now I read in the news that the US and Iran want  to blow up each other nuclear powerplants.,i am really happy that this down to earth kind of a guy said that on monday the oil will be flowing through the strait of hormuz en oil prices will go down and it is all about peace but now i read in the news that the us and iran want  to blow up each other nuclear powerplants,1
Who the f let him stay up and watch diehard💀,who the f let him stay up and watch diehard,2
Fox war mongers!!!! No new wars! Who said that!?,fox war mongers!!!! no new wars! who said that!?,1
"As a three time supporter I didn’t vote for this. He ran on no new wars. No American sons or daughters should be on ground in this war. GOP may support war but independents do not. He has given midterms, 28, and 32 to Dems and it’s because of this war.  No matter which party we vote for all we get are puppets. It’s disgraceful. We have no Allie’s left. Carlson /Kent 2028",as a three time supporter i didnt vote for this he ran on no new wars no american sons or daughters should be on ground in this war gop may support war but independents do not he has given midterms 28 and 32 to dems and its because of this war  no matter which party we vote for all we get are puppets its disgraceful we have no allies left carlson kent 2028,1
"they’d rather see their whole country blowing up then open up that straight , they’re pretty stupid people so pretty tough to negotiate",theyd rather see their whole country blowing up then open up that straight  theyre pretty stupid people so pretty tough to negotiate,2
"Cant wait for the old man in the whitehouse to croak, clots and prayers",cant wait for the old man in the whitehouse to croak clots and prayers,2
"d E m A N d, lol.",d e m a n d lol,1
"​""Trump is costing the U.S. its wealth and its global standing.""",trump is costing the us its wealth and its global standing,1
Trump ran to stay out of prison.  Its time to give himself his multiple pardons and leave the job as President to a grown up. Its going to be hard for the next Democrat to fix this damage.  His spending is out of control to.,trump ran to stay out of prison  its time to give himself his multiple pardons and leave the job as president to a grown up its going to be hard for the next democrat to fix this damage  his spending is out of control to,2
Fox news licks trumps butthole,fox news licks trumps butthole,2
Fox News comment section not on their knees for their dear leader Trump? Man…the end must really be near 😅,fox news comment section not on their knees for their dear leader trump? manthe end must really be near,1
As long as the regime’s criminal lobbyists continue to deceive and mislead the U.S. admin.—steering it away from total elimination and toward the ”Venezuelization” of the evil Islamic regime to buy time and save it—this war will only go awry.,as long as the regimes criminal lobbyists continue to deceive and mislead the us adminsteering it away from total elimination and toward the venezuelization of the evil islamic regime to buy time and save itthis war will only go awry,1
Okay good,okay good,1
What happened to all the right wing scumbag dump d*ck suckers...Tell us what you think of your daddy now!,what happened to all the right wing scumbag dump dck suckerstell us what you think of your daddy now!,2
"How worried do you think Iran is?  The rest of the region in the Middle East should be worried about Trump. He has no clue what he got himself into, but he has words. The best words, some say nobody has ever seen words like it. He doesn't know what he says, but he knows he has them.",how worried do you think iran is?  the rest of the region in the middle east should be worried about trump he has no clue what he got himself into but he has words the best words some say nobody has ever seen words like it he doesnt know what he says but he knows he has them,1
Trump is an @hole.,trump is an idiot israel is running this country its there oil idiot,2
"My guess, mountains are going to be leveled and the strait is likely to be expanded into a big beautiful strait..so big and beautiful that hundred of ships can move through in one day at the same time😂😂",my guess mountains are going to be leveled and the strait is likely to be expanded into a big beautiful straitso big and beautiful that hundred of ships can move through in one day at the same time,1
!!!!!!,!!!!!!,0
Youngsters talking 😂  are these guys following the real news ???,youngsters talking   are these guys following the real news ???,1
"Gros connard menteur de trump !! With his friend sheitanyahu.  They are mad , they are génocidaires , they are evil, not human",gros connard menteur de trump !! with his friend sheitanyahu  they are mad  they are génocidaires  they are evil not human,2
Looks like all the Pro Trump propaganda has stopped in the Fox News comments this week with the mass internet outage in Russia. Coincidence?,looks like all the pro trump propaganda has stopped in the fox news comments this week with the mass internet outage in russia coincidence?,1
"Donald Trump, in his own inimitable fashion, issues an order to Iran to  open the Straits of Hormuz and expects them to drop what they are doing and accede to his demand. Priceless. He still operates on the basis of 'Be reasonable, do it my wsy"".  Trump diplomacy at ts finest. Then he wonders why it doesn't work. Operation Epic Fury  is like Trump himself - a disaster.
😮😮😮😮😮😮😮😮😮😮😮😮😮😮😮",donald trump in his own inimitable fashion issues an order to iran to  open the straits of hormuz and expects them to drop what they are doing and accede to his demand priceless he still operates on the basis of be reasonable do it my wsy  trump diplomacy at ts finest then he wonders why it doesnt work operation epic fury  is like trump himself  a disaster,2
"Or what? Keep attacking as they have been doing?... US and Israel are killing civilians, what do you expect Iran to do? The lack of intelligence is unsettling.",or what? keep attacking as they have been doing? us and israel are killing civilians what do you expect iran to do? the lack of intelligence is unsettling,1
Trump is just making thing worst for us .,trump is just making thing worst for us,2
Can we just deport Trump to Iran,can we just deport trump to iran,1
Pl,pl,0
"God bless America, keep going Pres Trump pray for the solier courage and presrverance!",god bless america keep going pres trump pray for the solier courage and presrverance!,2
"Why target Iran's power plants instead of hitting the devils behind this disaster—the regime's KNOWN top criminal leadership, which, intentionally, with a few exceptions, has remained untouched since day one!",why target irans power plants instead of hitting the devils behind this disasterthe regimes known top criminal leadership which intentionally with a few exceptions has remained untouched since day one!,2
"One thing we are asking for Mr. President, also provide defense for US assets, soldiers in that region, allies etc as you plan these offensive actions. Iran still shows it can cause damage. Let’s face reality here.",one thing we are asking for mr president also provide defense for us assets soldiers in that region allies etc as you plan these offensive actions iran still shows it can cause damage lets face reality here,1
Blah blah blah.,blah blah blah,0
He is obviously bored of the winning! Gets exhausting all this winning.,he is obviously bored of the winning! gets exhausting all this winning,1
Lets bring back brandon,lets bring back brandon,2
"right, he'll stick to a deadline he threats.   OK TACO, just like Tariffs.  Agent Orange needs to go, I'm NO SHEEP",right hell stick to a deadline he threats   ok taco just like tariffs  agent orange needs to go im no sheep,1
Eh Whats up Doc ???? Thos is the bery bery last warning we need them to make a deal even though they are all dead and everything is blown up. Get a grip mouthpieces of the satanist republic.,eh whats up doc ???? thos is the bery bery last warning we need them to make a deal even though they are all dead and everything is blown up get a grip mouthpieces of the satanist republic,1
"Yall Just Said The Major Problem And EVIL Sickness 
ISLAMIC That Evil False Prophet 
Mohamed Really Really An l Do Mean Really Pulled The Wool Over Those People's Eyes Many Many Years Ago And We No Matter How Many Bombs We Drop Can't Bring Them To The Light For They Must Look Within Themselves For The Light and Yes The Light Still Burns Within Them The Only Problem is Getting Them To Look Into Themselves And Follow It instead of The Devil Leading Them Around With a Hook In Their Jaw !!!!!!! They Have The Strength To Beat The Devil And Mohammed's Lies If They Only Will !!!!! ✝️🙏🙏🏿🙏🏻","yall just said the major problem and evil sickness 
islamic that evil false prophet 
mohamed really really an l do mean really pulled the wool over those peoples eyes many many years ago and we no matter how many bombs we drop cant bring them to the light for they must look within themselves for the light and yes the light still burns within them the only problem is getting them to look into themselves and follow it instead of the devil leading them around with a hook in their jaw !!!!!!! they have the strength to beat the devil and mohammeds lies if they only will !!!!!",1
What a joke 😂,what a joke,0
Could trump do the world a favor and find the nearest balcony…,could trump do the world a favor and find the nearest balcony,1
Lets just give them 48 hours to surrender completely or we completly bomb them into the stone age...,lets just give them 48 hours to surrender completely or we completly bomb them into the stone age,1
"Yeah, and Iran doesn't give a flying Fook
F D J T the vile, disgusting, imbecilic GD kiddie-diddling peee dough file peeeg","yeah and iran doesnt give a flying fook
f d j t the vile disgusting imbecilic gd kiddiediddling peee dough file peeeg",1
He is NOT making Merikan Kristians Safe😂😂😂😂😂😂😂😂😂,he is not making merikan kristians safe,1
The Straits of Hormuz will not be the only gauntlet Trump would have run in his life.,the straits of hormuz will not be the only gauntlet trump would have run in his life,1
"It's important to understand that in 48 hours, the price of a barrel of oil will be $148. 

Coded language for stock market investors!

Thank you président !","its important to understand that in 48 hours the price of a barrel of oil will be 148 

coded language for stock market investors!

thank you président !",1
Phuktrumpdumborangebich,phuktrumpdumborangebich,0
"Here's a prediction. Israel will continue to be a habitual line stepper and take the next, irreversible step. Trump will say he wasn't aware.",heres a prediction israel will continue to be a habitual line stepper and take the next irreversible step trump will say he wasnt aware,1
It wong lower oil prices itll drive them hire. The strait is irans Trump card. excuse the pun,it wong lower oil prices itll drive them hire the strait is irans trump card excuse the pun,1
The u.s. only imports 3%from them.  The bigger problem is donny is hurting our number '1' ally in Japan.  They import 90% from that area.,the us only imports 3from them  the bigger problem is donny is hurting our number 1 ally in japan  they import 90 from that area,1
This ain’t apprentice,this aint apprentice,0
And I demand as a global citizen that Trump is locked up immediately in a lunatic asylum.,and i demand as a global citizen that trump is locked up immediately in a lunatic asylum,1
2 weeks,2 weeks,0
"""Trump demands.....""

😴😴😴😴😴",trump demands,0
🤔? I'm MAGA STUPID AND IGNORANT. Didnt you MR LIAR said the straight of Hormuz would open itself? Then why are you threatening Iran to open what will open itself. YOUR A BALD FACE LIAR,? im maga stupid and ignorant didnt you mr liar said the straight of hormuz would open itself? then why are you threatening iran to open what will open itself your a bald face liar,1
"Let me tell you the end game, Gulf states now know for sure that US cannot provide them security and it's actually a burden. This will bring in China as a replacement",let me tell you the end game gulf states now know for sure that us cannot provide them security and its actually a burden this will bring in china as a replacement,1
"Netanyahu's dog, he is has evidence against Trump, that's why Trump does what he wants.",netanyahus dog he is has evidence against trump thats why trump does what he wants,1
That’s 1 way of saying it,thats 1 way of saying it,0
"Or what, he is going to commit war crimes by destroying the electrical grid of Iran in the same way as Putin in Ukraine?",or what he is going to commit war crimes by destroying the electrical grid of iran in the same way as putin in ukraine?,1
Remember the 2021 New York Times article where Trump was showing journalists secret plans to manufacture a crisis in Iran? That would be in the stolen documents case which judge Aileen Cannon conveniently sealed for reasons unknown,remember the 2021 new york times article where trump was showing journalists secret plans to manufacture a crisis in iran? that would be in the stolen documents case which judge aileen cannon conveniently sealed for reasons unknown,1
Fox News do biased.  People should stay away from this channel,fox news do biased  people should stay away from this channel,1
He should've asked Satanyahu first,he shouldve asked satanyahu first,1
Pure Day One 🐂💩.VOTE REPUBLICANS OUT OF OFFICE!,pure day one vote republicans out of office!,1
The war only started because we have become a puppet of the AIPAC and Netanyahu.,the war only started because we have become a puppet of the aipac and netanyahu,2
What a clown!!!,what a clown!!!,0
Trump literally doesn’t hold his deadlines… ever. What is that girl talking about?,trump literally doesnt hold his deadlines ever what is that girl talking about?,1
Trump making money while giving governmental information is a criminal act.Grifters got to grift.WAFJ !,trump making money while giving governmental information is a criminal actgrifters got to griftwafj !,1
Trump said we didn't need the strait of hormuz. Why does he care about it so much?,trump said we didnt need the strait of hormuz why does he care about it so much?,1
"Iran, ok why didnt you say so ...we didnt know my bad.",iran ok why didnt you say so we didnt know my bad,1
Bye bye America🎉,bye bye america,0
Idle threats as the World descends into darkness.,idle threats as the world descends into darkness,1
More demands by the FU€¥ing tyrant.    Go Guck yourself Trump,more demands by the fuing tyrant    go guck yourself trump,2
"He shouldn't even have threatened it, he should have just done it",he shouldnt even have threatened it he should have just done it,1
This Administration is an Utter Failure… Iran Won’t listen.,this administration is an utter failure iran wont listen,1
The orange dictator commiting genocide and harm around the world needs to get stopped. The Epstein war needs to end. What happens to the war ending in 4 days? Then Trump is begging for others to join the war. 16 US aircraft hit.  There was peace before Trump.  Trump started the war. Stop it with the fake news of bringing democracy and peace when the US and Israel commit genocide in Gaza and  the US kidnapped a president,the orange dictator commiting genocide and harm around the world needs to get stopped the epstein war needs to end what happens to the war ending in 4 days? then trump is begging for others to join the war 16 us aircraft hit  there was peace before trump  trump started the war stop it with the fake news of bringing democracy and peace when the us and israel commit genocide in gaza and  the us kidnapped a president,2
Trump tanrı değilsin,trump tanrı değilsin,0
I love my daily dose of state media,,1
It's adorable that you think this is about peace,its adorable that you think this is about peace,1
lol yea keep bombing! While there focused on creating the worst economic disaster ever,lol yea keep bombing! while there focused on creating the worst economic disaster ever,2
President Donald J TRUMP do not bluff. He says what he means and he means what he says he is the best president for the job. ❤❤❤❤❤❤,,1
Impeachment for trumpett,impeachment for trumpett,0
What the hell is going on. We attacked Iran over nuclear as a cover story but the world can see this is about a shipping route and assets that do not belong to us.,what the hell is going on we attacked iran over nuclear as a cover story but the world can see this is about a shipping route and assets that do not belong to us,1
Fox entertainment helped break America…Fuc maga and,fox entertainment helped break americafuc maga and,1
Taco Tuesday 😂😂😂The worst president in history hasn't a clue. Release the Epstien files to distract from this failure.,taco tuesday the worst president in history hasnt a clue release the epstien files to distract from this failure,1
It’s not hi jacked obviously enemies can’t go through but everyone can,its not hi jacked obviously enemies cant go through but everyone can,1
BLESS TRUMP..FCK IRAN..,bless trumpfck iran,2
Ummm....why give them 48 hours? Aren't we the great and powerful America? The Iranians could stop attacking in 2 seconds.,ummmwhy give them 48 hours? arent we the great and powerful america? the iranians could stop attacking in 2 seconds,2
A problem that Trump created.,a problem that trump created,1
Good 👍,good,0
"Adolf Trump du hast geschrieben, dass du froh bist, dass Muellers Tod ist. Und ich werde froh sein, wenn du Adolf Trump, Abschaum der Menschheit, verreckt bist. Dieser sogenannte Mensch Trump ist für die Menschheit untragbar. Dieser Kerl muss weg.",adolf trump du hast geschrieben dass du froh bist dass muellers tod ist und ich werde froh sein wenn du adolf trump abschaum der menschheit verreckt bist dieser sogenannte mensch trump ist für die menschheit untragbar dieser kerl muss weg,2
The copium will hit maga soon. Just wait until everything skyrockets in price. Eventually you'll realize you've been had.,the copium will hit maga soon just wait until everything skyrockets in price eventually youll realize youve been had,1
Where is the world greatest navy at?,where is the world greatest navy at?,2
"Or what? Lol. Dumbass has no plan, clue or brain and has left us with a friggin mess.",or what? lol dumbass has no plan clue or brain and has left us with a friggin mess,2
"Heedless.Haphazard.Fickle..
Epstein attack on Iran(Epstein War).Look at the Consumer Price Index(CPI)","heedlesshaphazardfickle
epstein attack on iranepstein warlook at the consumer price indexcpi",2
😂😂😂😂😂😂😂😂 moron!,moron!,2
"YAH. That's a WAR CRIME. First of all.
Second. Congress STILL hasn't given AUTHORIZATION for ANY of this.","yah thats a war crime first of all
second congress still hasnt given authorization for any of this",1
"When they cannot get someone to capitulate no matter how much pain they have been made to endure, the lowest of the low resort to threatening innocent family members close to them.",when they cannot get someone to capitulate no matter how much pain they have been made to endure the lowest of the low resort to threatening innocent family members close to them,2
Are they serious?,are they serious?,2
شما مجبور نیستید مانند یک پناهنده زندگی کنید,شما مجبور نیستید مانند یک پناهنده زندگی کنید,2
these news anchors are bought,these news anchors are bought,1
FOX is not news. It’s state propaganda. Israel and their corrupt government pulled our dipshit president into a war. Are we great again? LMAO. This is all MAGA’s fault!!,fox is not news its state propaganda israel and their corrupt government pulled our dipshit president into a war are we great again? lmao this is all magas fault!!,1
And he is going to do it.,and he is going to do it,1
"What an absolute mess. No plan, just chaos and loss",what an absolute mess no plan just chaos and loss,1
Taco baby taco,taco baby taco,2
"Oh, he talks so strong. I love the way. He looks so orange.",oh he talks so strong i love the way he looks so orange,2
"This is literally The Three Little Pigs story in real life geopolitics.
'Little pig, little pig ,let me come in'
'Not by the hair of my chinny chin chin'
'Then I'll huff and I'll puff and I'll blow your house down!'

But the third little pig had built his house of hypersonic missiles and drones which the wolf failed to blow down.","this is literally the three little pigs story in real life geopolitics
little pig little pig let me come in
not by the hair of my chinny chin chin
then ill huff and ill puff and ill blow your house down!

but the third little pig had built his house of hypersonic missiles and drones which the wolf failed to blow down",1
"Iran, ""we do not negotiate with terrorists""",iran we do not negotiate with terrorists,2
I thought we were doing that already.,i thought we were doing that already,1
"😂😂 Trump is real idiot, he close Stait of Hormuz, 🤦🤦🤦",trump is real idiot he close stait of hormuz,1
This is not red line Obama. Play with Mr. FAFO at your own risk. MAGA,this is not red line obama play with mr fafo at your own risk maga,1
🤣 - The Orange Idiot strikes again. He's f'd it so bad he's had to lift sanctions on Iranian oil - You can't make this sht up - he's actually increasing our energy costs whilst giving money to Iran to continue the war.,the orange idiot strikes again hes fd it so bad hes had to lift sanctions on iranian oil  you cant make this sht up  hes actually increasing our energy costs whilst giving money to iran to continue the war,1
Someone is desperate 🫵😂,someone is desperate,1
The straight of Hormuz are NOT closed if you pay Iran in Chinese currency.,the straight of hormuz are not closed if you pay iran in chinese currency,2
Anything to avoid the Epstein files,anything to avoid the epstein files,1
You guys are nonsense,you guys are nonsense,2
Maga cult members are some true idiots ..... its amazing how they make excuses for everything that orange fella does,maga cult members are some true idiots  its amazing how they make excuses for everything that orange fella does,1
Hahahahahaha Demands hahaha FNAH,hahahahahaha demands hahaha fnah,0
"What a ""fing"" idiot is the president of USA!  Propaganda network!",what a fing idiot is the president of usa!  propaganda network!,2
Serabut sial kafir ni,serabut sial kafir ni,1
Bunch of Pigs 🐖,bunch of pigs,2
"Hey Trump, you phuking dumba$$, you said you ""won the war""! Why is Iran still fighting you?... because you're a phuking liar, Low IQ dipshit!",hey trump you phuking dumba you said you won the war! why is iran still fighting you? because youre a phuking liar low iq dipshit!,2
"War crimes and I am not a sympathizer or Iran, but it needed to be done right",war crimes and i am not a sympathizer or iran but it needed to be done right,1
Give Trump his oil!,give trump his oil!,1
"Oh look, scumbag sycophants.",oh look scumbag sycophants,1
I TRUST OUR PRESIDENT 🇺🇸🇺🇸🇺🇸🇺🇸🇺🇸🇺🇸🇺🇸🇺🇸🇺🇸,i trust our president,1
Wait i thought the US won the war a week ago? What a clown.,wait i thought the us won the war a week ago? what a clown,1
Peace is important but not as important as billions or dollars,peace is important but not as important as billions or dollars,1
Ha. It was never about the Iranian people freedom. Attacking civilians infrastructures. War crimes.,ha it was never about the iranian people freedom attacking civilians infrastructures war crimes,1
Why does Trump care if China gets oil. He said you have your own oil,why does trump care if china gets oil he said you have your own oil,1
"""Thank you for your attention to this matter"" lmao savage, I'm here for it.",thank you for your attention to this matter lmao savage im here for it,1
What do we know about bullies?,what do we know about bullies?,2
"He's now buying oil from Iran, the opponent in the war. War's going great!",hes now buying oil from iran the opponent in the war wars going great!,1
Trump is reckless with our tax money.  Fox you are clueless to what the real people of America want. We the People never voted for this war,trump is reckless with our tax money  fox you are clueless to what the real people of america want we the people never voted for this war,2
Still no notable arrests for the Trumpstein child abuse case. No perverts in the White House.,still no notable arrests for the trumpstein child abuse case no perverts in the white house,1
"EVEN J.D VANCE DOESN'T SUPPORT PSYCHO TRUMP ANYMORE , THIS IS A WAKE UP CALL FOR ALL AMERICANS IMPEACH THAT CRAZY SOB BEFORE HE START WWIII , THE MAN IS FKG NUTS",even jd vance doesnt support psycho trump anymore  this is a wake up call for all americans impeach that crazy sob before he start wwiii  the man is fkg nuts,1
"A billion dollars a day for Mr war crimes himself, Netanyahu",a billion dollars a day for mr war crimes himself netanyahu,1
"Depending if Trump goes ahead with this. Depending on the damage, this could ruin Iran financially and take them back to trading with sheep.",depending if trump goes ahead with this depending on the damage this could ruin iran financially and take them back to trading with sheep,1
Fake news,fake news,1
"Went in because Izzy told us to....now American soliders have died. There is NO plan, there will be no regime change for the Iranian people (which was supposed to be the point in the first place), but now....we dont even know why tf we're there!! We are infiltrated by Izzy & Bibi and its absolutely DISGUSTING!!! So I guess the bombing last year was a complete LIE!!",went in because izzy told us tonow american soliders have died there is no plan there will be no regime change for the iranian people which was supposed to be the point in the first place but nowwe dont even know why tf were there!! we are infiltrated by izzy  bibi and its absolutely disgusting!!! so i guess the bombing last year was a complete lie!!,1
"With this president, the enemy needs no intel service.",with this president the enemy needs no intel service,1
"Hey Americans, it's time to finally wake up! Your lying preacher is driving the whole world crazy, and no one is seriously trying to stop this low-class blatherer. This is dangerous not only for the mullahs, but for the rest of the world as well.",hey americans its time to finally wake up! your lying preacher is driving the whole world crazy and no one is seriously trying to stop this lowclass blatherer this is dangerous not only for the mullahs but for the rest of the world as well,2
"Trump, you gave  to Iran 48 hours.😆😆😆 Let's see what happens after 4800000 hours.",trump you gave  to iran 48 hours lets see what happens after 4800000 hours,2
Don the con is a clown,don the con is a clown,1
If you are not opening the strait in 48 hours we will give another 48 hours to you to reopen😂😂😂,if you are not opening the strait in 48 hours we will give another 48 hours to you to reopen,2
The easiest target to takeout in any country is its power grid. All that is requires is a few pylon hangers here and there. But it's a two edged sword. Destroying power plants is criminal behaviour.,the easiest target to takeout in any country is its power grid all that is requires is a few pylon hangers here and there but its a two edged sword destroying power plants is criminal behaviour,1
oh no trumpy trump trump said blah blah blah.,oh no trumpy trump trump said blah blah blah,1
Buy Alberta and Saskatchewan Oil 🛢️🛢️,buy alberta and saskatchewan oil,0
"Que pena escuchar a estos comentaristas y ""analistas"" de pacotillas que desinforman más que informar la realidad de lo que realmente aconteconteces; con lo cual se auto marginan y desvaloran profesionalmente...

No vale la pena invertir tiempo escuchándolos ....","que pena escuchar a estos comentaristas y analistas de pacotillas que desinforman más que informar la realidad de lo que realmente aconteconteces con lo cual se auto marginan y desvaloran profesionalmente

no vale la pena invertir tiempo escuchándolos",1
"I demand one million dollars within 48 hours or else. See, I can make pointless demands too.",i demand one million dollars within 48 hours or else see i can make pointless demands too,2
"Attacking their nuclear power stations will cause a massive humanitarian disaster, and possible nuclear retaliation. American people are irrelevant to Trump, and considered collateral damage as he seeks to avoid accountability at all costs. American troupes too are irrelevant to him.",attacking their nuclear power stations will cause a massive humanitarian disaster and possible nuclear retaliation american people are irrelevant to trump and considered collateral damage as he seeks to avoid accountability at all costs american troupes too are irrelevant to him,2
"Americans, the stupidest people of the 21st century",americans the stupidest people of the 21st century,2
Trump should call on the Hungarian army to unblock the Strait of Hormuz,trump should call on the hungarian army to unblock the strait of hormuz,1
"Trump said he bombed Iran's entire Air Force, all missiles and all ships, yet he asks for help, what are you waiting for, you clown, help from China 🤔",trump said he bombed irans entire air force all missiles and all ships yet he asks for help what are you waiting for you clown help from china,1
"donnie also promised to release his taxes, the trump-epstein files, ...... well, you get the idea....unless, of course, you're one of his idiot followers who can't see the forest......but, I digress.....",donnie also promised to release his taxes the trumpepstein files  well you get the ideaunless of course youre one of his idiot followers who cant see the forestbut i digress,1
"Reading these posts its shocking how many have TDS.  
It's like a virus that makes you stupid.","reading these posts its shocking how many have tds  
its like a virus that makes you stupid",1
Trump is a pedoph*le,trump is a pedophle,2
How many times can you obliterate a country. What a MORON,how many times can you obliterate a country what a moron,2
GOD WINS ALWAYS 🙏🙏🙏🙏,god wins always,1
"the war machine,  monopolies will be exposed with their overpriced 90s missles",the war machine  monopolies will be exposed with their overpriced 90s missles,1
"Unfortunately, Trump doesn't realise he's dealing with Iran and Hezbollah.
Centuries of conflict.
They never give in.
Cells of followers around the world 😮
Trump,a spoilt man child has put the world at risk because he's very intelligently stupid 😮😮
That's why he's also surrounded himself with people of the same ilk 😮😮","unfortunately trump doesnt realise hes dealing with iran and hezbollah
centuries of conflict
they never give in
cells of followers around the world 
trumpa spoilt man child has put the world at risk because hes very intelligently stupid 
thats why hes also surrounded himself with people of the same ilk",1
Demands...😅,demands,0
he gave iran less sanctions,he gave iran less sanctions,1
The blonde is pretty ❤❤,the blonde is pretty,1
"Trump, the destroyer of worlds with a noble peace price...",trump the destroyer of worlds with a noble peace price,1
"president trump visits🪖🚧👷‍♂️ pennsylvania(12/9/25)💛🖤
steel valley, pa (steel mill jobs)

2025 pittsburgh steelers
⚠️def. coach mike mccarthy🙏🏻
🚧#41 peyton wilson lb 🥷109 tkls
🚧#6 patri. queen lb🏎💨120 tkls
🚧#56 highsmith lb☠️9.5 sacks
🚧#90 tj watt lb🐐
🚧#94 yahya black de🦍
🚧#99 derrick harmon dt🦍
🚧#97 cam heyward de🦍
🚧#22 asante samuel jr. cb🔓
🚧#24 joey porter jr cb🔓
🚧#5 jalen ramsey s🚚
🚧#40 jabril peppers s🚚

the pittsburgh steelers only had one losing season from 2000-2024 (03')🏈🚧","president trump visits pennsylvania12925
steel valley pa steel mill jobs

2025 pittsburgh steelers
def coach mike mccarthy
41 peyton wilson lb 109 tkls
6 patri queen lb120 tkls
56 highsmith lb95 sacks
90 tj watt lb
94 yahya black de
99 derrick harmon dt
97 cam heyward de
22 asante samuel jr cb
24 joey porter jr cb
5 jalen ramsey s
40 jabril peppers s

the pittsburgh steelers only had one losing season from 20002024 03",1
"Lmao start a war now begging like a stray lol, this wasn't Israel, this was trump trying to extend his stay, and also get away from being a rapist.......im glad Israel has his balls in a vice grip....... hope they do the same to Baron the Birthright!!!!!!",lmao start a war now begging like a stray lol this wasnt israel this was trump trying to extend his stay and also get away from being a rapistim glad israel has his balls in a vice grip hope they do the same to baron the birthright!!!!!!,1
I think I saw  the puppeteers (Trump) hands working those newscaster marionettes !,i think i saw  the puppeteers trump hands working those newscaster marionettes !,1
"Trump is a Draft dodger, child rapist piece of 💩",trump is a draft dodger child rapist piece of,2
"Yesterday winning, today winning , tommorow winning.. 😂",yesterday winning today winning  tommorow winning,1
I thought we already won.,i thought we already won,1
LOL. YOU PEOPLE ARE A JOKE!,lol you people are a joke!,1
"""It's All About The Peace"" Says Jason Chaffetz

Yeah, I Can Feel The Peace Oozing Everywhere.","its all about the peace says jason chaffetz

yeah i can feel the peace oozing everywhere",1
Trump has failed to understand their psychology and mindset.,trump has failed to understand their psychology and mindset,1
"So if he says Iran is obliterated, no Air Force, no Navy, most military leaders taken out then why is the straight closed? Why does he ask Iran to open the straight when they have no effective military?",so if he says iran is obliterated no air force no navy most military leaders taken out then why is the straight closed? why does he ask iran to open the straight when they have no effective military?,1
Open sez me! Idiot trumpholio! Dumfuks on fux news!,open sez me! idiot trumpholio! dumfuks on fux news!,2
"America 😮
You certainly have picked a pickled pepper.
Hot, acidic and leaves a bad taste 😮
America, in short have a man child as a leader.
A very, very, spoilt brat 😮
I wish the normal sane people of America, good luck.
You're all gonna need it 🙏🙏","america 
you certainly have picked a pickled pepper
hot acidic and leaves a bad taste 
america in short have a man child as a leader
a very very spoilt brat 
i wish the normal sane people of america good luck
youre all gonna need it",2
Trumpstein 🤢🤮,trumpstein,2
Epstein files - put them all out,epstein files  put them all out,1
Operation Epic Failure 🤣,operation epic failure,1
"Trump has called NATO members cowards 😮
Is Trump on the front lines of the conflict?
No. He's a coward with a big military stick.
Unfortunately the American people are paying the price for this unstable person.
Foremost, his promises to the American people haven't materialised.
Fiscal policy has gone out of the window.
The peace maker has become a war lord and the only ones who are going to face the long term consequences is the American people 😮😢","trump has called nato members cowards 
is trump on the front lines of the conflict?
no hes a coward with a big military stick
unfortunately the american people are paying the price for this unstable person
foremost his promises to the american people havent materialised
fiscal policy has gone out of the window
the peace maker has become a war lord and the only ones who are going to face the long term consequences is the american people",2
Iran just figured out how to track and shoot down F-35s so I think I hear them laughing at Trump right now. It is time to sell your US T-bills.,iran just figured out how to track and shoot down f35s so i think i hear them laughing at trump right now it is time to sell your us tbills,1
What blatant ignorance! You have to be pretty stupid to fall for it.,what blatant ignorance! you have to be pretty stupid to fall for it,2
Trump . . . Open the strait of Hormuz within 48 hours or I will hold my breath until my face turns blue.   You have been warned.  I’ve just been kidding around up to this point.,trump    open the strait of hormuz within 48 hours or i will hold my breath until my face turns blue   you have been warned  ive just been kidding around up to this point,2
""" ´Cause I didn´t mean to hurt him
  Coulda been somebody´s son."" Who's that?","cause i didnt mean to hurt him
  coulda been somebodys son whos that?",1
What am I watching???  Y’all don’t have a clue. 🕵️,what am i watching???  yall dont have a clue,1
I have a feeling that Trumps red line will be a parallel opposite to Obamas red line in Syria,i have a feeling that trumps red line will be a parallel opposite to obamas red line in syria,1
Trump signs new law banning all anti-semitic missiles.,trump signs new law banning all antisemitic missiles,1
OBEY.  IRAN DOES NOT CARE HOW MUCH DESTRUCTION THEY SUFFER.  REPARATIONS TO PAY FOR IT IS ALREADY IN PLACE.  HOW MUCH ENRICHED URANIUM WAS ONSITE AT THE GIRLL’S SCHOOL YOU “OBLITERATED”.  Sequential missiles.  Two Tomahawks against unarmed little girls.  Really?  War criminal.,obey  iran does not care how much destruction they suffer  reparations to pay for it is already in place  how much enriched uranium was onsite at the girlls school you obliterated  sequential missiles  two tomahawks against unarmed little girls  really?  war criminal,1
Wow,wow,1
"The master 'dealmaker' just lifted sanctions on Iran and the Iranians said they don't even care about them.
He truly is one of the dealmakers of all times.","the master dealmaker just lifted sanctions on iran and the iranians said they dont even care about them
he truly is one of the dealmakers of all times",1
United States will do nothing just like they're doing now,united states will do nothing just like theyre doing now,1
Trump is desperate with treats like this.,trump is desperate with treats like this,2
I'm surprised to see so many Fox News viewers unhappy with Trump. I thought all of yall were brainwashed beyond repair. Glad to see I might have been wrong.,im surprised to see so many fox news viewers unhappy with trump i thought all of yall were brainwashed beyond repair glad to see i might have been wrong,1
"That'll show them! If not, he might need to go so far as to ban Iran from the World Cup.",thatll show them! if not he might need to go so far as to ban iran from the world cup,1
"US produce weak blood. First Japan, then Vietnam, then Afghanistan and now Iran.
All this with the highest military spending in the world. Such losers.😂","us produce weak blood first japan then vietnam then afghanistan and now iran
all this with the highest military spending in the world such losers",
these types are illegal and aren't supposed to be yet alone be in charge of anyone,these types are illegal and arent supposed to be yet alone be in charge of anyone,
Now I'm going to make stuff really dwelling precise and accurate to wherever there is a problem,now im going to make stuff really dwelling precise and accurate to wherever there is a problem,
how pathetic these other countries are for not helping they should be ashamed.,how pathetic these other countries are for not helping they should be ashamed,
"We can pound Iran to a pile of sand…the regime will not “surrender”.  The regime is in a corner with all options leading to one outcome.  They would rather go down in a hail of bullets, destroying the country vs surrender.",we can pound iran to a pile of sandthe regime will not surrender  the regime is in a corner with all options leading to one outcome  they would rather go down in a hail of bullets destroying the country vs surrender,
Where are all the boot lickers in the comments praising Donald Trump?,where are all the boot lickers in the comments praising donald trump?,
Fox News is mostly LIES!,fox news is mostly lies!,
"the world should ask for reparations from the USA for the illegal war.

UK - $5 trillion.
EU  $25 trillion
Ukraine $10 trillion
Iran $5 trillion
Greenland $1 trillion
Canada $7.5 trillion.

ET etc","the world should ask for reparations from the usa for the illegal war

uk  5 trillion
eu  25 trillion
ukraine 10 trillion
iran 5 trillion
greenland 1 trillion
canada 75 trillion

et etc",
"President Trump is a Biblical Act of God. That's why all Democrats hate him, and us.",president trump is a biblical act of god thats why all democrats hate him and us,
trump dont care if any iranian neighbor get hit by iranian missile,trump dont care if any iranian neighbor get hit by iranian missile,
Disenfranchised Republicans join the NoKings Event on March 28th near you! You caused the problem now stand up and fix it!,disenfranchised republicans join the nokings event on march 28th near you! you caused the problem now stand up and fix it!,
NOBODY IS AFFRAID OF TRUMP EVEN KNOW HE'S A PSYCHO MANIAC THE WORLD IS LAUGHING AT HIM BECAUSE THE MAN IS A  FKG IDIOT,nobody is affraid of trump even know hes a psycho maniac the world is laughing at him because the man is a  fkg idiot,
Israel stealing more land killing more children. They’ve been doing this since 1917.  And they think they’re the chosen people. I guess they forgot what GOD not Netanyahu is all about. Remember there is another place call hell.,israel stealing more land killing more children theyve been doing this since 1917  and they think theyre the chosen people i guess they forgot what god not netanyahu is all about remember there is another place call hell,
Victory to Iran,victory to iran,
Bibi....!?   What do I do now?,bibi!?   what do i do now?,
"Nice go ahead,you guys are shameless",nice go aheadyou guys are shameless,
"Iranians now need to step up and defend their rights for freedom, get to it!!!",iranians now need to step up and defend their rights for freedom get to it!!!,
Let's double down on stupid.,lets double down on stupid,
Will not be so fun when Iran can take out the whole regions power stations and oil fields.    😁😅📈🤔👍📈🛢,will not be so fun when iran can take out the whole regions power stations and oil fields,
as i said Iran doesn't give a  crap what Trump wants,as i said iran doesnt give a  crap what trump wants,
Moron,moron,
Trump the buffoon knows he massively underestimated iran,trump the buffoon knows he massively underestimated iran,
You have a child rapist President,you have a child rapist president,
Oh don't forget he's the world's biggest pathological liar,oh dont forget hes the worlds biggest pathological liar,
😂 foxy,foxy,
FBI interviews..Trump hits 13 year old girl for biting his mushroom as he tries to sexually assault her...girl from Epstein allegedly,fbi interviewstrump hits 13 year old girl for biting his mushroom as he tries to sexually assault hergirl from epstein allegedly,
"Pete Hegseth said ''Strait of Hormuz is OPEN'...apart from the fact that Iran shoots at the boats""",pete hegseth said strait of hormuz is openapart from the fact that iran shoots at the boats,
"Trump to the Iranian people... ""Help is underway""
Explain to me MAGA Morons How You Help People By Destroying Their Utilities???","trump to the iranian people help is underway
explain to me maga morons how you help people by destroying their utilities???",
"So,he is going going to commit war crimes in our name. Did God tell him,or did someone tickle the Epstein class button.This is what happens when you elect a deranged self centred monster.He has turned every nation against us, apart from his Israeli boss,
Utter fkn disgrace to humanity.","sohe is going going to commit war crimes in our name did god tell himor did someone tickle the epstein class buttonthis is what happens when you elect a deranged self centred monsterhe has turned every nation against us apart from his israeli boss
utter fkn disgrace to humanity",
What do you expect when you have a paedofile rapist fraudster for a President   ?,what do you expect when you have a paedofile rapist fraudster for a president   ?,
Hey Donald!  Back the f out you Israeli d*g!  This is not America's fight.  Slap that leash out of Netanyahu's hand you b.,hey donald!  back the f out you israeli dg!  this is not americas fight  slap that leash out of netanyahus hand you b,
Be careful what you post. ON THIS SITE. ANY NEGATIVE COMMENTS. WILL PUT YOUR PC AT RISK,be careful what you post on this site any negative comments will put your pc at risk,
He does this hes Fooked ! Simple,he does this hes fooked ! simple,
Hope Israel has plenty of bottled water because they're going to need it soon.,hope israel has plenty of bottled water because theyre going to need it soon,
"Why? US does not need Strait of Hormuz, right. Whats the urgency?",why? us does not need strait of hormuz right whats the urgency?,
Operation Epstein Obfuscation,operation epstein obfuscation,
le capricieux Donald Trump et ses copains les frères Mickey 😂,le capricieux donald trump et ses copains les frères mickey,
We do what we have to do .It is how I like President Trump,we do what we have to do it is how i like president trump,
Trump supporters have Boot Licker Syndrome,trump supporters have boot licker syndrome,
Fox News will pay the consequences for this.,fox news will pay the consequences for this,
There is only one way out of this. Nuke the entire country of Iran,there is only one way out of this nuke the entire country of iran,
"Inept, ridiculous and ignorant. He has not even learned anything from these three weeks of his special military operation influenced by Bibi. 🤡",inept ridiculous and ignorant he has not even learned anything from these three weeks of his special military operation influenced by bibi,
This the first time I’ve watch a Fox News video in years. Do people actually watch this trash?,this the first time ive watch a fox news video in years do people actually watch this trash?,
"47 years everyone ignored Iranian regime, and many presidents told Iranian “ Don’t” . The only President who is wise it’s going to finish this evil regime 😘🙏🩷May God protect our troops and protect Israel ✝️❤️🙏🩷",47 years everyone ignored iranian regime and many presidents told iranian  dont  the only president who is wise its going to finish this evil regime may god protect our troops and protect israel,
TRUMP HAS WON THE WAR Spread the word,trump has won the war spread the word,
the orange conman thinks he can make demands of the persian empire. he cannot defeat the persian empire. he is a loser.,the orange conman thinks he can make demands of the persian empire he cannot defeat the persian empire he is a loser,
"Beyond the broader principle, the issue is not limited to Kharg Island. It also includes Kish, a number of smaller islets, and even islands internationally recognized as Emirati territory but still held by Iran. If control over these positions were to shift, Iran would face a severe strategic setback. Such an outcome would not only weaken its regional posture but also allow the United States to impose a decisive psychological and operational advantage, shaping perceptions of victory.",beyond the broader principle the issue is not limited to kharg island it also includes kish a number of smaller islets and even islands internationally recognized as emirati territory but still held by iran if control over these positions were to shift iran would face a severe strategic setback such an outcome would not only weaken its regional posture but also allow the united states to impose a decisive psychological and operational advantage shaping perceptions of victory,
Children all over the world need to learn that threatening and using violence is often not the best way to achieve your goals.,children all over the world need to learn that threatening and using violence is often not the best way to achieve your goals,
Trump lost in between Epstn island and Hormuz straight in his infamous Operation Epstein Furry,trump lost in between epstn island and hormuz straight in his infamous operation epstein furry,
Republicans and democrats block the 200 billion for the stupid war.,republicans and democrats block the 200 billion for the stupid war,
"Most of the US military voted for Trump. They are now in the ""find out"" phase of FAFO.",most of the us military voted for trump they are now in the find out phase of fafo,
"Is they oil, they can do whatever they want.  😂😂😂",is they oil they can do whatever they want,
King Tacos deadline from 2wks to 2days what's next the 2min warning at least he didn't give the tariff threat.. yet 🤡,king tacos deadline from 2wks to 2days whats next the 2min warning at least he didnt give the tariff threat yet,
That is absolutely insane. This administration is out of control and needs to be stopped.,that is absolutely insane this administration is out of control and needs to be stopped,
Does anybody on Fox or this administration have a brain. This is how you fight a war.? No plan just make threats. God help us.,does anybody on fox or this administration have a brain this is how you fight a war? no plan just make threats god help us,
trump exposed on the KATIE JOHNSON video,trump exposed on the katie johnson video,
"Donald, you’re here to overthrow the Iranian regime. If you attack the power stations, you’ll be targeting the Iranian people and committing war crimes.",donald youre here to overthrow the iranian regime if you attack the power stations youll be targeting the iranian people and committing war crimes,
May be China s message through the detection of F35 and the new launched missiles was not a clear message yet! Keep trying to collapse the Chinese economy and wait for their response. Have we learn anything from the proxy war in Ukraine?,may be china s message through the detection of f35 and the new launched missiles was not a clear message yet! keep trying to collapse the chinese economy and wait for their response have we learn anything from the proxy war in ukraine?,
Such pawns fox news is,such pawns fox news is,
Stop war drink eaat is stoped. .mental .treat in hospital,stop war drink eaat is stoped mental treat in hospital,
Why didnt he just demand it earlier lol,why didnt he just demand it earlier lol,
FAFO.,fafo,
Well that would be a war crime Donald. Hospitals need electricity Donald. Smh,well that would be a war crime donald hospitals need electricity donald smh,
Isn't this a war crime? Shouldn't they send a arrest warrant for a war criminal?,isnt this a war crime? shouldnt they send a arrest warrant for a war criminal?,
demand? !!go demand your wife...clown lol,demand? !!go demand your wifeclown lol,
Oh and trump wants to help the people of iran just shows how reckless this charlie uniform november tango is,oh and trump wants to help the people of iran just shows how reckless this charlie uniform november tango is,
Taco'd around and found out,tacod around and found out,
Any American who still believes what Trump and his puppets say are beyond help...,any american who still believes what trump and his puppets say are beyond help,
Fox is praising Trump for tweeting out a war crime threat!Please somebody from fox respond and let me know what da Hell is wrong with you!,fox is praising trump for tweeting out a war crime threat!please somebody from fox respond and let me know what da hell is wrong with you!,
Trump seems to think he has clout. The world has rejected him.,trump seems to think he has clout the world has rejected him,
FORCE it open !,force it open !,
"We are all paying for this baffoons blunder. He and his rich buddies however are reaping the benefits, especailly Putin who prior to this Iranian blunder was making less than 30 bucks below market on their oil. Now Trump ""the moron"" lifts sauctions on Russian oil to alleviate the global market price spike and he (Putin) is now making 200 million a day. LOL. Putin is sitting back laughing at the old man.",we are all paying for this baffoons blunder he and his rich buddies however are reaping the benefits especailly putin who prior to this iranian blunder was making less than 30 bucks below market on their oil now trump the moron lifts sauctions on russian oil to alleviate the global market price spike and he putin is now making 200 million a day lol putin is sitting back laughing at the old man,
"Brilliant observation from Martin Armstrong....""...It looks like this will get crazier for the next two weeks. Trump is going to get a lesson in market behavior.....""",brilliant observation from martin armstrongit looks like this will get crazier for the next two weeks trump is going to get a lesson in market behavior,
Without power wouldn't be good at all. Very dangerous then,without power wouldnt be good at all very dangerous then,
Taco isn't giving them his famous 2 weeks? No American  i know is supporting this republican war,taco isnt giving them his famous 2 weeks? no american  i know is supporting this republican war,
"Trump demands it by lifting oil sanction on Iran... big Fff Joke.
I shoot you on this side and you give the world oil on the other side.","trump demands it by lifting oil sanction on iran big fff joke
i shoot you on this side and you give the world oil on the other side",
You know Trump is in the wrong when a foxnews video is full with complains about his actions 😅,you know trump is in the wrong when a foxnews video is full with complains about his actions,
wow a president threatening a any country with the blunt application of war crimes should be impeached asap,wow a president threatening a any country with the blunt application of war crimes should be impeached asap,
Trump said several times that Iran was already obliterated... Does he even know what the word means??,trump said several times that iran was already obliterated does he even know what the word means??,
2+billion they want for a war to cover up the trumpstein files is insane,2billion they want for a war to cover up the trumpstein files is insane,
trumps brainfarting at an alarming rate😂😂😂,trumps brainfarting at an alarming rate,
"An Iranian here, 
the regime that kills their own people doesn't care about infrastructure","an iranian here 
the regime that kills their own people doesnt care about infrastructure",
Have my check ready soon you worthless idiot,have my check ready soon you worthless idiot,
Treason  ... trump exucuted Americans on our streets  ...,treason   trump exucuted americans on our streets,
"Stupid and idiot President. No body listen to you anymore, idiot !!",stupid and idiot president no body listen to you anymore idiot !!,
Psychopath,psychopath,
"The 🤡 is getting desperate ... but wait, isn't his nicknamed TACO for a reason 😂😂😂😂😂😂😂",the  is getting desperate  but wait isnt his nicknamed taco for a reason,
USA and Israel want to enslave the whole world. They must be stopped by ANY means.,usa and israel want to enslave the whole world they must be stopped by any means,
"A brilliant idea by a brilliant president, let's see how that works out",a brilliant idea by a brilliant president lets see how that works out,
Sounds like a petulant child have another temper tantrum.  Time to hide the Ketchup bottles,sounds like a petulant child have another temper tantrum  time to hide the ketchup bottles,
Donald you see it is more mess than you anticipated right?... I know,donald you see it is more mess than you anticipated right? i know,
"Just so you know, bombing power plants is a war crime. Don’t expect Fox News to be honest with you about that though.",just so you know bombing power plants is a war crime dont expect fox news to be honest with you about that though,
So  America are now committing war crimes in plain sight,so  america are now committing war crimes in plain sight,
No one should be president over 60 years old EVER,no one should be president over 60 years old ever,
Trump is a joke! 😂😂😂😂😂,trump is a joke!,
Trump will go down in history as the country's most incompetent president and a friend of Putin and Epstein. He will lead the Republican Party to ruin.,trump will go down in history as the countrys most incompetent president and a friend of putin and epstein he will lead the republican party to ruin,
Yawn!,yawn!,
I didn’t think negative iq was a thing but maga proved me wrong lol we are so cooked,i didnt think negative iq was a thing but maga proved me wrong lol we are so cooked,
"""Thank goodness president Trump is running this""... Wat 🥴",thank goodness president trump is running this wat,
WAF 🐶WAF🐶 WAF🐶 WAF 🐶 and thank you 4 your attention. 😂,waf waf waf waf  and thank you 4 your attention,
Trump and Netanyahu started all this....,trump and netanyahu started all this,
"So we already won and if Iran doesn’t have any missiles anymore, and has no military, and has no navy, then how the hell are they able to keep attacking Tel Aviv daily as well as close the strait of Hormuz?",so we already won and if iran doesnt have any missiles anymore and has no military and has no navy then how the hell are they able to keep attacking tel aviv daily as well as close the strait of hormuz?,
"NO KINGS III NATIONWIDE MARCH 28, 2026",no kings iii nationwide march 28 2026,
You heard the orange madman!!! Better had obey iran!!!! We can and will blow your butts up!!!! The entire nation wants to commit mass suicide fighting the US???? Its your deaths!!??,you heard the orange madman!!! better had obey iran!!!! we can and will blow your butts up!!!! the entire nation wants to commit mass suicide fighting the us???? its your deaths!!??,
How can you laugh?,how can you laugh?,
"The Strait of Hormuz is fully open but not if you keep attacking Iran, simples.",the strait of hormuz is fully open but not if you keep attacking iran simples,
Did Trump not say that Hormuz isnt important and China and Japan should solve it alone?,did trump not say that hormuz isnt important and china and japan should solve it alone?,
Best way to make radical islamists understand is  hit them wih big weapons.,best way to make radical islamists understand is  hit them wih big weapons,
"Tactics of a 5 year old. You never tell your enemies what you are going to do. 

Looks good on twitter though I suppose. 

The Allies would happily help America if the president wasn’t a moron.","tactics of a 5 year old you never tell your enemies what you are going to do 

looks good on twitter though i suppose 

the allies would happily help america if the president wasnt a moron",
stick it up yr,stick it up yr,
You idiots make me sick with your bulshit,you idiots make me sick with your bulshit,
"Bombing civilian infrastructure can be considered a war crime if it is carried out indiscriminately, disproportionately, or without military necessity.",bombing civilian infrastructure can be considered a war crime if it is carried out indiscriminately disproportionately or without military necessity,
Your buddy the president is a bigger idiot than the CEO of Fox,your buddy the president is a bigger idiot than the ceo of fox,
Trump still doesn't understand that Iran is very happy for Trump to keep going up the escalation ladder. Iran's best weapon is to make sure America are Israel don't come back a third time and it's best military weapon against a superpower is to create regional and world economic instability to cause Trump a world of political pain.,trump still doesnt understand that iran is very happy for trump to keep going up the escalation ladder irans best weapon is to make sure america are israel dont come back a third time and its best military weapon against a superpower is to create regional and world economic instability to cause trump a world of political pain,
Even the Iranians are smarter than this dumb bastard,even the iranians are smarter than this dumb bastard,
"The president has shared the plan ❤He does not have to, he need not everyone must note In all the scheme of things Iran should simply listen to the US",the president has shared the plan he does not have to he need not everyone must note in all the scheme of things iran should simply listen to the us,
Come Open It Talmudists.,come open it talmudists,
"Failing to open the Strait of Hormuz soon will lead to great opposition of the world. Trump only thinks in governments, not in people. And people, estimated 5 to 7 billion asking AI, are affected by higher petrol/diesel prices, more expensive electricity/heating and Increased transport costs. People care about their daily life again. We're fatigued by this war.",failing to open the strait of hormuz soon will lead to great opposition of the world trump only thinks in governments not in people and people estimated 5 to 7 billion asking ai are affected by higher petroldiesel prices more expensive electricityheating and increased transport costs people care about their daily life again were fatigued by this war,
"America's Foreign Policy Failures : Vietnam, Iraq, Aghanistan, Bay of Pigs, Iran Revolution 1979, Somalia, Libya etc, etc. Don't you ever learn and wonder why hundreds of millions of people hate you.  Trumps Foreign Policy : Threaten and If that doesn't work.... Bomb ... and if that doesn't work.... blame and leave the mess for others to deal with. Do some research Fox News !!",americas foreign policy failures  vietnam iraq aghanistan bay of pigs iran revolution 1979 somalia libya etc etc dont you ever learn and wonder why hundreds of millions of people hate you  trumps foreign policy  threaten and if that doesnt work bomb  and if that doesnt work blame and leave the mess for others to deal with do some research fox news !!,
"Who are the terrorists? America is, and I supported Trump earlier.",who are the terrorists? america is and i supported trump earlier,
trump is a loser tanking American economy,trump is a loser tanking american economy,
Are these commentators living in an alternative reality?,are these commentators living in an alternative reality?,
Operation epic FAFO,operation epic fafo,
"Pakistan should ally up with the US and invade Iran via its shared border.
The Pakistan Army, with US air support, could then take all of the Iranian coastline from the Gulf of Oman up to the outskirts of Basrah on the Persin Gulf therefore securing the entire area.
USA All the Way!","pakistan should ally up with the us and invade iran via its shared border
the pakistan army with us air support could then take all of the iranian coastline from the gulf of oman up to the outskirts of basrah on the persin gulf therefore securing the entire area
usa all the way!",
Smash them 🇺🇸☝️,smash them,
It was always in the back of their minds to hit it.,it was always in the back of their minds to hit it,
What does he think?? Does he think Iran roll over and listen to him? He is a toddler…he has gotten us into a war we won’t get out of,what does he think?? does he think iran roll over and listen to him? he is a toddlerhe has gotten us into a war we wont get out of,
"The issue needs Leaders of Nations globally to consider establishing God's Promised Land as per the Biblical reference NUMBERS Chapter 34 and LEVITICUS Chapter 25 which would bring PEACE by slight relocation of affected persons to meet God's purpose be done. If this is not considered, I would say ""Zero"" possibility for a permanent solution to STOP war.",the issue needs leaders of nations globally to consider establishing gods promised land as per the biblical reference numbers chapter 34 and leviticus chapter 25 which would bring peace by slight relocation of affected persons to meet gods purpose be done if this is not considered i would say zero possibility for a permanent solution to stop war,
"If Trump bombs their power plants, that will be disastrous for all the civilians he wanted to ""save"".",if trump bombs their power plants that will be disastrous for all the civilians he wanted to save,
You caused all these problems. Never forget that. He is now threatening to take Greenland and Cuba. What a mess.,you caused all these problems never forget that he is now threatening to take greenland and cuba what a mess,
Trumpederast es un hijo de put4,trumpederast es un hijo de put4,
What can he do in 48 hours that he can't do now?,what can he do in 48 hours that he cant do now?,
Foxaganda,foxaganda,
The pundits on Fox are indeed WhiteHouse cheerleaders.,the pundits on fox are indeed whitehouse cheerleaders,
This war needs to stop now. He is a billionaire and doesn't care if what he does will increase living costs. Shame on fox news for constantly praising this lunatic.,this war needs to stop now he is a billionaire and doesnt care if what he does will increase living costs shame on fox news for constantly praising this lunatic,
"As if!!!!!! TRUMPLE and HOGSBREATH must have got their military advice from fox news, a total disaster that just shows Americans as arrogant.",as if!!!!!! trumple and hogsbreath must have got their military advice from fox news a total disaster that just shows americans as arrogant,
I will smile when Iran destroys Israel's desalination plant. Then they will slowly be wiped out. Let's go Iran!!!,i will smile when iran destroys israels desalination plant then they will slowly be wiped out lets go iran!!!,
This is escalating to a ground action. The ultimatum is theatre. Power will be denied to the enemy before boots hit the ground. 😎🇺🇸🇮🇱,this is escalating to a ground action the ultimatum is theatre power will be denied to the enemy before boots hit the ground,
The bible warns us about evil men like trump,the bible warns us about evil men like trump,
I can't believe this imbecile is ruining the entire world!!!😮,i cant believe this imbecile is ruining the entire world!!!,
All these dipshit news casters talking heads what a waste.,all these dipshit news casters talking heads what a waste,
America announcing that in 48hours it will commit a war crime. 🤯,america announcing that in 48hours it will commit a war crime,
"These idiots are trying to hide the obvious foolishness coming out of their mouths. 

Producers of Fox News are an absolute joke for forcing these reporters to say things they clearly don’t want to believe. 

As an Australian the US are the most despised country in the world right now, for starting a war that has had negative ripple effects around the world.","these idiots are trying to hide the obvious foolishness coming out of their mouths 

producers of fox news are an absolute joke for forcing these reporters to say things they clearly dont want to believe 

as an australian the us are the most despised country in the world right now for starting a war that has had negative ripple effects around the world",
As if they’re going to take notice of an orange clown 🤡,as if theyre going to take notice of an orange clown,
"448-page report by MUELLER: WHILE THIS REPORT DOES NOT CONCLUDE THAT TRUMP COMMITTED A CRIME, IT ALSO DOES NOT ACQUIT HIM!!!
TRUMP: I HAVE BEEN COMPLETELY EXONERATED!!","448page report by mueller while this report does not conclude that trump committed a crime it also does not acquit him!!!
trump i have been completely exonerated!!",
Hahah why can’t he force Iran if he destroyed them ?,hahah why cant he force iran if he destroyed them ?,
"win win win， America win big
🎉🎉🎉",win win win america win big,
Operation Epic Stupidity,operation epic stupidity,
Yall voted for this we would’ve been better off with Kamala at this point,yall voted for this we wouldve been better off with kamala at this point,
"why hasnt anyone taken dumpy trumpy out yet, he is a clear and present danger. iran will do it, its slowly strangling him. and for the fools who voted for him, is america great yet? nato will not help you whilst this dickhead runs your country. fdc americans",why hasnt anyone taken dumpy trumpy out yet he is a clear and present danger iran will do it its slowly strangling him and for the fools who voted for him is america great yet? nato will not help you whilst this dickhead runs your country fdc americans,
Liars puppets show😅,liars puppets show,
"I don't understand how anyone can believe Fox news. The first thing democrats need to do is change the FCC rules on news organizations. Misinformation needs to be eliminated on news organizations. If you watch international news, they tell a completely different story.",i dont understand how anyone can believe fox news the first thing democrats need to do is change the fcc rules on news organizations misinformation needs to be eliminated on news organizations if you watch international news they tell a completely different story,
Tucker Carlson resigned from this Fox 🦊 news 🗞️ because he is honest man.,tucker carlson resigned from this fox  news  because he is honest man,
Hahahahaha Hahahahaha Hahahahaha,hahahahaha hahahahaha hahahahaha,
Is his stomping his feet and throwing things yet?,is his stomping his feet and throwing things yet?,
Ce dommage que la balle n' lui pas touché le cervelle,ce dommage que la balle n lui pas touché le cervelle,
"Americans, Europeans, Israelis, and Saudi Arabs need to understand that an independent Kurdistan is necessary. When Iran and Türkiye build nuclear bombs, who among you will be safe?",americans europeans israelis and saudi arabs need to understand that an independent kurdistan is necessary when iran and türkiye build nuclear bombs who among you will be safe?,
Go USA❤Thank you President Trump.,go usathank you president trump,
"How about the American People give Donny 48hrs to 
RELEASE THE TRUMP FILES!
🤨😡😤🤬😠🤨🤬🤨😤😠","how about the american people give donny 48hrs to 
release the trump files!",
I’m glad I didn’t vote for him,im glad i didnt vote for him,
😅😅😅😅😂😂😂😂 Let's see who blinks. TACO  or those that are looking forward to being martyred?,lets see who blinks taco  or those that are looking forward to being martyred?,
"Trump said soldiers are suckers and losers. Trump is a 5 time draft dodger. Trump wants to send you and your kids to fight in his war ( draft for men and women)…to die and be maimed in Netanyahu’s war. Will Trumps kids be drafted, or will they have bone spurs…like their dad? 

In 2018, in France, Trump canceled a visit to Aisne American Cemetery saying “Why should I go to that cemetery? It’s filled with losers.” 

On the same trip to France 2018…Trump referred to more than 1,800 Marines who lost their lives at Bellleau Woods as “Suckers for getting killed”. 


John Kelly, former White House chief of staff… confirmed Trumps statements. 

In 2015, Trump said of Senator John McCain, who was a Prisoner of War in Vietnam for 51/2 years….”He’s no hero. I like people who weren’t captured”.

Trump has disdain for soldiers, especially ones who have died or were captured. 

Trump is a 5 time draft dodger. He  never went to war. Trumps family never served.","trump said soldiers are suckers and losers trump is a 5 time draft dodger trump wants to send you and your kids to fight in his war  draft for men and womento die and be maimed in netanyahus war will trumps kids be drafted or will they have bone spurslike their dad? 

in 2018 in france trump canceled a visit to aisne american cemetery saying why should i go to that cemetery? its filled with losers 

on the same trip to france 2018trump referred to more than 1800 marines who lost their lives at bellleau woods as suckers for getting killed 


john kelly former white house chief of staff confirmed trumps statements 

in 2015 trump said of senator john mccain who was a prisoner of war in vietnam for 512 yearshes no hero i like people who werent captured

trump has disdain for soldiers especially ones who have died or were captured 

trump is a 5 time draft dodger he  never went to war trumps family never served",
So it's civilians now...,so its civilians now,
"Or what? Better talk to , GCC, and Kuwait their energy sectors will be leveled as well.",or what? better talk to  gcc and kuwait their energy sectors will be leveled as well,
The Epstein leader though it was the way they destroyed many young people in Epstein file horror in Europe 🥲 😢,the epstein leader though it was the way they destroyed many young people in epstein file horror in europe,
Your idiot in chief is wrecking the planet. Bravo.,your idiot in chief is wrecking the planet bravo,
"24 hrs ago US didn't need the strait and it was the job of other countries to keep it open , was it another  presidential Brain Fart?",24 hrs ago us didnt need the strait and it was the job of other countries to keep it open  was it another  presidential brain fart?,
"Trump didn't stop when little girls said no, either.",trump didnt stop when little girls said no either,
can't wait till the 48 hours are over.... nuke the power plants pls,cant wait till the 48 hours are over nuke the power plants pls,
"Iran war going as planned, says Fox News presenter after taking their daily blue pill.",iran war going as planned says fox news presenter after taking their daily blue pill,
One guy can easily ruin his own country,one guy can easily ruin his own country,
"Fox 🦊 News 🗞️ is support of  Trumps administration ( Trump regime) . We are sure that Trump is a liar, corrupt, incompetent and arrogant. So the Fox 🦊 news become also False News",fox  news  is support of  trumps administration  trump regime  we are sure that trump is a liar corrupt incompetent and arrogant so the fox  news become also false news,
"Why did he demand that on Saturday because he wants to play with Market price because all idiots now they’re gonna put the money and buy oil. Are they gonna think the Trump is gonna get to the action and that mean is the old price is gonna spike so they can make money that’s all this is a market market action and play game. They just playing a game with people investment with people money they calling everyone companies big ones a small ones, and this is the game of the money making and nothing else.",why did he demand that on saturday because he wants to play with market price because all idiots now theyre gonna put the money and buy oil are they gonna think the trump is gonna get to the action and that mean is the old price is gonna spike so they can make money thats all this is a market market action and play game they just playing a game with people investment with people money they calling everyone companies big ones a small ones and this is the game of the money making and nothing else,
"""Truth"" means ""Pravda"" in Russian.  Another coincidence Agent Trumpsky?",truth means pravda in russian  another coincidence agent trumpsky?,
"Iran is a huge country and we are only 3 weeks in this war so Trump is doing great like always, he’s a genius",iran is a huge country and we are only 3 weeks in this war so trump is doing great like always hes a genius,
War criminals. They are so desperate that they are thinking of destroying the civilians’ power plants. Now I understand why USA = The Great Satan,war criminals they are so desperate that they are thinking of destroying the civilians power plants now i understand why usa  the great satan,
Is it really gonna drop everything at the pump because the government doesn’t care about the state of emergency in Hawaii?,is it really gonna drop everything at the pump because the government doesnt care about the state of emergency in hawaii?,
No more Trump flags in my area lol.,no more trump flags in my area lol,
Trump is talking to son Barron and members of his family 😂😂😂,trump is talking to son barron and members of his family,
This is the most stupid thing to do 😅😅😅,this is the most stupid thing to do,
I demand project 2029 starts three years earlier.....,i demand project 2029 starts three years earlier,
"3X trump voter telling you that you sound like fools. Please stop with trump wants peace. He ran on no wars and no regime change, and that's all he has done... Again, you sound like a bunch of fools from CNN during covid. 
Jesus Christ is King!
God bless our troops","3x trump voter telling you that you sound like fools please stop with trump wants peace he ran on no wars and no regime change and thats all he has done again you sound like a bunch of fools from cnn during covid 
jesus christ is king!
god bless our troops",
Putin's puppy is throwing a hissy fit.,putins puppy is throwing a hissy fit,
"We don’t need help, we do need help, we’re not going to open the strait we don’t use it, you’ve got 48 hours to open it…..what a total moron and what a pathetic country.",we dont need help we do need help were not going to open the strait we dont use it youve got 48 hours to open itwhat a total moron and what a pathetic country,
"Trump is calling other nations cowards, blaming every one else for this mess he created. He was the stupid idiot who started it. shame.",trump is calling other nations cowards blaming every one else for this mess he created he was the stupid idiot who started it shame,
This channel is hilarious 😅😅😅,this channel is hilarious,
Can't you guys see ww3 coming? Nations will fed up with this and begin to take sides and all will be hell,cant you guys see ww3 coming? nations will fed up with this and begin to take sides and all will be hell,
"Clown “ news”
Bombing for peace by the no more wars president 😂","clown  news
bombing for peace by the no more wars president",
FYI targeting civilian power plants is a war crime.,fyi targeting civilian power plants is a war crime,
"The Strait of Hormuz is open, just not to the US & Israel, but I guess its Fox News, so they have to report Garbage",the strait of hormuz is open just not to the us  israel but i guess its fox news so they have to report garbage,
ahhhh FOX news... such a reliable source of information 🤣🤣🤣🤣🤣,ahhhh fox news such a reliable source of information,
Global nuisance award 😂,global nuisance award,
Or what? You’ll bomb them?,or what? youll bomb them?,
"Well done America, your stupidity knows no bounds.",well done america your stupidity knows no bounds,
Trump deadline is a joke how forgetful are the white who support him ? In the start of his war he said he would break them and it will be done in 4 to 5 days and now he threatens to hit what supplies the innocent with electricity and if he does then the ships at sea must be hit also and remove from the area and it will be opened up have you given that thought or as you get away with wickedness in america and cover your lies you think you can against others. Smh that’s the thought of white control do what you want and take what you want and make demands,trump deadline is a joke how forgetful are the white who support him ? in the start of his war he said he would break them and it will be done in 4 to 5 days and now he threatens to hit what supplies the innocent with electricity and if he does then the ships at sea must be hit also and remove from the area and it will be opened up have you given that thought or as you get away with wickedness in america and cover your lies you think you can against others smh thats the thought of white control do what you want and take what you want and make demands,
It may be time for section 4 of the 25th amendment.,it may be time for section 4 of the 25th amendment,
Trump losing respect all around the globe...sad,trump losing respect all around the globesad,
"If he comes through with his 48 hour deadline, then that is a 100% war crime, no doubt about that. Intentionally choosing to start a war that negatively affects hundreds of millions of world citizens, is not only careless & reckless, it's unholy & unrighteous😞",if he comes through with his 48 hour deadline then that is a 100 war crime no doubt about that intentionally choosing to start a war that negatively affects hundreds of millions of world citizens is not only careless  reckless its unholy  unrighteous,
"Stop saying, ""We'll do this to you if they don't do that."" That's playing games. Instead, strike them hard and without hesitation. Don't tell the enemy what you're going to do, and don't wait for their reaction or threats. Strike again and again before they even think about how to respond. You're still playing games and still giving them room to maneuver. This only leads to losses for you. Show no mercy to the enemy in war, because mercy in this situation is a loss against you and a crime against yourself. Don't expect anything from the enemy; just crush them with force. The keys are in your hands; why hand them over to the enemy for free?",stop saying well do this to you if they dont do that thats playing games instead strike them hard and without hesitation dont tell the enemy what youre going to do and dont wait for their reaction or threats strike again and again before they even think about how to respond youre still playing games and still giving them room to maneuver this only leads to losses for you show no mercy to the enemy in war because mercy in this situation is a loss against you and a crime against yourself dont expect anything from the enemy just crush them with force the keys are in your hands why hand them over to the enemy for free?,
Oh yu hv frying oil,oh yu hv frying oil,
Wht u want from strait of Hormuz mr dt uv said u hv more oil than Russia iran and Qatar together,wht u want from strait of hormuz mr dt uv said u hv more oil than russia iran and qatar together,
Im from Iran 😂 🔥 let's dance tango we going to fight good😂😂😂😂 welcome to Iran 🚀🔥🚀🔥🚀🔥🚀💪🏻💪🏻💪🏻📡🛰️🚀🔥🚀🔥,im from iran   lets dance tango we going to fight good welcome to iran,
Fox is full of BS & so is TRUMP.,fox is full of bs  so is trump,
Wussy’s start wars.  Jesus sits with the lepers and prostitutes.,wussys start wars  jesus sits with the lepers and prostitutes,
"Fox has gone full 1984 ""this is whats its all about peace"". War is peace! The IQs in that studio are room temperature only are they AI?",fox has gone full 1984 this is whats its all about peace war is peace! the iqs in that studio are room temperature only are they ai?,
"Fox is so naive. So far USA is losing. I saw today a list of demands USA would have in a peace negotiation. Not a word about regime change. So, it was all BS from the start.",fox is so naive so far usa is losing i saw today a list of demands usa would have in a peace negotiation not a word about regime change so it was all bs from the start,
Fox news is as bad as Trump. Have no idea,fox news is as bad as trump have no idea,
The people of Iran endorse this plan. They demand freedom at all costs.,the people of iran endorse this plan they demand freedom at all costs,
"Intentionally directing attacks against civilian objects. This is a war crime, if trump does this under Geneva conventions.",intentionally directing attacks against civilian objects this is a war crime if trump does this under geneva conventions,
"Trump has been played by Netanyahu. He's seen the opportunity to manipulate a brain dead American president to help get rid of the threat to Israel. Trump started a unwinable war. You cannot defeat an ideology. Played by Putin, played by Netanyahu. !!",trump has been played by netanyahu hes seen the opportunity to manipulate a brain dead american president to help get rid of the threat to israel trump started a unwinable war you cannot defeat an ideology played by putin played by netanyahu !!,
Presidents usually start a war and wreck the economy in two moves. Taco did it in ONE STROKE! That's gov't efficiency!!!,presidents usually start a war and wreck the economy in two moves taco did it in one stroke! thats govt efficiency!!!,
Illegal war,illegal war,
Someone should remind Taco that targeting and destroying civilian infrastructure is considered a war crime under international humanitarian law.  And someone should also educate these Fox Propaganda hosts.,someone should remind taco that targeting and destroying civilian infrastructure is considered a war crime under international humanitarian law  and someone should also educate these fox propaganda hosts,
"It’s time to get the Airborne Rangers boots on the ground in Iran. I know the President didn’t want that, but I think it’s time to end this. Get the ground troops in, take the airports, take comms, get rye Specters out there and flatten whatever isolated missile locations they have. Let’s go!",its time to get the airborne rangers boots on the ground in iran i know the president didnt want that but i think its time to end this get the ground troops in take the airports take comms get rye specters out there and flatten whatever isolated missile locations they have lets go!,
"The STRAIT""S"" of.....It's ALWAYS PLURAL......!!",the straits ofits always plural!!,
War is about peace 😂,war is about peace,
"Trump, the man of gold, thinks that dominating the world is the same as dominating the Americans. Just send in ICE, eliminate a few people, a few words on social network""Truth,"" and that's it",trump the man of gold thinks that dominating the world is the same as dominating the americans just send in ice eliminate a few people a few words on social networktruth and thats it,
"Wants it open so he can ship in marines to take over irans oil terminal island. 

A country under attack never has to take orders or obey demands from the attacker.  They fight back which ever way they choose.","wants it open so he can ship in marines to take over irans oil terminal island 

a country under attack never has to take orders or obey demands from the attacker  they fight back which ever way they choose",
How many times can something be obliterated,how many times can something be obliterated,
"Look at how these people are talking, really doesn't look genuine or convincing. Seems they are afraid to really speak their mind. Like they are trying to sell you something, it's weird. Like a high school kid who will say anything just to fit in.",look at how these people are talking really doesnt look genuine or convincing seems they are afraid to really speak their mind like they are trying to sell you something its weird like a high school kid who will say anything just to fit in,
Most of the people here voted trump three times probably. This is what u voted for.,most of the people here voted trump three times probably this is what u voted for,
Dear Fox News. Your days are numbered. No one is letting you forget you role in these war crimes,dear fox news your days are numbered no one is letting you forget you role in these war crimes,
Iran whant to attack all countries and the Philippines 😢😢 if Iran attack Philippines,iran whant to attack all countries and the philippines  if iran attack philippines,
Trump must accept the defeat. Strategic victory of Iran is clear. USA are not ready for a long war.,trump must accept the defeat strategic victory of iran is clear usa are not ready for a long war,
She says the straight of Hormuz is high jacked as if Iran doesn’t border it.  We are the ones who created this problem.,she says the straight of hormuz is high jacked as if iran doesnt border it  we are the ones who created this problem,
"I hope iran is following his twitter account. But if not, i think they are expecting to be bombed anyway. But no one annoincing this finds what he is doing INSANE because.....they are rich. Trump is president of the rich.",i hope iran is following his twitter account but if not i think they are expecting to be bombed anyway but no one annoincing this finds what he is doing insane becausethey are rich trump is president of the rich,
"to every action, there is a counteraction. Iran will respond in kind.",to every action there is a counteraction iran will respond in kind,
"Honest question for MAGA. Your Prez starts a war with Iran and the only way they can fight back is to hold the rest of the world to ransom over oil. Prez gets furious and threatens to obliterate the country. Meanwhile in Cuba, the govt is facing an energy crisis and is at a standstill because your Prez has threatened anyone buying their oil, i.e. holding them to ransom over oil. Q: Is there just one rule for Trump and the rest of the world be damned?",honest question for maga your prez starts a war with iran and the only way they can fight back is to hold the rest of the world to ransom over oil prez gets furious and threatens to obliterate the country meanwhile in cuba the govt is facing an energy crisis and is at a standstill because your prez has threatened anyone buying their oil ie holding them to ransom over oil q is there just one rule for trump and the rest of the world be damned?,
"I thought opening it would be simple for your allies? And that they were cowards for not doing it. 
So do it yourself then.... you started this mess, clean it up.","i thought opening it would be simple for your allies? and that they were cowards for not doing it 
so do it yourself then you started this mess clean it up",
"This illegal war is costing everyone globally with crazy price hikes , get rid of the clown please..",this illegal war is costing everyone globally with crazy price hikes  get rid of the clown please,
Maybe this war wasn't such a great idea.,maybe this war wasnt such a great idea,
Who the F does he really think he is demanding things everywhere !!!!   No wonder 97% of the world hate the usa !!!,who the f does he really think he is demanding things everywhere !!!!   no wonder 97 of the world hate the usa !!!,
This is going to be real interesting come Monday morning. Game on.,this is going to be real interesting come monday morning game on,
Wow just wow,wow just wow,
The idiots following this guy and a new agency spreading his propaganda filth. This nation is in really bad hands.,the idiots following this guy and a new agency spreading his propaganda filth this nation is in really bad hands,
"All the mob against this are just proper lefty WOKE voters everyday of the week. Epstein??? Do you clowns have any proof DT has done the wrong thing or just you heard on the grapevine or on your lefty NEWS network??? Unless you have undesputed facts then how can you say DT or Billy boy have done the wrong thing other than by association?? And i don't t care for either of them, but its a big deal when you accuse somebody of touching a minor unless you know for sure.",all the mob against this are just proper lefty woke voters everyday of the week epstein??? do you clowns have any proof dt has done the wrong thing or just you heard on the grapevine or on your lefty news network??? unless you have undesputed facts then how can you say dt or billy boy have done the wrong thing other than by association?? and i dont t care for either of them but its a big deal when you accuse somebody of touching a minor unless you know for sure,
"Trump is running out of time, options and money. Stop this illegal war NOW.",trump is running out of time options and money stop this illegal war now,
What trump throwing is toys out of his pram again,what trump throwing is toys out of his pram again,
"Who is Trump to threaten Iran to open up the Strait of Hormuz ?
Stop thinking you are a superpower. In just 20 days, people have realized that if you were truly powerful, you wouldn’t need to beg other countries for help. Trump is nothing but a coward","who is trump to threaten iran to open up the strait of hormuz ?
stop thinking you are a superpower in just 20 days people have realized that if you were truly powerful you wouldnt need to beg other countries for help trump is nothing but a coward",
😂😂😂 black-out in White house,blackout in white house,
Zionist Dog not Allow to crossed Harmus,zionist dog not allow to crossed harmus,
Yeah I don’t think threats are gonna work when you’re threatening genocide. Just fight why the long winded threats.,yeah i dont think threats are gonna work when youre threatening genocide just fight why the long winded threats,
You have no control. Its a quagmire,you have no control its a quagmire,
Republicans have to be the biggest morons ever 😂you literally got tricked into supporting another Iraq and you’re so stupid you can’t even defend this bs anymore. 😂😂😂,republicans have to be the biggest morons ever you literally got tricked into supporting another iraq and youre so stupid you cant even defend this bs anymore,
Bunch of lunatics laughing about deaths of people.,bunch of lunatics laughing about deaths of people,
How is Iran even able to close it? I thought we destroyed their navy. Didn't Trump say we already won? Why now rely on Iran to keep the straight open? I was in support of this action but now I'm confused.,how is iran even able to close it? i thought we destroyed their navy didnt trump say we already won? why now rely on iran to keep the straight open? i was in support of this action but now im confused,
Trump is so used to making demands and making threats that it has become redundant.,trump is so used to making demands and making threats that it has become redundant,
Ok so Iran is going to target powerplants of all our allies next..... Gotcha.,ok so iran is going to target powerplants of all our allies next gotcha,
useless strategy how many important target the military hit and the Iranian regime still doesn't care . the strait will still be blocked .,useless strategy how many important target the military hit and the iranian regime still doesnt care  the strait will still be blocked,
God this loser of a president keeps saying it’s won and here we are. This mad man is going to collapse the dollar and have us in an economic crisis for years to come because of this idiot.,god this loser of a president keeps saying its won and here we are this mad man is going to collapse the dollar and have us in an economic crisis for years to come because of this idiot,
So Trump plans to hit the very people he says have suffered under the Iranian regime - he really is useless,so trump plans to hit the very people he says have suffered under the iranian regime  he really is useless,
"He should have done this from the very beginning, Iran only understands strength! They are not people you negotiate with",he should have done this from the very beginning iran only understands strength! they are not people you negotiate with,
They will hit all the energy plants in the region if the US hits their plants. This is a bad idea.,they will hit all the energy plants in the region if the us hits their plants this is a bad idea,
"Why does Trump waste his time making demands. The entire world knows by his words and acts that he does not honor his words and would strike regardless because ""his feelings"". The Iranian regime (which I despise) knows Trump can't be trusted, whatever they do. That's Trump's legacy: trick, false negociations, bullying, calling names, cult of personality, etc.",why does trump waste his time making demands the entire world knows by his words and acts that he does not honor his words and would strike regardless because his feelings the iranian regime which i despise knows trump cant be trusted whatever they do thats trumps legacy trick false negociations bullying calling names cult of personality etc,
you are playing with people life stop this war. i feel so angry i can't even find food for my pets because of you,you are playing with people life stop this war i feel so angry i cant even find food for my pets because of you,
I bomb you and then make demands…..what planet does this man live on?,i bomb you and then make demandswhat planet does this man live on?,
Or what?!?? US attacks one land and expect surrender?!? What is this? America first? Tragic. Stop the war and the Hormuz will be opened…,or what?!?? us attacks one land and expect surrender?!? what is this? america first? tragic stop the war and the hormuz will be opened,
The only people that will hurt are the innocent Iranian citizens. This guy is a f’n moron.,the only people that will hurt are the innocent iranian citizens this guy is a fn moron,
Good luck with that one,good luck with that one,
Trump is funny.,trump is funny,
End this war quickly!  Take out their navy and missile making capabilities and get out.   An attack on their power plants is an attack on the people of Iran.  I would rethink this strategy.,end this war quickly!  take out their navy and missile making capabilities and get out   an attack on their power plants is an attack on the people of iran  i would rethink this strategy,
"I can't wait to see this ""news"" channel lose it's licence.",i cant wait to see this news channel lose its licence,
"Poor little teenager, poor usa",poor little teenager poor usa,
"Can Trump just hurry up and ""shuffle off this mortal coil"". Take his whole family, and his cabinet with him. PLEASE 🙏🙏⚰️",can trump just hurry up and shuffle off this mortal coil take his whole family and his cabinet with him please,
"Israel may have a right to exist, but they have certainly abused their privilege to buy weapons.",israel may have a right to exist but they have certainly abused their privilege to buy weapons,
This man deserves the Nobel Prize for waging war.,this man deserves the nobel prize for waging war,
Trump & Netanyahu are the war criminals.,trump  netanyahu are the war criminals,
Agent orange isn't fit to be a janitor let alone the president.,agent orange isnt fit to be a janitor let alone the president,
"TACO Trump 
He makes all of countries except for Israel anti-America.","taco trump 
he makes all of countries except for israel antiamerica",
So Trump is threatening a war crime.,so trump is threatening a war crime,
Just wait until the Iranians have the cartels fly drones into the Whitehouse and nuclear powerplants.,just wait until the iranians have the cartels fly drones into the whitehouse and nuclear powerplants,
Blood on the sand 😎💪,blood on the sand,
These Americans think trump can just order Iran lol,these americans think trump can just order iran lol,
You can’t threaten someone who don’t give a sh?t 😂,you cant threaten someone who dont give a sh?t,
Why the hell Iran shud listen to this psychopath ?,why the hell iran shud listen to this psychopath ?,
"Netanyahu is the president of USA.
Trump is a royal dog of Israel.","netanyahu is the president of usa
trump is a royal dog of israel",
"Trump's doctrine
""Israel First""","trumps doctrine
israel first",
talking barbies,talking barbies,
Iran is positioned to strike 11 countries power plant.,iran is positioned to strike 11 countries power plant,
Do what you said you were going to do while you were running its not Easter yet have it took care of before Easter or before its to late I shook your hand at your tower I thought i lost,do what you said you were going to do while you were running its not easter yet have it took care of before easter or before its to late i shook your hand at your tower i thought i lost,
Big boy crying lol hahahhahaha cry more,big boy crying lol hahahhahaha cry more,
Fox is soooo weared. North Korean TV couldn't make it much better.,fox is soooo weared north korean tv couldnt make it much better,
"Europeans stolen peice of land from native red Indians   which is now called America  .Americans killed and wiped out all native people of that land and called its their land then they wanted independence from their own kingdom which is united kingdom .
They all lotted . Now same Europeans are looting oil from middle East.  
Everybody has become so gready  they forgot humanity. 
And they talk about humanity  and human rights .HYPOCRITICAL  PEOPLE","europeans stolen peice of land from native red indians   which is now called america  americans killed and wiped out all native people of that land and called its their land then they wanted independence from their own kingdom which is united kingdom 
they all lotted  now same europeans are looting oil from middle east  
everybody has become so gready  they forgot humanity 
and they talk about humanity  and human rights hypocritical  people",
When you are giving the enemy an ultimatum it shows how desperate you really are,when you are giving the enemy an ultimatum it shows how desperate you really are,
all you arm chair generals out there are saying the same dam thing they said back in the 1930's and look how that turned out the IRGC wants all of us dead and you want to protect them,all you arm chair generals out there are saying the same dam thing they said back in the 1930s and look how that turned out the irgc wants all of us dead and you want to protect them,
Treat trump like a crazy person (cuz he is ) Don’t argue or comply with his statements. He’ll run himself and his crumbling countrymen into a wall if you just let him go. Traditional allies helping out will just prolong the craziness,treat trump like a crazy person cuz he is  dont argue or comply with his statements hell run himself and his crumbling countrymen into a wall if you just let him go traditional allies helping out will just prolong the craziness,
We all know what they will do back.  Trump is a bully and Iran will stick it to him.,we all know what they will do back  trump is a bully and iran will stick it to him,
no different than north korean state tv,no different than north korean state tv,
Blahblahblahblahblahblah,blahblahblahblahblahblah,
'We are gonna start with the bigly one first.' How are those protesters doing after Trump said they should rise up and overthrow their government?,we are gonna start with the bigly one first how are those protesters doing after trump said they should rise up and overthrow their government?,
"If trump does that, they will never open up!!! Trump is going to make things worse!!!",if trump does that they will never open up!!! trump is going to make things worse!!!,
"Before the war, US airplanes and ships were 100 miles away from Iran, now they are in Bulgaria, Crete and the Indian ocean, thats not winning for sure",before the war us airplanes and ships were 100 miles away from iran now they are in bulgaria crete and the indian ocean thats not winning for sure,
"By making this stupid 48 hr deadline announcement, Trump is just showing how desperate he is & how the Iranian tactics are taking a huge toll on the world economy. 
These talking heads are acting like this is working","by making this stupid 48 hr deadline announcement trump is just showing how desperate he is  how the iranian tactics are taking a huge toll on the world economy 
these talking heads are acting like this is working",
Trump n’es pas en bonne situation pour exiger 😂😂😂❤❤❤,trump nes pas en bonne situation pour exiger,
"If Trump says 48 hours.. his math means....12 hours.
The world is run buy total lunatics, and reported on national tv by equal lunatics.","if trump says 48 hours his math means12 hours
the world is run buy total lunatics and reported on national tv by equal lunatics",
There he is - Captain Deadline.,there he is  captain deadline,
"Info to Maga. North European youth are vikings. They drink like crazy. When one be it boy or girl fall , become unconscious from drinking their same gendergroup visciously takes care of the person, showers the person with attention and care and love until they recover and are  up to continue their viking life. Your Albanien call girl prinz is busy to call them names, and to project weakness from them",info to maga north european youth are vikings they drink like crazy when one be it boy or girl fall  become unconscious from drinking their same gendergroup visciously takes care of the person showers the person with attention and care and love until they recover and are  up to continue their viking life your albanien call girl prinz is busy to call them names and to project weakness from them,
Open Epstein files within 48 hours!.,open epstein files within 48 hours!,
"Trump should get down on his knees and beg the Iranians, maybe it will work this time 😂 you messed with wrong people !",trump should get down on his knees and beg the iranians maybe it will work this time  you messed with wrong people !,
*Trump I will commit war crimes in 48hrs*,trump i will commit war crimes in 48hrs,
"With President Trump is; 
Promise made promise kept, and please finish the job","with president trump is 
promise made promise kept and please finish the job",
A group of true Trump belivers,a group of true trump belivers,
We've decided to share the ocean with Iran...we've given them the bottom half.,weve decided to share the ocean with iranweve given them the bottom half,
This crazy old man is going to get us all killed,this crazy old man is going to get us all killed,
"Awe, isn’t she cute the way she lies.",awe isnt she cute the way she lies,
Americans must be so proud of electing a Bully as President...,americans must be so proud of electing a bully as president,
Iran send one into Israel for the USS Liberty with love,iran send one into israel for the uss liberty with love,
"49 hrs from now…""I don't know anything about it…i haven't heard…next question, yes you from My Pillow Guy TV…""
50 hrs from now…""Fake news, the post was AI generated by CNN/BBC""
51 hrs from now…""Oh yeah, some intern must have done it, we have a lot of people who use the account…""
52 hrs from now…""What post is that? No, i don't know about, anything about that, Marco, do you have anything…No i don't, you know, the democrats under Biden….""","49 hrs from nowi dont know anything about iti havent heardnext question yes you from my pillow guy tv
50 hrs from nowfake news the post was ai generated by cnnbbc
51 hrs from nowoh yeah some intern must have done it we have a lot of people who use the account
52 hrs from nowwhat post is that? no i dont know about anything about that marco do you have anythingno i dont you know the democrats under biden",
This is comical! This deranged orange toddler is going to get all of us killed😂😂😂😂,this is comical! this deranged orange toddler is going to get all of us killed,
TACO first needs to be in charge to make demands on any country.,taco first needs to be in charge to make demands on any country,
"Iran is working with the IMO to allow ships to go through already, they are not talking to a,Erica though as they don’t have to.",iran is working with the imo to allow ships to go through already they are not talking to aerica though as they dont have to,
"After that is game over for Usa. Arab regimes will have no oil to sell for dollars, and no more trilion investments in Usa companies. 
Arab regimes, by the way, will have no water also, and that's something for someone living in a desert","after that is game over for usa arab regimes will have no oil to sell for dollars and no more trilion investments in usa companies 
arab regimes by the way will have no water also and thats something for someone living in a desert",
Trump has no plan or common thread in anything he does. He swings in all directions and lies and threatens everything and everyone. It is obvious that he is a disturbed person who has lived his entire life distanced from ordinary people and has never been contradicted.,trump has no plan or common thread in anything he does he swings in all directions and lies and threatens everything and everyone it is obvious that he is a disturbed person who has lived his entire life distanced from ordinary people and has never been contradicted,
Mmm let me guess what they will say?,mmm let me guess what they will say?,
Go Trump !!!!! Show no mercy to these TERRORISTS !!!!!!!,go trump !!!!! show no mercy to these terrorists !!!!!!!,
Tough talk from idiots,tough talk from idiots,
Trump killed irans religious leader. After that.  Doesn’t give a dame what trump has. To say. 48hr. Hahaha.,trump killed irans religious leader after that  doesnt give a dame what trump has to say 48hr hahaha,
Iran will will be like ohh we’re shaking in our boots,iran will will be like ohh were shaking in our boots,
"Bwahaha Look At These Idiots Talking, You Four's Sounded Like You Wants To Join Trump's Epstein Journey 😂😂😂",bwahaha look at these idiots talking you fours sounded like you wants to join trumps epstein journey,
What a joke effects of drugs taken with Episten are showing now 😅,what a joke effects of drugs taken with episten are showing now,
"Trump demands 🤣 His demands make no difference. All that happens is that he leaves a trail of blood and chaos behind whenever he gets involved, then he backs out. Still, him and his family are making tons of money so he doesn't care.",trump demands  his demands make no difference all that happens is that he leaves a trail of blood and chaos behind whenever he gets involved then he backs out still him and his family are making tons of money so he doesnt care,
Operation Epic Fury or Epstein distraction Fury? An illegal war of choice by the US and Israel that deliberately defies international law and rules of engagement.  There are no winners here,operation epic fury or epstein distraction fury? an illegal war of choice by the us and israel that deliberately defies international law and rules of engagement  there are no winners here,
"Marines will take Kharg, Iran will raise Kharg, marines leave, USA declares ""win"".      Oil and linked prices go nuts.     Back to the Epstein coverup.",marines will take kharg iran will raise kharg marines leave usa declares win      oil and linked prices go nuts     back to the epstein coverup,
"Trump: Open within 48 hours!
IRAN: Ok open within 48 days","trump open within 48 hours!
iran ok open within 48 days",
"The demented grandad as got out!!!!!!
Mr trump needs sedated .He is a dange to  everyone😳 Red Alert‼️","the demented grandad as got out!!!!!!
mr trump needs sedated he is a dange to  everyone red alert",
The United States and Israel are the aggressors. Iran will decide when to end the war,the united states and israel are the aggressors iran will decide when to end the war,
"How many times can you obliterate something?
The price rises are from the extra tariffs put inplace month's ago. This war of Trumps has not really taken effect yet. Thats still too come !","how many times can you obliterate something?
the price rises are from the extra tariffs put inplace months ago this war of trumps has not really taken effect yet thats still too come !",
iran don't give a fk what you want trump.. fk off all this happen because of u and epstein.,iran dont give a fk what you want trump fk off all this happen because of u and epstein,
"trump delebritly trying to crash world economy.  if trump has won, just call it , get out.",trump delebritly trying to crash world economy  if trump has won just call it  get out,
PEABRAINS IN A POD,peabrains in a pod,
THE ROAD TO HELL..... RELEASE THE EPSTEIN FILES.,the road to hell release the epstein files,
"If we sent the International ARMADA to Portsmouth or Washington it will be opened too.
Anglicans...","if we sent the international armada to portsmouth or washington it will be opened too
anglicans",
Another lie from hiding from the Epstein files .,another lie from hiding from the epstein files,
And Iran will take out Israel's desalination plant. Good-bye Israel.,and iran will take out israels desalination plant goodbye israel,
WHY IS TRUMP HELPING RUSSIA HELP IRAN TARGET US TROOPS.,why is trump helping russia help iran target us troops,
The straight is open except for UsA or Israel you plonker😂🤡,the straight is open except for usa or israel you plonker,
Lock the orange deviant up,lock the orange deviant up,
I thought Trump was going home?,i thought trump was going home?,
Donald Trump should call off his attack dog in the Middle East... oh wait! He can't do that that dog hasn't chewed up the Epstein Files!,donald trump should call off his attack dog in the middle east oh wait! he cant do that that dog hasnt chewed up the epstein files!,
"Scary thing about war, unlike politics, you can’t really make under-the-table deals",scary thing about war unlike politics you cant really make underthetable deals,
"A strong nation is built over years of sacrifice and unity. But a nation built on innocent blood and greed carries the seeds of its own destruction—needing only one fool to bring it down.
War, when driven by greed, is never satisfied. Today it seeks one enemy, tomorrow another. And eventually, even friends will turn away. No force, no threats, no coercion can hold them. When that day arrives, isolation will be inevitable.","a strong nation is built over years of sacrifice and unity but a nation built on innocent blood and greed carries the seeds of its own destructionneeding only one fool to bring it down
war when driven by greed is never satisfied today it seeks one enemy tomorrow another and eventually even friends will turn away no force no threats no coercion can hold them when that day arrives isolation will be inevitable",
"The boy asked: Mum, who started this?",the boy asked mum who started this?,
Quel cinglé ce Trump ! Un homme très dangereux pour l'humanité entière !! Il faut absolument l'arrêter ! Idem Natanyou aussi fou !! Le monde veut la PAIX !!!🕊️,quel cinglé ce trump ! un homme très dangereux pour lhumanité entière !! il faut absolument larrêter ! idem natanyou aussi fou !! le monde veut la paix !!!,
It's open other countries are using it.,its open other countries are using it,
Won't be happy until he has caused ww3. What a moron,wont be happy until he has caused ww3 what a moron,
Trump Threatened Iran all the time Iran will not respond  There is nothing Trump can do Iran is not going to open the straight,trump threatened iran all the time iran will not respond  there is nothing trump can do iran is not going to open the straight,
"Asking ChatGPTs best model to explain Trumps actions:

What we are observing in the U.S.–Iran dynamic is a clear application of the leverage-through-chaos logic associated with *The Art of the Deal*: maximalist threats, uncertainty, and public pressure intended to force reactions. However, in a geopolitical setting this becomes a miscalculation. Iran, already strategically committed, can simply hold its position and absorb the pressure, while U.S. allies—facing both escalation risk and prior tensions—cannot credibly align with an unpredictable strategy, leaving them effectively stuck managing the consequences in the Strait of Hormuz rather than reinforcing U.S. leverage ([Reuters][1]). The result is that the United States generates instability without extracting concessions, with markets and energy risk imposing additional constraints. This, in turn, produces a predictable second phase: rhetorical retreat (“taco”) followed by rapid narrative displacement into a new theatre. Recent pressure around Greenland—where allies have already pushed back against U.S. assertions and threats—illustrates how such a pivot can reassert a posture of strength while shifting attention away from an unresolved Iran episode ([euronews][2]). In effect, the strategy does not build leverage but erodes it, requiring continual escalation in new domains to sustain the appearance of control—less a coherent doctrine than an iterative cycle of performance calibrated as much for domestic perception as for international bargaining.","asking chatgpts best model to explain trumps actions

what we are observing in the usiran dynamic is a clear application of the leveragethroughchaos logic associated with the art of the deal maximalist threats uncertainty and public pressure intended to force reactions however in a geopolitical setting this becomes a miscalculation iran already strategically committed can simply hold its position and absorb the pressure while us alliesfacing both escalation risk and prior tensionscannot credibly align with an unpredictable strategy leaving them effectively stuck managing the consequences in the strait of hormuz rather than reinforcing us leverage reuters1 the result is that the united states generates instability without extracting concessions with markets and energy risk imposing additional constraints this in turn produces a predictable second phase rhetorical retreat taco followed by rapid narrative displacement into a new theatre recent pressure around greenlandwhere allies have already pushed back against us assertions and threatsillustrates how such a pivot can reassert a posture of strength while shifting attention away from an unresolved iran episode euronews2 in effect the strategy does not build leverage but erodes it requiring continual escalation in new domains to sustain the appearance of controlless a coherent doctrine than an iterative cycle of performance calibrated as much for domestic perception as for international bargaining",
But he is the founder and chairman of the Board of Peace. How can he be so violent?,but he is the founder and chairman of the board of peace how can he be so violent?,
I'm beginning to suspect that the FIFA Peace Prize isn't all that it was cracked up to be.,im beginning to suspect that the fifa peace prize isnt all that it was cracked up to be,
"LOL ok thats funny, if USA hits Iran Power plants, Iran will hit entire middle east power plants, if USA hits Iran refinery, Iran will hit every refinery in the region. Trump, good job buddy very good job.",lol ok thats funny if usa hits iran power plants iran will hit entire middle east power plants if usa hits iran refinery iran will hit every refinery in the region trump good job buddy very good job,
"🎉If the USA, Israel, and their allies win this war, this society will become even worse, stupider, and far more ignorant, with a false democracy and freedom!",if the usa israel and their allies win this war this society will become even worse stupider and far more ignorant with a false democracy and freedom!,
Trump can't do this,trump cant do this,
"But he said the US had already won! 
If you want a laugh just watch pro Trump news 😂😂😂","but he said the us had already won! 
if you want a laugh just watch pro trump news",
Trumps tariffs also hit american shoppers,trumps tariffs also hit american shoppers,
When will he learn,when will he learn,
Im sure they all shaking.,im sure they all shaking,
"Announcing warcrimes ahead of time seems to be the only ""planning"" the Trump administration is capable of doing.",announcing warcrimes ahead of time seems to be the only planning the trump administration is capable of doing,
This is second Vietnam for US.,this is second vietnam for us,
Irishman here seriously have ye Americans lost the plot seriously,irishman here seriously have ye americans lost the plot seriously,
"Aweeee common Iran . We obliterated you guys now pretty please open the straight?
😂😂😂😂😂😂😂",aweeee common iran  we obliterated you guys now pretty please open the straight?,
No Nobel Peace Prize for that ....,no nobel peace prize for that,
"Hey, Mr. Humpty Trumpty - have we won yet?? Maybe it's time put some distance between you & any advice given to you by a psychopathic, blood thirsty, war criminal GENOCIDAL Gew maniac! And if you want the Straits open again, it's simple. Stop arming, funding & supporting the GENOCIDAL Gew state. Stop helping them massacre Palestinians, Lebanese & of course, Iranians! Stop them STEALING land from the Palestinians - & the Lebanese. Stop listening to AIPAC & their blatant lies. And of course, stop your pathological lying!! Simple.",hey mr humpty trumpty  have we won yet?? maybe its time put some distance between you  any advice given to you by a psychopathic blood thirsty war criminal genocidal gew maniac! and if you want the straits open again its simple stop arming funding  supporting the genocidal gew state stop helping them massacre palestinians lebanese  of course iranians! stop them stealing land from the palestinians   the lebanese stop listening to aipac  their blatant lies and of course stop your pathological lying!! simple,
The only problem with the hitting the power plants is that it's going to affect the innocent people of Iran not just the corrupted military.,the only problem with the hitting the power plants is that its going to affect the innocent people of iran not just the corrupted military,
"Stop the earth, I'll go out, take away from him what he smoked there.",stop the earth ill go out take away from him what he smoked there,
Yeah US cant just bomb Iran a every few years when they feel like it either you racist terrorists,yeah us cant just bomb iran a every few years when they feel like it either you racist terrorists,
Ok !!,ok !!,
USA starts a war with Iran two days after the FBI interviews in the Epstein files come out that allege Trump was raping children,usa starts a war with iran two days after the fbi interviews in the epstein files come out that allege trump was raping children,
War crimes then.,war crimes then,
Or there will be war? 😂,or there will be war?,
Ramp it up Donny. I love your work. From down under 💪🏻🇦🇺🇺🇸,ramp it up donny i love your work from down under,
😂😂😂LOSERS have nothing to demand,losers have nothing to demand,
We love trump forever❤❤❤❤❤❤❤❤❤❤❤ the great USA LEADER EVER,we love trump forever the great usa leader ever,
Isn't targetting civillian infrastructure a war crime?,isnt targetting civillian infrastructure a war crime?,
Fox butt sniffing Israel 💨👃🏼,fox butt sniffing israel,
Trump and Epstein with children...YOUTUBE...Katie Johnson full testimony of 2/11/2016,trump and epstein with childrenyoutubekatie johnson full testimony of 2112016,
"Brave pres TRUMP we hope we will bomb kharg island that's the end of Iran forever❤❤❤❤❤❤❤❤❤❤❤❤❤❤❤❤❤❤❤❤❤❤❤❤❤❤❤❤❤
Thank yountrump","brave pres trump we hope we will bomb kharg island thats the end of iran forever
thank yountrump",
😂😂😂 go on trump so in reality they have less than 48 hours to open the strait,go on trump so in reality they have less than 48 hours to open the strait,
What I don’t understand is why Saudi Arabia who’s probably willing to sell their oil is not helping to open up the strait. It’s always up to western countries to handle problems in the Middle East,what i dont understand is why saudi arabia whos probably willing to sell their oil is not helping to open up the strait its always up to western countries to handle problems in the middle east,
And this will harm the average Iranian,and this will harm the average iranian,
"Local PBS had a story about Julius Caesar.  Trump is doing the exact same thing about the behavior like this Roman emperor who died on the Ides of March, he turned against the people of Rome and went to war against other countries for no reason other than trying to be forever king.",local pbs had a story about julius caesar  trump is doing the exact same thing about the behavior like this roman emperor who died on the ides of march he turned against the people of rome and went to war against other countries for no reason other than trying to be forever king,
I suspect it will happen before the market opens on Monday. You might want to stay up late Sunday.,i suspect it will happen before the market opens on monday you might want to stay up late sunday,
"Does any one listen to trump any more❓️❓️❓️
Says it all when Mueller died.","does any one listen to trump any more
says it all when mueller died",
"Wow  we are bombing the crap out of them their boats are gone their air defense is gone , the war is over. And we are demanding they stop???  Must be fake news !!!",wow  we are bombing the crap out of them their boats are gone their air defense is gone  the war is over and we are demanding they stop???  must be fake news !!!,
Good luck with your Trumpite mess. A 10-year-old would do a better job.,good luck with your trumpite mess a 10yearold would do a better job,
Make no mistake. This ENTIRE THING is the iranian regime's fault. The only support they have is from other terrorists and russia. Their own Arab neighbors even hate them.,make no mistake this entire thing is the iranian regimes fault the only support they have is from other terrorists and russia their own arab neighbors even hate them,
What a group of dimwits! 🥴,what a group of dimwits!,
That whiney screachy  voice gave me a migraine,that whiney screachy  voice gave me a migraine,
So stupid countries trying to sell their weapons to make money at the expense of innocent people’s lives the whole world needs to bombard trump,so stupid countries trying to sell their weapons to make money at the expense of innocent peoples lives the whole world needs to bombard trump,
"HELP ME, I am of sound mind and Im being kept against my will in a mental institute, Radbourne, Derby, UK. I need to be freed, I'm afraid they may force medication that actually isnt good for you through injection!",help me i am of sound mind and im being kept against my will in a mental institute radbourne derby uk i need to be freed im afraid they may force medication that actually isnt good for you through injection!,
"Oh great 😢 - less fuel for the market, and higher prices for longer as infrastructure  will need to be rebuilt  - such a strategic thinker!",oh great   less fuel for the market and higher prices for longer as infrastructure  will need to be rebuilt   such a strategic thinker!,
Funny looking peace.,funny looking peace,
Your orange windbag is all talk - TACO. Nobel Peace Prize 2026? 🤪,your orange windbag is all talk  taco nobel peace prize 2026?,
"The strategists know better than me, but wouldn't knocking out the power grid only hurt the Iranian citizens? There are no central leaders in Iran so of course they will not open the strait. They might not even have gotten the message.",the strategists know better than me but wouldnt knocking out the power grid only hurt the iranian citizens? there are no central leaders in iran so of course they will not open the strait they might not even have gotten the message,
48 hours or im unfriending you on facebook,48 hours or im unfriending you on facebook,
"Now I have genuinely confirmed my belief which the huge margin of Americans went for that elections while being high, high on fentanyl. 🙃",now i have genuinely confirmed my belief which the huge margin of americans went for that elections while being high high on fentanyl,
Can Trump think before he does anything?,can trump think before he does anything?,
TACO? He means it?,taco? he means it?,
Im in new zealand the far corner of earth. Were nearly out of fuel. First doing gain of function in B grade labs now this. Dumb arse violent greedy dishonest americans. Were all sick of of you.,im in new zealand the far corner of earth were nearly out of fuel first doing gain of function in b grade labs now this dumb arse violent greedy dishonest americans were all sick of of you,
"Iran said it was open, come on through 😈

Any takers?","iran said it was open come on through 

any takers?",
I demand that money grow on my trees outside.,i demand that money grow on my trees outside,
Oh so that's what we've learned?! How you Fox people can look yourselves in the mirror and pretend to be journalists is beyond me.,oh so thats what weve learned?! how you fox people can look yourselves in the mirror and pretend to be journalists is beyond me,
对于伊朗之前的诉求，身为超级强国的美国，可以考虑该如何解决各自分歧并最终取得成就，以美国的實力尝试一次，成就的话未来那就是美国一步步走向伟大的经典历史。毕竟从前没有这个记载。感觉不会太困难。要有顾虑的话我到伊朗给你们开头。,对于伊朗之前的诉求身为超级强国的美国可以考虑该如何解决各自分歧并最终取得成就以美国的實力尝试一次成就的话未来那就是美国一步步走向伟大的经典历史毕竟从前没有这个记载感觉不会太困难要有顾虑的话我到伊朗给你们开头,
Epic Disaster of American Pea Brain Trump😅😅😅,epic disaster of american pea brain trump,
"😂😂😂😂😂Trump talks crap again, Mr stupid Trump or Mr FART as he should be known isn't in charge but Iran is",trump talks crap again mr stupid trump or mr fart as he should be known isnt in charge but iran is,
"Ukraine war is still going on in the longest 24 hour period in human history.

Nobody takes this guy seriously anymore. He's a joke.","ukraine war is still going on in the longest 24 hour period in human history

nobody takes this guy seriously anymore hes a joke",
Dumb maga morons,dumb maga morons,
IN AUSTRALIA WERE PAYING $9.00 PER GALLON THXS FOX THXS PRES LUNATIC,in australia were paying 900 per gallon thxs fox thxs pres lunatic,
LOL....OK any chance the Iranians can get a missile to reach the Ballroom when Trump and Netanyahu are having dancing lessons...that would make the world a safer place.,lolok any chance the iranians can get a missile to reach the ballroom when trump and netanyahu are having dancing lessonsthat would make the world a safer place,
AN ALLIE IS SOME ONE YOU TRUST TRUMP IS A LIAR AND UNTRUSTWORTHY AND AN ALLIE TO NO ONE THREATENS NATO AND THEN BEGS FOR HELP WHAT A SCHMUCK 😮😮😮,an allie is some one you trust trump is a liar and untrustworthy and an allie to no one threatens nato and then begs for help what a schmuck,
Nurse!,nurse!,
Ich rate Bürger Bundesrepublik Deutschland die im Ausland leben ganz dringend nach Germany zurück zu kommen. In ganz Europa wird sortiert werden. Farmer Akrika...aus Deutschland mussten alles stehen und liegen lassen und innherhalb 24 Stunden raus. 1 Koffer.,ich rate bürger bundesrepublik deutschland die im ausland leben ganz dringend nach germany zurück zu kommen in ganz europa wird sortiert werden farmer akrikaaus deutschland mussten alles stehen und liegen lassen und innherhalb 24 stunden raus 1 koffer,
All the parents who had their choldren killed will fuel suicide killers onto american shores Lernt nothing from vietnam  korea iraq afganistan  and american people are going to pay masivly for years,all the parents who had their choldren killed will fuel suicide killers onto american shores lernt nothing from vietnam  korea iraq afganistan  and american people are going to pay masivly for years,
WAS THERE EVER A PRESIDENT WITH SO MANY DEADLINES,was there ever a president with so many deadlines,
Trump is making the same mistake as Putin in Iran! Best Buddies!,trump is making the same mistake as putin in iran! best buddies!,
"Oh yeah, that's it. With this statement Trump is officially the WORST president ever. He should have had the guts to stay out of this, but seems like some specific people around him (and Israel) make him do what he is doing. This will become a huge escalation for months or even years and shake the whole world. Thanks US + Israel for your ""acts of humanity"" to free the Iranian people ;) I think the whole world will hate these 2 countries soon.",oh yeah thats it with this statement trump is officially the worst president ever he should have had the guts to stay out of this but seems like some specific people around him and israel make him do what he is doing this will become a huge escalation for months or even years and shake the whole world thanks us  israel for your acts of humanity to free the iranian people  i think the whole world will hate these 2 countries soon,
Das Meer steigt 8 Meter...wir werden keine Libanesen aufnehmen...die in einen Fake Krieg verwickelt werden. Ganz im Gegenteil....Menschen ohne Pass Bundesrepublik Deutschland ausschließlich werden das Land Germany verlassen müssen auch wenn sie verheiratet sind. Auch Kinder. 22.03.2026 wir sind pleite...9:52 Uhr Germany,das meer steigt 8 meterwir werden keine libanesen aufnehmendie in einen fake krieg verwickelt werden ganz im gegenteilmenschen ohne pass bundesrepublik deutschland ausschließlich werden das land germany verlassen müssen auch wenn sie verheiratet sind auch kinder 22032026 wir sind pleite952 uhr germany,
COURSE TRUMP WINNING TOO WITH HIS VENEZUELAN  OIL😂,course trump winning too with his venezuelan  oil,
"Trump ultimatum ( another one! ) to Iran : Unblock the Strait or I'll bomb your power plants ( he already has bombed Irans power plants!)
Putins ultimatum to Trump : Stop supporting Ukraine or I'll give Iran more military Information about the US!
( where did Putin get the Information from, Mr Trump?)","trump ultimatum  another one!  to iran  unblock the strait or ill bomb your power plants  he already has bombed irans power plants!
putins ultimatum to trump  stop supporting ukraine or ill give iran more military information about the us!
 where did putin get the information from mr trump?",
"You know those are War Crimes, right? Epstein Files? Did Mexico paid for the wall yet?",you know those are war crimes right? epstein files? did mexico paid for the wall yet?,
Thxs fox for fueling president delusional dementing corrupt liar,thxs fox for fueling president delusional dementing corrupt liar,
FUEL PRICES ARE. SOARING PUTIN IS  RAKING IN THE MONEY,fuel prices are soaring putin is  raking in the money,
"No one cared when bush and Blair declared war on Iraq,Afghanistan and Syria. Turned out the WoMD reason for Iraq was a lie",no one cared when bush and blair declared war on iraqafghanistan and syria turned out the womd reason for iraq was a lie,
TRUMPS FOX PUPPETS,trumps fox puppets,
Trump and Epstein with children....YOUTUBE...Katie Johnson full testimony of 2/11/2016,trump and epstein with childrenyoutubekatie johnson full testimony of 2112016,
RELEASE EPSTEIN FILES UNREDACTED  STOP THE COVER UP,release epstein files unredacted  stop the cover up,
Trump is a car wreck. Time for a change.,trump is a car wreck time for a change,
Why is there a need to ask to the Iranian regime if the Iranian navy is obliterated and the Iranian regime devastated  ?,why is there a need to ask to the iranian regime if the iranian navy is obliterated and the iranian regime devastated  ?,
The events are real but the story and reason behind them are not what you think. Act 4 chapter 2…….,the events are real but the story and reason behind them are not what you think act 4 chapter 2,
"When someone talks about the world’s most famous idiocrat who always shoots first, blabs on, acts, and thinks afterward, it’s almost certainly DJ Trump.",when someone talks about the worlds most famous idiocrat who always shoots first blabs on acts and thinks afterward its almost certainly dj trump,
I'm now an expert on the strait but now tell me who let Iran nbe in charge of the strait and who insures the tankers? Companies name,im now an expert on the strait but now tell me who let iran nbe in charge of the strait and who insures the tankers? companies name,
"Well, a few grumpy old men pushing towards the biggest energy crisis ever. Sometimes the journey is way more important then the destination...",well a few grumpy old men pushing towards the biggest energy crisis ever sometimes the journey is way more important then the destination,
Your president is a gar,your president is a gar,
US terrorists attacked Iran and started this war -,us terrorists attacked iran and started this war,
Epstein fury! There are concerning developments being reported in other media. Could u inform us as well?,epstein fury! there are concerning developments being reported in other media could u inform us as well?,
Cannot believe I supported this trump idiot,cannot believe i supported this trump idiot,
You are not prepared!,you are not prepared!,
Guarantee this war will last a while longer yet FFS,guarantee this war will last a while longer yet ffs,
US go home,us go home,
"Iran has already said entire region will go dark ,Israel orangeman genocide buddy will go dark too. Thats how orangeman help iran",iran has already said entire region will go dark israel orangeman genocide buddy will go dark too thats how orangeman help iran,
Are there ANY GROWNUPS advising him? Iran's leaders will not capitulate. Blow up their power stations? What about the people? What about the retaliation. How many of you people voted for this man? You are culpable!  No I'm not a democrat. I'm European and it was obvious he was totally unsuitable for the role. He's not in good health and has no interest in those he leaves behind. What will he do to save face? How far will he go?,are there any grownups advising him? irans leaders will not capitulate blow up their power stations? what about the people? what about the retaliation how many of you people voted for this man? you are culpable!  no im not a democrat im european and it was obvious he was totally unsuitable for the role hes not in good health and has no interest in those he leaves behind what will he do to save face? how far will he go?,
Trump lost his mind,trump lost his mind,
The west killing more civillians.... more propaganda,the west killing more civillians more propaganda,
Die oranje sukkel blijft zonder nadenken vanalles proberen en is vervolgens verbaasd over de gevolgen. Pedofiel rijmt overigens op debiel. Hoe bestaat het dat een president het allebei is,die oranje sukkel blijft zonder nadenken vanalles proberen en is vervolgens verbaasd over de gevolgen pedofiel rijmt overigens op debiel hoe bestaat het dat een president het allebei is,
I thought the war was won 3 weeks ago?,i thought the war was won 3 weeks ago?,
A bigger man would walk away from a fight,a bigger man would walk away from a fight,
Haha 48 hours Will turns into his typical 2 weeks notice! Still waiting on his ‘health plan’! Haha these Fox losers are truly shameless!!! He NEVER keeps his promises you dumb FKS!!,haha 48 hours will turns into his typical 2 weeks notice! still waiting on his health plan! haha these fox losers are truly shameless!!! he never keeps his promises you dumb fks!!,
The buffoon.  Remove him. 25 for 47,the buffoon  remove him 25 for 47,
TACO,taco,
It would have been cheaper to build a hotel on the moon 😂,it would have been cheaper to build a hotel on the moon,
This is fake news,this is fake news,
if Trump hits Iran power they will hit gulf states power we will see who cries most,if trump hits iran power they will hit gulf states power we will see who cries most,
I’m just waiting to see when this is going to turn nuclear he told them to immediately start testing nukes so idk what that means now,im just waiting to see when this is going to turn nuclear he told them to immediately start testing nukes so idk what that means now,
Trump destroyed the global economy and is making sure it can't be fixed,trump destroyed the global economy and is making sure it cant be fixed,
"The IRGC have been stocking up on cardboard since this dropped 😂😂
Those cockroaches don't stand a chance LOL","the irgc have been stocking up on cardboard since this dropped 
those cockroaches dont stand a chance lol",
This lady idiot should know there is no Islamic terrorists,this lady idiot should know there is no islamic terrorists,
It’s amazing to see the FoX reality distortion field at play. Delusional,its amazing to see the fox reality distortion field at play delusional,
168 Iranian school girls are now resting in peace Trump is a war criminal and Fox is faking it as is their spineless want. Shameful grubs.,168 iranian school girls are now resting in peace trump is a war criminal and fox is faking it as is their spineless want shameful grubs,
😂😂😂he can talk to arse😂😂😂Iran is laughing at the idiot 😂😂😂,he can talk to arseiran is laughing at the idiot,
This is why parents should breastfeed.,this is why parents should breastfeed,
"A deranged, paedophilic gangster should obliterate his own brain and his Epstein Island. 


Clearly, he’s so obsessed with the word “obliterate” that he has no idea what it actually means.","a deranged paedophilic gangster should obliterate his own brain and his epstein island 


clearly hes so obsessed with the word obliterate that he has no idea what it actually means",
Poor Americans. They had to choose between a moron and a woke witch,poor americans they had to choose between a moron and a woke witch,
This will be the end... The usa can't fight a war and can only bomb.,this will be the end the usa cant fight a war and can only bomb,
"So Trump is threatening to turn off the power to Iran Hospitals. In a country of 90 million people.
There is a reason targeting civilian infrastructure is considered a War Crime.","so trump is threatening to turn off the power to iran hospitals in a country of 90 million people
there is a reason targeting civilian infrastructure is considered a war crime",
I m glad someone made a distinction between Iran and terrorists it needed to be Snuffed Out in the first instance,i m glad someone made a distinction between iran and terrorists it needed to be snuffed out in the first instance,
"Oh yeah the road's totally fine, just uh… dodge the rockets on your way through. Easy peasy 😂",oh yeah the roads totally fine just uh dodge the rockets on your way through easy peasy,
Who is this stupid woman ?,who is this stupid woman ?,
"Do you idiots understand where this is heading? This escalation spiral needs to stop. Have any of you considered the fact that Iran has tons of enriched, highly radioactive Uranium and long range missiles? Yes, they can't make a bomb out of it. Yet. But they sure can put it on a a bunch of missiles, even worse missiles with cluster warheads and send them towards a couple cities in the Gulf and why not Europe? Paris uninhabitable for 200+ years, how's that sound?  Sure, Iran would be nuked in retaliation. And then what? The world economy is done for, it's basically only a matter of time until WWIII starts over what's left of the global oil resources.",do you idiots understand where this is heading? this escalation spiral needs to stop have any of you considered the fact that iran has tons of enriched highly radioactive uranium and long range missiles? yes they cant make a bomb out of it yet but they sure can put it on a a bunch of missiles even worse missiles with cluster warheads and send them towards a couple cities in the gulf and why not europe? paris uninhabitable for 200 years hows that sound?  sure iran would be nuked in retaliation and then what? the world economy is done for its basically only a matter of time until wwiii starts over whats left of the global oil resources,
US don’t open your big mouths you will have too suffer more than others. Take care❤,us dont open your big mouths you will have too suffer more than others take care,
Good,good,
"The Glaze is so heavy on this network, it’s giving me diabetes.",the glaze is so heavy on this network its giving me diabetes,
Astonishing how this megalomaniac is running the show. And he keeps saying that the US will benefit from this. How?,astonishing how this megalomaniac is running the show and he keeps saying that the us will benefit from this how?,
"destroying power and water infrastructure will result in tens of millions of refugees pouring into europe.
of course you brainless yanks dont care about that.","destroying power and water infrastructure will result in tens of millions of refugees pouring into europe
of course you brainless yanks dont care about that",
"Why we’re at war:
EPSTEIN, ISRAEL, AIPAC, ADELSON, EPSTEIN, ISRAEL, AIPAC, ADELSON, EPSTEIN, ISRAEL, AIPAC, ADELSON, EPSTEIN, ISRAEL, AIPAC, ADELSON, EPSTEIN, ISRAEL, AIPAC, ADELSON, EPSTEIN, ISRAEL, AIPAC, ADELSON, EPSTEIN, ISRAEL, AIPAC, ADELSON, EPSTEIN, ISRAEL, AIPAC, ADELSON","why were at war
epstein israel aipac adelson epstein israel aipac adelson epstein israel aipac adelson epstein israel aipac adelson epstein israel aipac adelson epstein israel aipac adelson epstein israel aipac adelson epstein israel aipac adelson",
Le président du peuple ����,le président du peuple,
"I demand my wife to open her straits, she told me the blockade would remain in place.",i demand my wife to open her straits she told me the blockade would remain in place,
Lol scary hahaaha. Meanwhile as trump has a tantrum they look to be shutting down another water way lol,lol scary hahaaha meanwhile as trump has a tantrum they look to be shutting down another water way lol,
No.,no,
Go for it Mr. Trump!,go for it mr trump!,
Idiot! Loser!,idiot! loser!,
These sick mfs sit there & talk like it's sport....most morally corrupt rubbish of humanity.,these sick mfs sit there  talk like its sportmost morally corrupt rubbish of humanity,
I AGREE IT COULD BE  30 HOURS THEY WOULD BE FOOLISHTO BELIEVE TRUMP,i agree it could be  30 hours they would be foolishto believe trump,
"Trump is sick minded,malicious,and morally corrupt.Wake up America.",trump is sick mindedmaliciousand morally corruptwake up america,
Send Barron Trump,send barron trump,
Why doesn't he goes there and open the strait himself,why doesnt he goes there and open the strait himself,
Babi lah kau ni trump ..u know babi.....,babi lah kau ni trump u know babi,
RELEASE ALL OF THE EPSTEIN FILES,release all of the epstein files,
Full blown propaganda mode😂,full blown propaganda mode,
"I hope the American government has thought through the start of a war with Iran so it doesn't affect the American people. Because, this going to emerge into serious stuff...",i hope the american government has thought through the start of a war with iran so it doesnt affect the american people because this going to emerge into serious stuff,
"If he bombs there energy infrastructure, they will blow up every oil field they can. There will be no point opening up the straight if you cant produce any oil. Then ww3.",if he bombs there energy infrastructure they will blow up every oil field they can there will be no point opening up the straight if you cant produce any oil then ww3,
Some of these Fox talking heads are so clearly disgustingly stupid and running cover for bad Trump policies.,some of these fox talking heads are so clearly disgustingly stupid and running cover for bad trump policies,
and Iran are telling Trump to F off  Trump has put a target on so many with his illegal ego war  and America do nothing about this lunatic and his mob,and iran are telling trump to f off  trump has put a target on so many with his illegal ego war  and america do nothing about this lunatic and his mob,
We Faak your demand you psychopath Diarrhea drump,we faak your demand you psychopath diarrhea drump,
"The Straits of Hormuz was never closed to oil going to India, China, and all countries buying oil in Chinese Yuan. It's close to countries buying oil in USD to pay for the US and Israel industrial military complex, it's close to Arab countries who continue to allow the fascist regimes in the US and Israel to launch attacks into Iran from their country.  Trump's stupidity and ego have caused America to lose its PetroDollar dominance. The most INCOMPETENT and STUPID president in the entire history of America.",the straits of hormuz was never closed to oil going to india china and all countries buying oil in chinese yuan its close to countries buying oil in usd to pay for the us and israel industrial military complex its close to arab countries who continue to allow the fascist regimes in the us and israel to launch attacks into iran from their country  trumps stupidity and ego have caused america to lose its petrodollar dominance the most incompetent and stupid president in the entire history of america,1
"You can try it, but then don't be surprised by consequences!
Viva IRAN❤","you can try it but then dont be surprised by consequences!
viva iran",2
Epic failure,epic failure,2
Juice world - persona,juice world  persona,0
"Yes please, fuel is so expensive in Australia atm",yes please fuel is so expensive in australia atm,1
"So he's going to commit more war crimes by destroying essential civilian infrastructure, trump really has lost all signs of sanity.",so hes going to commit more war crimes by destroying essential civilian infrastructure trump really has lost all signs of sanity,1
MIGA first! MAKE ISRAEL GREAT AGAIN!😂,miga first! make israel great again!,1
if u  say u  will do that   then u have to    ore u are weak,if u  say u  will do that   then u have to    ore u are weak,2
"Trump eist opening Straat van Hormuz, whahaha hij is deze oorlog zelf begonnen met zijn zionistische vriendjes, NIET zeuren trump! 😂",trump eist opening straat van hormuz whahaha hij is deze oorlog zelf begonnen met zijn zionistische vriendjes niet zeuren trump!,1
This is what happens when you have a child rapist in the White House,this is what happens when you have a child rapist in the white house,2
Trump is desperate. Of course his ultimatum will have no impact. This war is a complete farce. No end in sight.,,2
Plz deploy ground troups 😂,plz deploy ground troups,1
It won't work.,it wont work,0
Who is he talking to in Iran?,who is he talking to in iran?,1
Trump sucks calks,trump sucks calks,2
Its not opening.  Lets be real!,its not opening  lets be real!,1
This is delusional. Hopefully it’s a TACO,this is delusional hopefully its a taco,0
"Sure 48.
He told to any one he will end the war in Ukraine in first 20 hours, but he forgot to say the year.","sure 48
he told to any one he will end the war in ukraine in first 20 hours but he forgot to say the year",0
Does trump still not understand he's not the big dog,does trump still not understand hes not the big dog,2
Where’s congress?,wheres congress?,1
😂😂😂. Great US of A .Done.😂😂😂,great us of a done,1
Victory to Iran!,victory to iran!,1
Why Trump want to put Aericans boots in groud in iran???,why trump want to put aericans boots in groud in iran???,1
"Trump fought hard and screaming innocents and bloodshed was a mere bonus but trump doesn’t care about lives 
Americans just happen to be there with trump in his big centre White House but he really has no need for them","trump fought hard and screaming innocents and bloodshed was a mere bonus but trump doesnt care about lives 
americans just happen to be there with trump in his big centre white house but he really has no need for them",2
There should be a regime change in the US & Israel,there should be a regime change in the us  israel,1
"Strange how Trump tells everyone what to do, and nobody does it anyway.",strange how trump tells everyone what to do and nobody does it anyway,1
War crimes,war crimes,2
"Trump has fukd up big time, he’s insane",trump has fukd up big time hes insane,1
People are yelling around this apartment complex saying that my daughter just got shot and that they just killed my dad,people are yelling around this apartment complex saying that my daughter just got shot and that they just killed my dad,1
"Yesterday he said the US doesn't need it. And the Strait is open to those not attacking or supporting the illegal, unprovoked attack on Iran. The United States of Israel needs to shut it's mouth and deal with the problems it has at home.",yesterday he said the us doesnt need it and the strait is open to those not attacking or supporting the illegal unprovoked attack on iran the united states of israel needs to shut its mouth and deal with the problems it has at home,1
Expect 48 hours that expires around Christmas.,expect 48 hours that expires around christmas,0
"This calf you worship, O Israel, was crafted by your own hands! It is not God! Therefore, it must be smashed to bits.They have planted the wind and will harvest the whirlwind. The stalks of grain wither and produce nothing to eat. And even if there is any grain, foreigners will eat it. The people of Israel have been swallowed up; they lie among the nations like an old discarded pot. Hosea 8:6-8",this calf you worship o israel was crafted by your own hands! it is not god! therefore it must be smashed to bitsthey have planted the wind and will harvest the whirlwind the stalks of grain wither and produce nothing to eat and even if there is any grain foreigners will eat it the people of israel have been swallowed up they lie among the nations like an old discarded pot hosea 868,1
Iran is 4 times as big as Iraq btw,iran is 4 times as big as iraq btw,1
🤣🤣🤣🤣Bet we have ANOTHER TACO moment🤣🤣🤣,bet we have another taco moment,0
"If they drag the innocent into this then Iran will be nuked, razed to the ground and it's 2500 year history erased from existence so those terrorists won't have a country to go back to. The choice is theirs.",if they drag the innocent into this then iran will be nuked razed to the ground and its 2500 year history erased from existence so those terrorists wont have a country to go back to the choice is theirs,1
Iran regime are lunatic fanatic theo dictators are doomed to vanish.,iran regime are lunatic fanatic theo dictators are doomed to vanish,1
Have you guys considered the UN charter of International Human Rights and the Geneva Convention when planning attacks on these installations. It’s a clear violation. I think you ignorant and dumb Americans are inspired by your new friend Putin and his army of mass murderers and criminals.,have you guys considered the un charter of international human rights and the geneva convention when planning attacks on these installations its a clear violation i think you ignorant and dumb americans are inspired by your new friend putin and his army of mass murderers and criminals,1
"So now because it’s failing, he goes for the civilians, this is what all dictatorships do in  when they get desperate",so now because its failing he goes for the civilians this is what all dictatorships do in  when they get desperate,1
"This may be the countries last chance to be   A ""PART OF IT."" 🤔",this may be the countries last chance to be   a part of it,1
"The US needs to stop treating these thugs like a normal government. Negotiations won't work, and hitting infrastructure won't force a surrender. Take a page from Israel’s book: target the leadership directly. The only thing this regime understands is a threat to their own lives and wealth.",the us needs to stop treating these thugs like a normal government negotiations wont work and hitting infrastructure wont force a surrender take a page from israels book target the leadership directly the only thing this regime understands is a threat to their own lives and wealth,2
We don't need the straight we're doing it for China's benefit... A week later... I demand you open the straight or else 😂 what a fn joke.,we dont need the straight were doing it for chinas benefit a week later i demand you open the straight or else  what a fn joke,1
What happened to keeping the infrastructure in tact for what follows,what happened to keeping the infrastructure in tact for what follows,1
WWIII incoming,wwiii incoming,0
lol where are you MAGA defend your cult leader 😂,lol where are you maga defend your cult leader,1
Fox traitor bastards,fox traitor bastards,2
"Los unicos que pueden parar esto y poner freno a los delirios totalitarios y genocidas del loco de trump y del asesino nazionista de netanyahu son los mismos norteamericanos, quitando de esa responsabilidad, al irresponsable que han puesto al frente del Gobierno norteamericano.",los unicos que pueden parar esto y poner freno a los delirios totalitarios y genocidas del loco de trump y del asesino nazionista de netanyahu son los mismos norteamericanos quitando de esa responsabilidad al irresponsable que han puesto al frente del gobierno norteamericano,1
"Rich, corrupt, cunning politicians and officials don't understand the pain of poor citizens. Very sad.",rich corrupt cunning politicians and officials dont understand the pain of poor citizens very sad,1
"Your Excellency President, don't be deceived by Jokent's media play. In principle, communists infiltrate Congress and the administration and make good use of media play like a declaration of conscience when it's crucial. Anyway, keep that in mind because communists are good at making declarations of conscience to the media when their main means are sudden or decisive.",your excellency president dont be deceived by jokents media play in principle communists infiltrate congress and the administration and make good use of media play like a declaration of conscience when its crucial anyway keep that in mind because communists are good at making declarations of conscience to the media when their main means are sudden or decisive,1
Umm that’s a war crime actually purposely targeting civilian infrastructure that has no relationship with the war or conflict .,umm thats a war crime actually purposely targeting civilian infrastructure that has no relationship with the war or conflict,1
doom on the usi and i 💥🔨🍿🥤🇨🇦,doom on the usi and i,2
Irans response... We understand.... Now you can let your navy sail through the strait of Hormuz... so that yon can attack us some more...,irans response we understand now you can let your navy sail through the strait of hormuz so that yon can attack us some more,1
"With the time difference between Washington and Tehran, 48 hours could turn into 24 hours !!    🤔",with the time difference between washington and tehran 48 hours could turn into 24 hours !!,1
Trump is such a loser.,trump is such a loser,2
⭐ REVOLUTION ⭐IN USA...PUT THIS MAN IN PRISON!!!!!!,revolution in usaput this man in prison!!!!!!,2
America will be slapped around because Russia ❤️ China will sort these war criminals who think they can tell countrys what to do America is finished going down 👇 like the Titanic along with England Germany France,america will be slapped around because russia  china will sort these war criminals who think they can tell countrys what to do america is finished going down  like the titanic along with england germany france,1
"From Europe, the chaos and global instability in the world is caused by this orange clown and his regime. You need to be stupid to elect such an idiot as president. People became idiot, because of low education and believing all the crap from Fox News.",from europe the chaos and global instability in the world is caused by this orange clown and his regime you need to be stupid to elect such an idiot as president people became idiot because of low education and believing all the crap from fox news,
just nuke them,just nuke them,2
"Trump sucks at diplomacy. 
He should have hired better negotiators than his son in law and a real estate developer.","trump sucks at diplomacy 
he should have hired better negotiators than his son in law and a real estate developer",1
😂😂😂 what a fking plonker 😂😂😂,what a fking plonker,2
"Putin you have two weeks, We'll see in 10 days, Putin you have two weeks. Iran you have 48 Hours !!! Yeah Right 😭😭😭 TACO",putin you have two weeks well see in 10 days putin you have two weeks iran you have 48 hours !!! yeah right  taco,1
Are these all him employees?,are these all him employees?,
once again loony tunes cant come   up with any ideas about regime change so bomb the crap out of every one.,once again loony tunes cant come   up with any ideas about regime change so bomb the crap out of every one,
"Dear rogue terr*rist nation, U.S.A! Stop the war and the strait will open while saving American lives and billions of dollars, that simple!",dear rogue terrrist nation usa! stop the war and the strait will open while saving american lives and billions of dollars that simple!,
This story is all in the Bible dates back to Genesis 10 when Abrahams descendants went out and restored Generations across the world. From Brothers and Sisters living for one another to them/us stabbing each other in the back. Peace will never be a option Till Our Lord and Savior Jesus Christ comes back like a Thief in the night to end this corrupt world. I pray that everyone can open up spiritually before it’s too late. Ask the Holy Spirit to Guide you during these difficult times. For this has helped me when I felt alone and confused. We are always living a day to day basis asking God for help. Have you ever took a moment and ask God what can I do to help you? You could be fulfilled with the Holy Spirit and be saved from eternal pain and suffering. I’m a newly Father in this world. Hallelujah! I look at my baby boy and all I think of is what can I do to guide this child to Jesus. I hope everyone finds peace in their lives. All love to each one of you.,this story is all in the bible dates back to genesis 10 when abrahams descendants went out and restored generations across the world from brothers and sisters living for one another to themus stabbing each other in the back peace will never be a option till our lord and savior jesus christ comes back like a thief in the night to end this corrupt world i pray that everyone can open up spiritually before its too late ask the holy spirit to guide you during these difficult times for this has helped me when i felt alone and confused we are always living a day to day basis asking god for help have you ever took a moment and ask god what can i do to help you? you could be fulfilled with the holy spirit and be saved from eternal pain and suffering im a newly father in this world hallelujah! i look at my baby boy and all i think of is what can i do to guide this child to jesus i hope everyone finds peace in their lives all love to each one of you,
"What a joke trump is. Hea desperate and doesn't understand why Iran is still doing fine.

Lari lalijani was the man who could have negotiated this, but Israel killed him already","what a joke trump is hea desperate and doesnt understand why iran is still doing fine

lari lalijani was the man who could have negotiated this but israel killed him already",
“demands.”Iran is not Gaza. Israel shouldn’t start wars or commit crimes against humanity,demandsiran is not gaza israel shouldnt start wars or commit crimes against humanity,
Epıc Fury ıs not became ıt ıs 100 % Epıc Fear operatıonn. Trump ıs dırty pıgger,epıc fury ıs not became ıt ıs 100  epıc fear operatıonn trump ıs dırty pıgger,
"Trump just said that the USA dont use the strait. Besides, other countries are allowed to sail there except for those who joined the war against Iran . .""We have not closed the strait. In our opinion, the strait is open. It is closed only to ships belonging to our enemies, countries that attack us. For other countries, ships can pass through the strait ,”",trump just said that the usa dont use the strait besides other countries are allowed to sail there except for those who joined the war against iran  we have not closed the strait in our opinion the strait is open it is closed only to ships belonging to our enemies countries that attack us for other countries ships can pass through the strait,
Terror Israel is the main culprit & problem in the middle East. This illegal Israel killed millions of innocent people & destroyed world peace.. It must be punished or rooted out,terror israel is the main culprit  problem in the middle east this illegal israel killed millions of innocent people  destroyed world peace it must be punished or rooted out,
Peace by trump 😅,peace by trump,
"The intentional & illegal activities of some western countries cause the present problems in Iran. But these culprit western countries are blind to terror Israel's genocide  & occupying Palestine land since more than a century...👎
Damm,  Hate these culpri","the intentional  illegal activities of some western countries cause the present problems in iran but these culprit western countries are blind to terror israels genocide   occupying palestine land since more than a century
damm  hate these culpri",
what,what,
Terror USA & Israel UK and Germany are destroying the world peace by spreading terrorism & killing innocent people as the terrors & Robbers,terror usa  israel uk and germany are destroying the world peace by spreading terrorism  killing innocent people as the terrors  robbers,2
Waste them!,waste them!,1
48 hours no extension!,48 hours no extension!,1
Thank you for your attention to this matter.,thank you for your attention to this matter,1
It's time to nuke Iran - start with Tehran.,its time to nuke iran  start with tehran,1
"America should realize that Iran's power plants, oil refineries, and ancient monuments belong to the Iranian people, not to the criminal regime of the Islamic Republic. Attacking these resources is an attack on the Iranian people.",america should realize that irans power plants oil refineries and ancient monuments belong to the iranian people not to the criminal regime of the islamic republic attacking these resources is an attack on the iranian people,2
"Trump said his country does not need the strait of Hormuz.  He seems really interested and concerned, Between blaming  Nato  countries, China, Japan and other nations that he never consulted before he and bibi started this war that no other nations came to American aid is a reflection of what the majority of nations think of Trump. Not the American citizen , but  American the government. Trump isolated the USA.",trump said his country does not need the strait of hormuz  he seems really interested and concerned between blaming  nato  countries china japan and other nations that he never consulted before he and bibi started this war that no other nations came to american aid is a reflection of what the majority of nations think of trump not the american citizen  but  american the government trump isolated the usa,1
The US is not in a position to demand anything from Iran. The US has no cards.,the us is not in a position to demand anything from iran the us has no cards,1
Was für ein Idiot. Er hat keine Karten und sollte die Fresse halten und sich entschuldigen.,was für ein idiot er hat keine karten und sollte die fresse halten und sich entschuldigen,1
american flag is being trampled on by japanese feet within japan😢,american flag is being trampled on by japanese feet within japan,2
"Wait..... America first, no wars, lower fuel prices lower food prices,  make America great again! 
Reality...... Who's gain most in the past 2 years from American politics? COMMUNIST Dictator Putin. 
Tariffs will make America millions, Reality it cost jobs and profit in America.
Fuel and food prices down..... you know. 
No more wars, made every friends and enemy while getting cosy with the worst of the worst.","wait america first no wars lower fuel prices lower food prices  make america great again! 
reality whos gain most in the past 2 years from american politics? communist dictator putin 
tariffs will make america millions reality it cost jobs and profit in america
fuel and food prices down you know 
no more wars made every friends and enemy while getting cosy with the worst of the worst",1
This chief Epstein criminal is unhinged. The US military needs to stop him,this chief epstein criminal is unhinged the us military needs to stop him,2
"If you receive an unknown number calling you, do not answer. It might be Trump trying to ask for a help to open the Strait of Hormuz",if you receive an unknown number calling you do not answer it might be trump trying to ask for a help to open the strait of hormuz,1
May they suffer even more! Long live hell for the tyrants!,may they suffer even more! long live hell for the tyrants!,2
A leader should be sensitive enough to feel the pain of those he leads and strong enough to bear it.– Abraham Lincoln...What Trump needs right now!!!!,a leader should be sensitive enough to feel the pain of those he leads and strong enough to bear it abraham lincolnwhat trump needs right now!!!!,1
Remember Isreal n Gulf states power plant will also be in danger of Iran retaliation,remember isreal n gulf states power plant will also be in danger of iran retaliation,1
"inarguably another war crime. by domestic laws, export bans on components for US military may become mandatory. we see the magazine depth, and good luck sourcing samarium from china.",inarguably another war crime by domestic laws export bans on components for us military may become mandatory we see the magazine depth and good luck sourcing samarium from china,1
"Won't end well trunp will turn up the heat!!!! Only the delusional think otherwise "" keep watching the delusional",wont end well trunp will turn up the heat!!!! only the delusional think otherwise  keep watching the delusional,1
Bro just loves War and wants WW3,bro just loves war and wants ww3,1
"Things are about to get REALLY BAD , REALLY QUICKLY 😬🥹",things are about to get really bad  really quickly,1
"If he meant it, then order the carpenter for more coffins",if he meant it then order the carpenter for more coffins,1
They're auditioning for Saturday Night Live ? ... especially the two Karens.,theyre auditioning for saturday night live ?  especially the two karens,1
Trump big mouth,trump big mouth,0
Permanent solution is usa go home.,permanent solution is usa go home,2
I have first class tickets to americas circus and their prime clown Trump 🤡🇺🇸🤡🇺🇸🤡🇺🇸🤡🇺🇸🤡🇺🇸🤡🇺🇸,i have first class tickets to americas circus and their prime clown trump,1
"Iran said if you do, Iran will hit back . Wait,I thought trump said he already destroyed Iran an he won. Which is it? Ahead of schedule? Israel is being bombed.",iran said if you do iran will hit back  waiti thought trump said he already destroyed iran an he won which is it? ahead of schedule? israel is being bombed,2
This is the boy that cried wolf now,this is the boy that cried wolf now,0
Uhhh i thought it's simple manoeuver to open it .. Trump is rly hilarious XD,uhhh i thought its simple manoeuver to open it  trump is rly hilarious xd,1
"""हम किसी ऐसे व्यक्ति को बर्दाश्त नहीं कर सकते जो खुद को दुनिया का मालिक समझता हो और सुबह उठकर कहे:

मैं ग्रीनलैंड ले लूंगा, मैं पनामा नहर ले लूंगा, मैं क्यूबा ले लूंगा, मैं वेनेजुएला ले लूंगा, मैं ईरान पर बमबारी करूंगा।

देशों की संप्रभुता होती है। और उसका सम्मान किया जाना चाहिए।""

लुइज़ इनासियो लूला दा सिल्वा, राष्ट्रपति ब्राजील","हम कस ऐस वयकत क बरदशत नह कर सकत ज खद क दनय क मलक समझत ह और सबह उठकर कह

म गरनलड ल लग म पनम नहर ल लग म कयब ल लग म वनजएल ल लग म ईरन पर बमबर करग

दश क सपरभत हत ह और उसक सममन कय जन चहए

लइज इनसय लल द सलव रषटरपत बरजल",0
WE ALL KNOW TACO TIME IS COMING LOL,we all know taco time is coming lol,1
"War crime admission? Hitting civilian power plants just because you are not able to win on your terms. Any issues with the war you ordered Mr President? Also, the shipping lane goes through iran's territorial waters, maybe orange taco should have thought about it beforehand",war crime admission? hitting civilian power plants just because you are not able to win on your terms any issues with the war you ordered mr president? also the shipping lane goes through irans territorial waters maybe orange taco should have thought about it beforehand,1
So where is the uranium?🤨,so where is the uranium?,1
It won’t bring peace when you massbomb a suicidal thinking regime. It’s so dumb,it wont bring peace when you massbomb a suicidal thinking regime its so dumb,2
Stop the war then! Trump is such an idiot.,stop the war then! trump is such an idiot,2
"Idiot TACO Trump at work again. What a moron! And that you Fox News keep on protecting this insanity. You can guess the outcome already: Iran will not budge and China will place peacekeepers in the area. Dumbass Trump wanted regime change, well, the US definitely will get it.",idiot taco trump at work again what a moron! and that you fox news keep on protecting this insanity you can guess the outcome already iran will not budge and china will place peacekeepers in the area dumbass trump wanted regime change well the us definitely will get it,1
Lol dudes a real dikhead,lol dudes a real dikhead,1
MIGA...... Thank you president Trump,miga thank you president trump,1
It’s illegal under the Geneva convention to bomb civilian infrastructure. That’s a war crime people,its illegal under the geneva convention to bomb civilian infrastructure thats a war crime people,1
Love President Trump lots ❤❤❤❤ get it done!!!,love president trump lots  get it done!!!,1
I support this as long as we’re willing to see it through. It’s going to take some tough measures to topple this regime.,i support this as long as were willing to see it through its going to take some tough measures to topple this regime,1
Playing to win move. Glad we have a real president now. Iran thinks they are going to drag this out. Think again. With no air defense we can hit anything at anytime. Its going to become unlivable in Iran until they throw them out.,playing to win move glad we have a real president now iran thinks they are going to drag this out think again with no air defense we can hit anything at anytime its going to become unlivable in iran until they throw them out,1
They will come back to haunt the world if no one nuke them😅,they will come back to haunt the world if no one nuke them,1
Sure sounds like the language of a sociopath to me..... When is Fox going to finally cry uncle?,sure sounds like the language of a sociopath to me when is fox going to finally cry uncle?,1
DEMAND?? TRY BEGGING,demand?? try begging,2
"Just imagine an Iran with nuclear missiles right now. They would have carried out their lifelong dream of putting a few nuclear weapons into missiles and sending them to Israel.

Now that Iran is being bombed into the stone age, they are going to try to take much of the world with them on their journey.

The only way to stop this is to increase the rate of airstrikes. Iran will go quiet; it is just a matter of how quickly. Don’t forget, these people have had a lifelong dream of destroying Israel, and that dream is now shattered. It is very traumatic for them, and they have not quite come to terms with their new future yet.","just imagine an iran with nuclear missiles right now they would have carried out their lifelong dream of putting a few nuclear weapons into missiles and sending them to israel

now that iran is being bombed into the stone age they are going to try to take much of the world with them on their journey

the only way to stop this is to increase the rate of airstrikes iran will go quiet it is just a matter of how quickly dont forget these people have had a lifelong dream of destroying israel and that dream is now shattered it is very traumatic for them and they have not quite come to terms with their new future yet",1
"Always punish immediately, don't wait 47 years later to straighten a tree. 😂😮",always punish immediately dont wait 47 years later to straighten a tree,2
America has turned into a paper tiger.,america has turned into a paper tiger,2
Who will listen to a lunatic 😂,who will listen to a lunatic,1
"How long before he dops the actual "" big one ""? We all know thats why has been itching to do

Crazy times we live in 

Sad","how long before he dops the actual  big one ? we all know thats why has been itching to do

crazy times we live in 

sad",1
"War is not peace.  Negotiation and diplomacy can support peace, but war is the counter opposite.",war is not peace  negotiation and diplomacy can support peace but war is the counter opposite,1
Lunatic in chief,lunatic in chief,
I thought trump said America doesn’t need it open🤷‍♂️,i thought trump said america doesnt need it open,
The Iranians are fighting back in defence of their homeland just as we would if a foreign power started bombing us and assassinating our leaders.,the iranians are fighting back in defence of their homeland just as we would if a foreign power started bombing us and assassinating our leaders,
Send in ground troops and watch all the u.s soldiers fall under trump,send in ground troops and watch all the us soldiers fall under trump,
Trumps going from raping children with Epstein  to murdering children using the American military....and you Americans are stupid enough to let him do this !,trumps going from raping children with epstein  to murdering children using the american militaryand you americans are stupid enough to let him do this !,
It's all about peace alright lol,its all about peace alright lol,
World war two wars clashing together Iran Russia usa Ukraine isreal,world war two wars clashing together iran russia usa ukraine isreal,
Or what? 😂😂😂,or what?,
Trump is not right in the head thy ole fk,trump is not right in the head thy ole fk,
Turn up on a Tuesday,turn up on a tuesday,
Useless trump media,useless trump media,
Epstien's boy is angry😂😂😂,epstiens boy is angry,
А на что влияют слова Трампа ?😂 про какой график он говорит? Всё пошло не по плану коалиции Эпштейна. 🤣,а на что влияют слова трампа ? про какой график он говорит? всё пошло не по плану коалиции эпштейна,
"A war that didnt need to happen,  idiot Trump has started chaos and is now in a fix.... more childish threats while making the world a far more dangerous place.",a war that didnt need to happen  idiot trump has started chaos and is now in a fix more childish threats while making the world a far more dangerous place,
"Donald, how is your special military operation going?",donald how is your special military operation going?,
This clown’s statements are no longer of interest to anyone — stop killing children and degrading USA.,this clowns statements are no longer of interest to anyone  stop killing children and degrading usa,
Hahaha Mr. Trump plz stop joking,hahaha mr trump plz stop joking,
OPERATION EPSTEIN FURY,operation epstein fury,
My Lai Massacre is worth investigating for those American Patriots who believe the USA war fighters can do no wrong.,my lai massacre is worth investigating for those american patriots who believe the usa war fighters can do no wrong,
"1ST ELOHIM.  HOPE WE CAN SAVE AS MUCH , DO THE RIGHT THING .. DO AS ELOHIM COMMANDS.. BECAUSE THE GREAT TRIBULATION IS NEAR THE CORNER.. . TORAH URGES.",1st elohim  hope we can save as much  do the right thing  do as elohim commands because the great tribulation is near the corner  torah urges,
I thought he didn't tell anyone his plans. He can't even keep his lies in the same day straight.,i thought he didnt tell anyone his plans he cant even keep his lies in the same day straight,
Trump is crashing out after his hubris led him into this trap,trump is crashing out after his hubris led him into this trap,
This clown shows how weak the u s a military really is. Think about it the u s a claims to have the strongest military yet it takes this long to end a war with a 3rd WORLD COUNTRY 3RD WORLD COUNTRY Really !!!! WEAK NATION JUST LIKE THEIR EDUCATION SYSTEM,this clown shows how weak the u s a military really is think about it the u s a claims to have the strongest military yet it takes this long to end a war with a 3rd world country 3rd world country really !!!! weak nation just like their education system,
I thought he said America won already?,i thought he said america won already?,
Fox gives me second hand embarrassment. That is a room temperature IQ kinda room. Nothin behind those weird eyes.,fox gives me second hand embarrassment that is a room temperature iq kinda room nothin behind those weird eyes,
"Whatever Fox wants you to believe, the fact is, Israel and the US launched an unprovoked attack on Iran.",whatever fox wants you to believe the fact is israel and the us launched an unprovoked attack on iran,
The stable genius is just so reliable. EPSTEIN BTW.,the stable genius is just so reliable epstein btw,
"⛔️🔴⛔️ Mr President, This is not a right decision at all, Cause unfortunately this regime doesn't care whatever makes difficulties for Iranians,  besides , they use it as propaganda against US , Also majority of Iranians who love President Trump now,  get suffered and consequently get upset of P.Trump if the Plants destroyed, Moreover,  this leads to increasing the international oil price too.
Please find a better way to push this stupid regime .","mr president this is not a right decision at all cause unfortunately this regime doesnt care whatever makes difficulties for iranians  besides  they use it as propaganda against us  also majority of iranians who love president trump now  get suffered and consequently get upset of ptrump if the plants destroyed moreover  this leads to increasing the international oil price too
please find a better way to push this stupid regime",
"Bibi still wanted war criminal, ICJ.",bibi still wanted war criminal icj,
Wheres Lee Harvey Oswald when the world needs him..,wheres lee harvey oswald when the world needs him,
You have a paedo criminal ideot  for a President,you have a paedo criminal ideot  for a president,
Trump needs to finish this! Turn their power off! Turn their water off! Turn them off!,trump needs to finish this! turn their power off! turn their water off! turn them off!,
From the UK to USA let bygones be bygones,from the uk to usa let bygones be bygones,
Think the oil markets really like this!  More money for them right?,think the oil markets really like this!  more money for them right?,
A War without justification. Huge mistake. Demanding other Countries thru SOCIAL MEDIA is failed poor diplomacy. The war without plan and possibility another Vietnam  . Pray  for America to right direction.,a war without justification huge mistake demanding other countries thru social media is failed poor diplomacy the war without plan and possibility another vietnam   pray  for america to right direction,
The modern day president.... angry tweets,the modern day president angry tweets,
The stable genius paedo at work,the stable genius paedo at work,
FAFO,fafo,
What a strategic genius? Open open or else.,what a strategic genius? open open or else,
Trumps gone from raping children with Epstein  to murdering children  using the American military....You Americans are stupid  enough to let him do it ?,trumps gone from raping children with epstein  to murdering children  using the american militaryyou americans are stupid  enough to let him do it ?,
We shall be here after 48hrs when Trump is coming up with another threat,we shall be here after 48hrs when trump is coming up with another threat,
Trump is a complete clown,trump is a complete clown,
Iran was prepared and ready.Trump is not one of those who scare Iran,iran was prepared and readytrump is not one of those who scare iran,
Trump promised us $2k tariff refunds and instead we get to pay for $200 billion for war with Iran.,trump promised us 2k tariff refunds and instead we get to pay for 200 billion for war with iran,
Welcome to Trumpflation MAGA,welcome to trumpflation maga,
Trump is een blaffende chihuahua.,trump is een blaffende chihuahua,
Senile someone needs to check him,senile someone needs to check him,
"I like how Trump keeps his chin high and looks down on everyone. He has pride, so funny.",i like how trump keeps his chin high and looks down on everyone he has pride so funny,
"What if God is still mad with Israel, Could Israel be nuked soon? Should have believed in him from the very beginning.",what if god is still mad with israel could israel be nuked soon? should have believed in him from the very beginning,
25th amendment,25th amendment,
Poor old felon. He thinks everyone  cares what he thinks. Not his former allies or his current enemies.,poor old felon he thinks everyone  cares what he thinks not his former allies or his current enemies,
This frustrating is bought to you by unwise aggression.,this frustrating is bought to you by unwise aggression,
Stop the bombing and killing  and negotiate....but who would trust Trump after what he's just done.....this is what happens when youu have a criminal for a President,stop the bombing and killing  and negotiatebut who would trust trump after what hes just donethis is what happens when youu have a criminal for a president,
Tell Granpa to FO.,tell granpa to fo,
Republicans are stupid......,republicans are stupid,
"Destroying to iran 
🇺🇸😡🤜🏻🇮🇷😵",destroying to iran,
He is fully frustrated after his begging didn't work,he is fully frustrated after his begging didnt work,
Yeah make Iran more violent again by making this stupid statements by US !!!! Trump is purposely making Iran react to his threats !!!!! Such a devil this trump !!!! N Israel,yeah make iran more violent again by making this stupid statements by us !!!! trump is purposely making iran react to his threats !!!!! such a devil this trump !!!! n israel,
Can't FOX inteview someone of importantance at the White House like a janitor or the guy who takes trash out. Must FOX keep talking to the same loser expecting different results?,cant fox inteview someone of importantance at the white house like a janitor or the guy who takes trash out must fox keep talking to the same loser expecting different results?,
"Everybody in the comments, screaming ""WAR CRIME WAR CRIME WAR CRIME!!! Y'all need to back up a minute. While those power plants are nominally administered by Iran's government power ministry, they are protected and actually operated by the IRGC. That makes them legitimate military targets.
NOT a war crime if targeted and destroyed.","everybody in the comments screaming war crime war crime war crime!!! yall need to back up a minute while those power plants are nominally administered by irans government power ministry they are protected and actually operated by the irgc that makes them legitimate military targets
not a war crime if targeted and destroyed",
😂😂😂 I like the female clown voice,i like the female clown voice,
You have paedo criminal nut job for a President.....thhats a war crime in its self,you have paedo criminal nut job for a presidentthhats a war crime in its self,
Trump is delusional and in bed with his husband Bibi,trump is delusional and in bed with his husband bibi,
😅😅😅😅 stop the threats no one is scared of paper tiger Americans uh want the Straight come get it.,stop the threats no one is scared of paper tiger americans uh want the straight come get it,
Trump does not follow up on deadlines. That is the reality.,trump does not follow up on deadlines that is the reality,
"Pearl Harbour - The Day of Infamy. 

Now US sank the entire Iran navy in its own make of pearl harbour on Iranians in 2026.

 And went further killing its Head of State and its senior leaders. now threatening to use more destruction. 

So this was a professed democratic country, Christian nation and human rights and free speech and all?

What evil has the US become? The hate and disregards for human lives.","pearl harbour  the day of infamy 

now us sank the entire iran navy in its own make of pearl harbour on iranians in 2026

 and went further killing its head of state and its senior leaders now threatening to use more destruction 

so this was a professed democratic country christian nation and human rights and free speech and all?

what evil has the us become? the hate and disregards for human lives",
It’s all about peace?  We started this war.,its all about peace?  we started this war,
Blaffende honden bijten niet.,blaffende honden bijten niet,
The most delusional news network in history,the most delusional news network in history,
I thought Trump had already ‘obliterated’ Iran. How many times can you obliterate something or has he learnt a new big word and wants to keep using it 😀,i thought trump had already obliterated iran how many times can you obliterate something or has he learnt a new big word and wants to keep using it,
One can follow girls who take their clothes off or some old man.,one can follow girls who take their clothes off or some old man,
"Its not ""WAR"" 😂😂😂 where the jokers who told that",its not war  where the jokers who told that,
"Iran can hit Europe.

The Orange better think this through.😂","iran can hit europe

the orange better think this through",
48h  like the 24h to end Russias war on Ukraine,48h  like the 24h to end russias war on ukraine,
"I was also thinking that, maybe 24h max.",i was also thinking that maybe 24h max,
Stupid...,stupid,
😂😂😂😂 trump est un comique,trump est un comique,
"If we know one thing, we know one person at FOX is following his posts.",if we know one thing we know one person at fox is following his posts,
"We should open up Epstein cases, instead of opening another war",we should open up epstein cases instead of opening another war,
For the iranian people..😅😅😅😅,for the iranian people,
"That's gonna finally give the Iranians a wake up call and finally realize the truth about the irgc that they are not what they say against the u.s, just like with whats going on in Cuba ,its gonna change the sentiment within iran significantly.and hopefully they rise up and change  their country 👍",thats gonna finally give the iranians a wake up call and finally realize the truth about the irgc that they are not what they say against the us just like with whats going on in cuba its gonna change the sentiment within iran significantlyand hopefully they rise up and change  their country,
The dimwit doesn't realize who he's dealing with. They've been planning this for 40 years,the dimwit doesnt realize who hes dealing with theyve been planning this for 40 years,
"48h ?
And who will be on the first ship to test it? Barron?","48h ?
and who will be on the first ship to test it? barron?",
Trump and his motor mouth.,trump and his motor mouth,
They don't give this Oligarchy puppet Internet fs hey Trump we're losing maybe the genocidal maniacs in Israel will give you a propagandized report. The world hates us,they dont give this oligarchy puppet internet fs hey trump were losing maybe the genocidal maniacs in israel will give you a propagandized report the world hates us,
"This is a war crime, if you do it.",this is a war crime if you do it,
"A lot of stupid comments here! 
Hey, I know you losers need money, but this ""paid comments"" gig can't be lucrative.","a lot of stupid comments here! 
hey i know you losers need money but this paid comments gig cant be lucrative",
The power plant will moreso affect the general Iranian population. The regime itself won't give a crap as they are on a suicide mission,the power plant will moreso affect the general iranian population the regime itself wont give a crap as they are on a suicide mission,
"Once you drop the mines, its kinda hard to pick them back up again... Especially if your Navy is obliterated.",once you drop the mines its kinda hard to pick them back up again especially if your navy is obliterated,
oh...this is FOX. no wonder.,ohthis is fox no wonder,
"Sure... whatever....
and Trump demanded +$10 billion of Taxpayer money as 'restitution' for his failed court cases  =
MAGA = that is 25,000 years of current US President salaries...     twenty five fkking thousand YEARS !!!!     and you still worship that con-man !?","sure whatever
and trump demanded 10 billion of taxpayer money as restitution for his failed court cases  
maga  that is 25000 years of current us president salaries     twenty five fkking thousand years !!!!     and you still worship that conman !?",
But we won already,but we won already,
"Yeah, just a guess:  Iran says no.",yeah just a guess  iran says no,
Why you don’t have oil😂😂,why you dont have oil,
I’ll wait.. 48hrs… I’ll wait….lol,ill wait 48hrs ill waitlol,
"Trump you are the stupidest president in history of America,😂😅, you talking like you tell melania to spread her legs to get some,🤣😂",trump you are the stupidest president in history of america you talking like you tell melania to spread her legs to get some,
ok i raise you one more,ok i raise you one more,
"Day 1: We won
Day 2:  We are winning 
Day 3: Send help
Day 4: Please stop","day 1 we won
day 2  we are winning 
day 3 send help
day 4 please stop",
Trump stinks,trump stinks,
"Seems to me that they are missing the point. There is a vast ocean out there to sail on. If one is too congested, find another. USA, your leader is single handedly responsible for the war with Iran, the destruction of so many nations in that area and the current price of oil. This is not something any other country wanted, but you blatantly ignored this. The USA is not the only place filled with people, you know?",seems to me that they are missing the point there is a vast ocean out there to sail on if one is too congested find another usa your leader is single handedly responsible for the war with iran the destruction of so many nations in that area and the current price of oil this is not something any other country wanted but you blatantly ignored this the usa is not the only place filled with people you know?,
Trump says exactly what the Israeli Prime Minister orders.,trump says exactly what the israeli prime minister orders,
Go for it dude,go for it dude,
Trump Threatened Iran If you don’t open Hormuz in 48 hours please tell me when will you open it?😂,trump threatened iran if you dont open hormuz in 48 hours please tell me when will you open it?,
The biggest one in each city sounds better,the biggest one in each city sounds better,
Just Nuke  the IRGC which can end the War!,just nuke  the irgc which can end the war!,
It's time to exterminate the ayatollahs!😇,its time to exterminate the ayatollahs!,
"The Iranian government seems more comfortable going down with the ship than surrendering. Wipe them out. People will die, and that’s unfortunate but it is what it is.",the iranian government seems more comfortable going down with the ship than surrendering wipe them out people will die and thats unfortunate but it is what it is,
I have to admit he’s doing an excellent job of steering attention away from the Epstein files.,i have to admit hes doing an excellent job of steering attention away from the epstein files,
Finally a Leader with nuts..big ones😂,finally a leader with nutsbig ones,
Siapa elu??,siapa elu??,
"Trump should Nuke Iran immediately and evacuate the Christians, and Citizens willing to cooperate with a new regime change. Just microwave absolutely everybody in  the vicinity of Irans capital",trump should nuke iran immediately and evacuate the christians and citizens willing to cooperate with a new regime change just microwave absolutely everybody in  the vicinity of irans capital,
Im surprised usa doesnt take out iran regime. And trump misses deadline after deadline with Russia,im surprised usa doesnt take out iran regime and trump misses deadline after deadline with russia,
"it's only closed/off limits to US tankers
and that's 100% fair enough","its only closedoff limits to us tankers
and thats 100 fair enough",
"Forever war since the 1980's, and no end in sight",forever war since the 1980s and no end in sight,
Deadline is only for you fox news not for Iranians..,deadline is only for you fox news not for iranians,
US lift the senctions for Iran Oil😮??? So US funds the Mullahs and the War for Iran. And friendly Nations can't sell their Oil becauce Iran do not open the Straight for them!!!  It's that's Tru.....this is crazy..and by the way it do not help putting the oil price down. RUSSIA IS HAPPPY TOO AND CHINA STILL GET OIL.,us lift the senctions for iran oil??? so us funds the mullahs and the war for iran and friendly nations cant sell their oil becauce iran do not open the straight for them!!!  its thats truthis is crazyand by the way it do not help putting the oil price down russia is happpy too and china still get oil,
"he is escalating to the point where he left with no choice other than dropping a nuke on Iran, making him the biggest mass killer in history.",he is escalating to the point where he left with no choice other than dropping a nuke on iran making him the biggest mass killer in history,
tidak semuda melontarkan kata2. saya berharap dia cepat terbangun dari mimpinya 😂😂😂,tidak semuda melontarkan kata2 saya berharap dia cepat terbangun dari mimpinya,
The man baby has started world war 3...congratulations old man.,the man baby has started world war 3congratulations old man,
keyboard Nam hero getting jolly with mama threats.....................nuffsed ear..........................,keyboard nam hero getting jolly with mama threatsnuffsed ear,
✨️✨️💯✨️✨️ Done 🔨🙏,done,
Trump will be going to hell for sure,trump will be going to hell for sure,
"Strange, according to Trump he destroyed the navy, the missile sites, the air force...basically everything...what else does Iran threaten the streets with?",strange according to trump he destroyed the navy the missile sites the air forcebasically everythingwhat else does iran threaten the streets with?,
America will be going to hell,america will be going to hell,
"Taking people their electricity away  is an excellent idea. Many more will hate it, and the government demanding retaliation will love it.",taking people their electricity away  is an excellent idea many more will hate it and the government demanding retaliation will love it,
"Yes!  War crimes against Blob!  You humanguly are so ignorant! 
 If he takes out power there what the trump does that solve?   Higher trumping oil prices and a humanitarian crisis the likes that none of you trumping facists have trumping seen.
  Cant you all just learn some decency or show a little bit of trumping education.  TRUMP DJT!","yes!  war crimes against blob!  you humanguly are so ignorant! 
 if he takes out power there what the trump does that solve?   higher trumping oil prices and a humanitarian crisis the likes that none of you trumping facists have trumping seen
  cant you all just learn some decency or show a little bit of trumping education  trump djt!",
"Just open !
We are in a hurry..
Cubans are waiting  !","just open !
we are in a hurry
cubans are waiting  !",
Iran will turn into a third world country overnight. But at least they will be a free people. So glad we have a president with standards.  America first 🇺🇸,iran will turn into a third world country overnight but at least they will be a free people so glad we have a president with standards  america first,
blah blah blah same shite effin DO IT!!,blah blah blah same shite effin do it!!,
Trump is not Biden he is not messing  around.,trump is not biden he is not messing  around,
"der US-Epstein Porno Darsteller geht komplett baden, der Iran hat alles Recht um seine ermordeten Kinder zu rächen,
ich würde zum Abschied die eigenen AKW in Tschernobyl verwandeln + schmutzige Bomben.","der usepstein porno darsteller geht komplett baden der iran hat alles recht um seine ermordeten kinder zu rächen
ich würde zum abschied die eigenen akw in tschernobyl verwandeln  schmutzige bomben",
Karen reporter said Iran hijacks the straits whenever they please like they weren't attacked.,karen reporter said iran hijacks the straits whenever they please like they werent attacked,
"Trump and his republican lemmings are seriously psychopathic and very insecure. ""Cut off the head of the snake and the body will die"".",trump and his republican lemmings are seriously psychopathic and very insecure cut off the head of the snake and the body will die,
Nuke em,nuke em,
"The clueless panelist suggesting almost that it is simple to do quickly is an imbecile at best.

Do you not remember? we thought the last time we were in the middle east it was going to be super speedy too..

Iran is big country with lots of places to hide, all it takes for ships not to roll is Samir in his crocks laying in the hills while launching 1 off, the next day some other sad sack does it.

The only way to win is to put yourselves in their position. Stop acting like the enemy is not willing to die for it.","the clueless panelist suggesting almost that it is simple to do quickly is an imbecile at best

do you not remember? we thought the last time we were in the middle east it was going to be super speedy too

iran is big country with lots of places to hide all it takes for ships not to roll is samir in his crocks laying in the hills while launching 1 off the next day some other sad sack does it

the only way to win is to put yourselves in their position stop acting like the enemy is not willing to die for it",
oh? really? I heard Trump had won ...let me see..... since three weeks ago?,oh? really? i heard trump had won let me see since three weeks ago?,
"So its not about the protesters anymore, he doesnt really care about civilians, was it all a lie?",so its not about the protesters anymore he doesnt really care about civilians was it all a lie?,
Tell trump to fk himself.😂 US mainland attack by all countries needed.,tell trump to fk himself us mainland attack by all countries needed,
Iran is making a total laughing stock of our country and the orange s offender. 🤣🤣🤣🤣🤣,iran is making a total laughing stock of our country and the orange s offender,
This is just dumb.,this is just dumb,
Everyone say goodbye to Israel. It will be unlivable in three days.,everyone say goodbye to israel it will be unlivable in three days,
ooooh grrrr  - Iran is afraid  - 🤣🤣🤣,ooooh grrrr   iran is afraid,
"Haven't we won already?  Like several times?

In addition to now degrading what we've already ""obliterated"", still winning what we've already ""won"" we are now demanding NATO for help that we don't need and requesting for $200B more that we don't have.

All that money literally being blown up to make our lives even more miserable than it already is.

What a total embarrassing disaster.  Leave Netanyahu to fight the war he has wanted for 40 years.  Lindsey Graham, John Bolton and a few other chicken hawks aside NOBODY in this country wanted it.","havent we won already?  like several times?

in addition to now degrading what weve already obliterated still winning what weve already won we are now demanding nato for help that we dont need and requesting for 200b more that we dont have

all that money literally being blown up to make our lives even more miserable than it already is

what a total embarrassing disaster  leave netanyahu to fight the war he has wanted for 40 years  lindsey graham john bolton and a few other chicken hawks aside nobody in this country wanted it",
Why should Iran open the Strait!?,why should iran open the strait!?,
"God bless you Trump.
May God give you Wisdom in your decision.","god bless you trump
may god give you wisdom in your decision",
"Trump your F35 pilot afraid to go Iran air space now, after a F35 plane was hit by Iran missiles",trump your f35 pilot afraid to go iran air space now after a f35 plane was hit by iran missiles,
DONALD TRUMP ; you will Go in the history books as THE BIGGEST AND FATTEST LOOSER ALL TIME!!,donald trump  you will go in the history books as the biggest and fattest looser all time!!,
This backed Trump into a corner that he has to act if his demands are not met 0415 Tuesday Tehran time,this backed trump into a corner that he has to act if his demands are not met 0415 tuesday tehran time,
He knows they are coming for him now and his pathetic family. And no one cares. That's reality.,he knows they are coming for him now and his pathetic family and no one cares thats reality,
Let the Israeli boat 🚢⛵ pass first 😂 😆,let the israeli boat  pass first,
Itan will ignore,itan will ignore,
Trump is scared 😅,trump is scared,
"Lol. Paper Tiger President is blustering again.. big talk, little man. TACO Trump will say something else in a couple of days and make up a reason why he is backing down and Fox will say it's an amazing tactic. Losers.",lol paper tiger president is blustering again big talk little man taco trump will say something else in a couple of days and make up a reason why he is backing down and fox will say its an amazing tactic losers,
Playing the market again lol.,playing the market again lol,
"This is an empty threat. Duck wants to distract the Iranian anti aircraft system that currently shot down the F35 and F16 to be stationed near the power plants, so the US and Israel can learn about it. Currently they were shocked as they thought Iran couldn't even able to shoot down a helicopter, but suddenly could turn the ghost of the sky into wreck on the ground.",this is an empty threat duck wants to distract the iranian anti aircraft system that currently shot down the f35 and f16 to be stationed near the power plants so the us and israel can learn about it currently they were shocked as they thought iran couldnt even able to shoot down a helicopter but suddenly could turn the ghost of the sky into wreck on the ground,
"C'mon Trump, give them two weeks!",cmon trump give them two weeks!,
"trump begged iran to surroud long time ago,and now ?",trump begged iran to surroud long time agoand now ?,
Yes Iran will end,yes iran will end,
"Shut up and end the war, the strait of Hormuz was peaceful before criminal trump and criminal netanyahu started the war ILLEGALLY",shut up and end the war the strait of hormuz was peaceful before criminal trump and criminal netanyahu started the war illegally,
Epstein...Epstein..Epstein...This is an illegal war!!!...,epsteinepsteinepsteinthis is an illegal war!!!,
I used to get the impression that Donald Duck was a reasonable and competent leader. I was very wrong about him. He is inadequate and poses a threat to the whole world.,i used to get the impression that donald duck was a reasonable and competent leader i was very wrong about him he is inadequate and poses a threat to the whole world,
Well retreat and all will be fine again,well retreat and all will be fine again,
Worst president ever.,worst president ever,
Iran publicly announced all except American vessels have excess to it. But No news channel in america shows it.,iran publicly announced all except american vessels have excess to it but no news channel in america shows it,
"Stand tall Iran!!

🏆",stand tall iran!!,
"Fox ""news"" is just disgusting & pathetic neocon war propaganda.",fox news is just disgusting  pathetic neocon war propaganda,
still reporting fake news.,still reporting fake news,
"Humanity first! Destroying other nations can't make you a great country.  False accusation for recklessness in Libya, Afghanistan, Iraq, DRC, Palestine Gaza, Syria, Venezuela, Cuba etc Live and let others live. Iran is not Venezuela. We came with nothing, we go with nothing. Vanity upon vanity. Enough of killing innocent souls.",humanity first! destroying other nations cant make you a great country  false accusation for recklessness in libya afghanistan iraq drc palestine gaza syria venezuela cuba etc live and let others live iran is not venezuela we came with nothing we go with nothing vanity upon vanity enough of killing innocent souls,
Fox thinks this will bring peace? Fox needs to be disbanded and its leadership exiled from this country.,fox thinks this will bring peace? fox needs to be disbanded and its leadership exiled from this country,
Trump Move To Demands Strike Irans Power Plant And Instructure Over IRGC Blocked Straits Of Hormuz 👏👏👏👏,trump move to demands strike irans power plant and instructure over irgc blocked straits of hormuz,
those files must be something horrible if ww3 needs to be started,those files must be something horrible if ww3 needs to be started,
Trump reacting desperate. He should have thought about the Consequences before starting an illegal War.,trump reacting desperate he should have thought about the consequences before starting an illegal war,
As a European omg what kind of fakenews channel is this I’m shocked 😳,as a european omg what kind of fakenews channel is this im shocked,
"There you go, that is the President I hated and now love. A President with a pair the size of bowling balls. Our Teddy Roosevelt. What an honor to be alive and see such a great American President instead of reading about him in history books.",there you go that is the president i hated and now love a president with a pair the size of bowling balls our teddy roosevelt what an honor to be alive and see such a great american president instead of reading about him in history books,
"Thought the war was nearly over and we had won.  

But there goes Trump escalating matters. Start hitting infrastructure and Iran will hit infrastructure of nations around the Persian Gulf and Israel.","thought the war was nearly over and we had won  

but there goes trump escalating matters start hitting infrastructure and iran will hit infrastructure of nations around the persian gulf and israel",
Americans deserve the worst consequences of selecting the world’s most crooked criminal conman to be their President which ended with a war they didn’t need in the 1st place!,americans deserve the worst consequences of selecting the worlds most crooked criminal conman to be their president which ended with a war they didnt need in the 1st place!,
THE STRAIT OF HORMUZ IS OPEN JUST NOT TO TRUMP OR NETANYAHU. DUMB ASSES,the strait of hormuz is open just not to trump or netanyahu dumb asses,
"Just a couple days ago Trump asked for help, then he said America doesn’t need the straight, now he’s demanding it open 😂, ladies in gentleman you are witnessing Iran beat America in this war",just a couple days ago trump asked for help then he said america doesnt need the straight now hes demanding it open  ladies in gentleman you are witnessing iran beat america in this war,
"SHUT UP, criminal trump, for example this is criminal trump who kidnapped sitting president maduro, this is criminal trump who killed sitting Iran leader, this is criminal trump who started the war that led to closure of strait of Hormuz, before criminal trump and criminal netanyahu started the war, the strait of Hormuz was open, so stop the war you started, IRAN HAS TO BE VIGILANT",shut up criminal trump for example this is criminal trump who kidnapped sitting president maduro this is criminal trump who killed sitting iran leader this is criminal trump who started the war that led to closure of strait of hormuz before criminal trump and criminal netanyahu started the war the strait of hormuz was open so stop the war you started iran has to be vigilant,
"Womp, Womp, Womp, womp at this point we're listening to Charlie Brown's teacher",womp womp womp womp at this point were listening to charlie browns teacher,
"What happened to ""surrender""😂😂 poor chump🤣",what happened to surrender poor chump,
"IT'S A TRAP!       In real world news, anyone seen the current cover of The Economist? Classic!",its a trap!       in real world news anyone seen the current cover of the economist? classic!,
😂hopefully the tankers get bombed just like iran said,hopefully the tankers get bombed just like iran said,
Let Isreal soldiers do what they planned to do maybe them they can open it as for America they have already lost like in Vietnam😂😂😂,let isreal soldiers do what they planned to do maybe them they can open it as for america they have already lost like in vietnam,
lol these guys are just sucking up. TACO won't do anything,lol these guys are just sucking up taco wont do anything,
Operation AIPAC FUBAR,operation aipac fubar,
What a waste of life.,what a waste of life,
Believe when i see,believe when i see,
Strait is open. If you pay in yuan.,strait is open if you pay in yuan,
Trump threatens to commit war crimes.,trump threatens to commit war crimes,
Fk Trump!!!!!,fk trump!!!!!,
"i am sure these guys know what is going on too , still carrying out israeli propaganda. how much u need to get paid to say all these at this channel :)",i am sure these guys know what is going on too  still carrying out israeli propaganda how much u need to get paid to say all these at this channel,
I wonder who made trump president 😑,i wonder who made trump president,
Always hoping for victory😂😂. But only hopes for fox news. But in reality 😢,always hoping for victory but only hopes for fox news but in reality,
Nobel Peace Prize??? Might as well award FOX News an award for world class journalism! Anybody working for FOX News who is reading this should resign now,nobel peace prize??? might as well award fox news an award for world class journalism! anybody working for fox news who is reading this should resign now,
This is his version of “winding down operations”😂   Oil going to sky rocket 🚀,this is his version of winding down operations   oil going to sky rocket,
"You don't have any right to strike iran, you started the way, so shut up",you dont have any right to strike iran you started the way so shut up,
Trump is demon,trump is demon,
"Trump is a joker and America is a circus… and a bad one 

USA is under most corrupt and insane regime right now 

We need a regime change in USA 

This USA regime is danger for Mother Earth existence","trump is a joker and america is a circus and a bad one 

usa is under most corrupt and insane regime right now 

we need a regime change in usa 

this usa regime is danger for mother earth existence",
WE SEE HOW TRUMP'S BULLING GETS RESULTS.. THAT WILL NOT WORK ON IRAN...,we see how trumps bulling gets results that will not work on iran,
I thought we jumped Venezuela and hijacked they’re oil? I was under the impression we’re suppose to be paying less at the pump?,i thought we jumped venezuela and hijacked theyre oil? i was under the impression were suppose to be paying less at the pump?,
"These Idiots think it’s going to open, 😂",these idiots think its going to open,
"""Obliterated"" 🤦🏽‍♂️🤡🤡🤡",obliterated,
Trumpstein: 1st day we won the war after 15 day's later hey Neto hey Europe also begging to China for help 🥴,trumpstein 1st day we won the war after 15 days later hey neto hey europe also begging to china for help,
lol,lol,
"Trumps threat is like threatening his own poop before flushing it…

Hey poop, I’m going to flush you in 5 minutes 😂😂😂","trumps threat is like threatening his own poop before flushing it

hey poop im going to flush you in 5 minutes",
Tell the man child to sit down. Others are trying to clean up his mess....,tell the man child to sit down others are trying to clean up his mess,
"He's gonna get the red sea blocked, more oil price hikes.",hes gonna get the red sea blocked more oil price hikes,
"Iran will defeat the United States of Israel, it's just a matter of time! The American flag is just a vassal of Israel you should never be showing respect for the American flag",iran will defeat the united states of israel its just a matter of time! the american flag is just a vassal of israel you should never be showing respect for the american flag,
Trump killed the fbi director,trump killed the fbi director,
Send troops on the ground. “The war is not on tweet the war is on the field” as a wise man said.,send troops on the ground the war is not on tweet the war is on the field as a wise man said,
Fuqqq USrael,fuqqq usrael,
Trump says 48 hours lol like they really care what he says o my what clown show in the White House !  Iran will just keep launching more missiles . And the US economy will go all to hell because of dumb dumb orang face clown 🤡Trump !,trump says 48 hours lol like they really care what he says o my what clown show in the white house !  iran will just keep launching more missiles  and the us economy will go all to hell because of dumb dumb orang face clown trump !,
"BTW bombing a power plant is a war crime. Especially if one has a nuclear power reactor connected to it and radiation leaks out. Its a severe war crime,",btw bombing a power plant is a war crime especially if one has a nuclear power reactor connected to it and radiation leaks out its a severe war crime,
International world has been suspended and US is the one running world,international world has been suspended and us is the one running world,
The Orange SOB should know that would be a war crime,the orange sob should know that would be a war crime,
The goal was always a war of annihilation like Gaza so he's looking for any excuse to harm civilians.,the goal was always a war of annihilation like gaza so hes looking for any excuse to harm civilians,
Destroying civilian infrastructure is a war crime...,destroying civilian infrastructure is a war crime,
Good FAFO people,good fafo people,
Automic bomb is needed for stop war,automic bomb is needed for stop war,
"How often do asylum seekers change their mind after escaping 
 People are terrified of the regime,
regime toolkit ceremonies on niroz day Persian
BBC
Teenager among first to be executed over Iran's anti-government protests
TRT World
Iran's women's football team returns to 'hero's welcome' after asylum drama

irgc cut off the population, response is to cut off irgc/military

Iran regime military blocked internet and
isolated their population, and want the world to suffer
Trump destroying electricity grid and energy is fair and effective response to eliminate gangster regime grip on population","how often do asylum seekers change their mind after escaping 
 people are terrified of the regime
regime toolkit ceremonies on niroz day persian
bbc
teenager among first to be executed over irans antigovernment protests
trt world
irans womens football team returns to heros welcome after asylum drama

irgc cut off the population response is to cut off irgcmilitary

iran regime military blocked internet and
isolated their population and want the world to suffer
trump destroying electricity grid and energy is fair and effective response to eliminate gangster regime grip on population",
A quarter trillion to help make Israel a superpower! MAGA!,a quarter trillion to help make israel a superpower! maga!,
TRUMP🇺🇲🗽🇺🇲🗽🇺🇲🗽🇺🇲🗽🇺🇲🗽🇺🇲,trump,
There is a 50/50 chance Trump will pivot.,there is a 5050 chance trump will pivot,
"When you see that the comments in FOX news started looking like in CNN I worry. Trump will have to get  out of this one very soon or will feel the pain in midterms, we are hurt with this non sense war",when you see that the comments in fox news started looking like in cnn i worry trump will have to get  out of this one very soon or will feel the pain in midterms we are hurt with this non sense war,
"Do as i say or i'll bomb you.........Again.......LMAO , Trump is such a joke.",do as i say or ill bomb youagainlmao  trump is such a joke,
"Winning, but you still need $200 billion and can't open up the straight. Begging. Like a big B.",winning but you still need 200 billion and cant open up the straight begging like a big b,
GREAT CONTENT 🎉,great content,
"It's a slow grinding process.  Iran - finely ground with sprinkles of IRG on toast.  I would take Trump seriously.  Iran - if you are listening,  wake up.  Iran cannot be allowed to dictate world trade terms and conditions.  A recent poll gave Trump 100% support.  ""An NBC News poll highlighted by CNN's Harry Enten found Trump with 100% approval among MAGA Republicans.""",its a slow grinding process  iran  finely ground with sprinkles of irg on toast  i would take trump seriously  iran  if you are listening  wake up  iran cannot be allowed to dictate world trade terms and conditions  a recent poll gave trump 100 support  an nbc news poll highlighted by cnns harry enten found trump with 100 approval among maga republicans,
"If you dont have nukes, US will invade your country.",if you dont have nukes us will invade your country,
0:58 they’re licking his balls and trying to make him sound like he’s scary serious 😂😂😂 lmk he’s a joke,058 theyre licking his balls and trying to make him sound like hes scary serious  lmk hes a joke,
"Wait a minute, are you sure he didn't say 2 weeks?  Trump could claim victory today, but his ego won't allow it, and for that, many more people will die, including Americans.  I'll give you one thing FOX; you are loyal cheerleaders. God bless our troops!",wait a minute are you sure he didnt say 2 weeks?  trump could claim victory today but his ego wont allow it and for that many more people will die including americans  ill give you one thing fox you are loyal cheerleaders god bless our troops!,
"I demand impeachment and hopefully some of the lives, economies, and damage isn't too great",i demand impeachment and hopefully some of the lives economies and damage isnt too great,
Trump did not say when the 48 hr. start..,trump did not say when the 48 hr start,
"I don't think Trump is in a position to demand anything...Iran is just defending itself, Netayahu played Trump for a fool.",i dont think trump is in a position to demand anythingiran is just defending itself netayahu played trump for a fool,
1:53 wait a minute. Wth are you talking about. No he didn't. He said this would only take 4 days!,153 wait a minute wth are you talking about no he didnt he said this would only take 4 days!,
That just gon make things worse,that just gon make things worse,
Hit some as a warning.,hit some as a warning,
"If he does that, all those Iranians that supported Trump will turn against him and the US will create even more enemies out of this, just like what happened with Afghanistan and Iraq.",if he does that all those iranians that supported trump will turn against him and the us will create even more enemies out of this just like what happened with afghanistan and iraq,
Oh my god yesterday our oil price rise again please stop this meaningless war.,oh my god yesterday our oil price rise again please stop this meaningless war,
"do the Iranians care about this moan president. he betrayed American. give us one reason that this was is for the sake of America.he in one way under influence of Epstein file, in other way he does listen to his son-in-law the result american should pay the price",do the iranians care about this moan president he betrayed american give us one reason that this was is for the sake of americahe in one way under influence of epstein file in other way he does listen to his soninlaw the result american should pay the price,
fafo,fafo,
HEy FOx....nice WaR.....YOU GUYS ALways LOOk so HAPPy....,hey foxnice waryou guys always look so happy,
These people..,these people,
"President doesn’t fool around , he is just one",president doesnt fool around  he is just one,
Let Israel burn. Problem solved,let israel burn problem solved,
"Japan leader was not greeted properly she had to enter through the servants door 
You know trump did that in purposes because that's the welcoming he is getting","japan leader was not greeted properly she had to enter through the servants door 
you know trump did that in purposes because thats the welcoming he is getting",
"If the war against Iran continues, we haven't won 🤔 Trump kept saying that",if the war against iran continues we havent won  trump kept saying that,
"Trump's talks with japan was so stupid.
Japan leader said she won't come back to the country .she was disrespected 
Lead in the servants door 
No reception 
And then when she sat down to talk with him   
He had to mention the bombing id japan 
I think we just saw your last Japanese tourist 
The country will remove the US from its list of travel destinations 
 Ever mind get them to help America with the battle with Iran 
If he insulted her one more time they might just send drones to Iran to help Iran fight America 
It could not of gone worse","trumps talks with japan was so stupid
japan leader said she wont come back to the country she was disrespected 
lead in the servants door 
no reception 
and then when she sat down to talk with him   
he had to mention the bombing id japan 
i think we just saw your last japanese tourist 
the country will remove the us from its list of travel destinations 
 ever mind get them to help america with the battle with iran 
if he insulted her one more time they might just send drones to iran to help iran fight america 
it could not of gone worse",
Go Through,go through,
"Start bombing their power plants one at a time. If that doesn’t work start bombing their oil infrastructure. If that doesn’t work make Iran look like Dresden, Germany after WW2.",start bombing their power plants one at a time if that doesnt work start bombing their oil infrastructure if that doesnt work make iran look like dresden germany after ww2,
God helps us the problem he started it’s there land ?  How about let’s talk about peaceful means to end this,god helps us the problem he started its there land ?  how about lets talk about peaceful means to end this,
"ME oil will go up in flame with the first strike. There will be no oil to ship.
Also - US media cheering on a war crime?
The 21 st century Nuremberg will be mighty busy.","me oil will go up in flame with the first strike there will be no oil to ship
also  us media cheering on a war crime?
the 21 st century nuremberg will be mighty busy",
Thought he already won 😆,thought he already won,
"48 hours, Not two weeks🤔🤔🤔",48 hours not two weeks,
Hell yea trump ain't playing games 48 hours or it's lights out !,hell yea trump aint playing games 48 hours or its lights out !,
Just give palestine back. Make it a democracy.,just give palestine back make it a democracy,
"who states this war? America and Israel

so GTFO trump","who states this war? america and israel

so gtfo trump",
TACO,taco,
"Trump threatens, Trump obliterates, Trump demands. I wonder if he’ll wear a flight suit like Dubbyah did.",trump threatens trump obliterates trump demands i wonder if hell wear a flight suit like dubbyah did,
Vortsek Trump 😈😈😈,vortsek trump,
"Americans, beware of the enemy from within... like someone said ... the one that weakens you inside and out, claiming it’s all for your benefit while thriving on your suffering.",americans beware of the enemy from within like someone said  the one that weakens you inside and out claiming its all for your benefit while thriving on your suffering,
"Never start something you can't finish, stinking go@t.",never start something you cant finish stinking go,
"Full of shirts 😂 !  what about the Palestinian babies 👶 over 20000 were killed shredded into pieces 😢 😫 💔 
This is the opportunity to fight for the poor Palestinian people 😢 😔 😪","full of shirts  !  what about the palestinian babies  over 20000 were killed shredded into pieces    
this is the opportunity to fight for the poor palestinian people",
From demanding unconditional surrender to begging for help and now 48 hour threat 😂😂😂,from demanding unconditional surrender to begging for help and now 48 hour threat,
Trump can't meet with foreign leaders because he is insults them and loses their support,trump cant meet with foreign leaders because he is insults them and loses their support,
"This is turning into a proxy war with Russia supplying drones 
Taco man has really earned his nickname 
The war is going to last until Iran is bored of sending out drones to hit oil refineries","this is turning into a proxy war with russia supplying drones 
taco man has really earned his nickname 
the war is going to last until iran is bored of sending out drones to hit oil refineries",
This is very concerning.,this is very concerning,
Operation Epic Disaster,operation epic disaster,
HAHAHAHA...just like Trump obliterated their nuclear weapons? just like Trump obliterated their navy?just like Trump obliterated everything of Iran defense? non stop lies and confusion from an incompetent and ignorant man...HAHAHAHAHAHA,hahahahajust like trump obliterated their nuclear weapons? just like trump obliterated their navy?just like trump obliterated everything of iran defense? non stop lies and confusion from an incompetent and ignorant manhahahahahaha,
The statement doesn't sound very presidential. He sounds like a 13-year-old bully with a personality disorder.  😦,the statement doesnt sound very presidential he sounds like a 13yearold bully with a personality disorder,
I have thought Iran is ready to let any oilttanker ships to pass through the Straits of Hormuz accept those two countries that attack them.,i have thought iran is ready to let any oilttanker ships to pass through the straits of hormuz accept those two countries that attack them,
"All protesters jumped to make comments, but I don't think the payment is the same.😅😅😅😅",all protesters jumped to make comments but i dont think the payment is the same,
"💩🤡 *DONOLD J6 TRUMP SAID TODAY: ""ROBERT MUELLER JUST DIED.   GOOD, I'M GLAD HE'S DEAD.   HE CAN NO LONGER HURT INNOCENT PEOPLE.""*

*WELL ... THE IRONY...... THE NUMBER OF PEOPLE WHO ARE GOING TO BE GLAD WHEN TRUMP IS DEAD  WILL BE WORLDWIDE AND UTTERLY INCALCULABLE.  THERE WILL BE ACTUAL PARTIES ... JOYFUL CELEBRATIONS... FIREWORKS AND CHAMPAGNE.*    🥳🎉

*THE MUELLER REPORT DID NOT EXONERATE DONOLD J6 TRUMP.  MANY TRUMP ASSOCIATES WERE CHARGED AND PLEADED GUILTY.  THE DISHONORABLE SERPENTINE WAY THAT AG BILL BARR SPUN AND BUREAUCRATICALLY BURIED THE REPORT IS A HUGE AND DEVIOUS PART OF THE STORY.*","donold j6 trump said today robert mueller just died   good im glad hes dead   he can no longer hurt innocent people

well  the irony the number of people who are going to be glad when trump is dead  will be worldwide and utterly incalculable  there will be actual parties  joyful celebrations fireworks and champagne    

the mueller report did not exonerate donold j6 trump  many trump associates were charged and pleaded guilty  the dishonorable serpentine way that ag bill barr spun and bureaucratically buried the report is a huge and devious part of the story",
LOL,lol,
Hallelujah!!!! 😂,hallelujah!!!!,
"wait a minute ... wasn't it "" I demand unconditional surrender ""  ???",wait a minute  wasnt it  i demand unconditional surrender   ???,
"It matters not if the infrastructure is civilian or military, Trump doesn't discriminate, he'll bomb them anyway. He is as oblivious to the International rules of war as he is to the American rules of law. He is the ultimate criminal and Americans will pay the price!",it matters not if the infrastructure is civilian or military trump doesnt discriminate hell bomb them anyway he is as oblivious to the international rules of war as he is to the american rules of law he is the ultimate criminal and americans will pay the price!,
"Destruction of Power plants and energy infrastructure to civilian power supplies is a WAR CRIME.  That makes Not just President Trump and Secretary Hegseth subject to charges but any General, Admiral, and Officer involved (pilots) liable for charges.  I will be greatly disapointed by the US Military leadership if they bomb any energy infrastructure.",destruction of power plants and energy infrastructure to civilian power supplies is a war crime  that makes not just president trump and secretary hegseth subject to charges but any general admiral and officer involved pilots liable for charges  i will be greatly disapointed by the us military leadership if they bomb any energy infrastructure,
"If Trump orders the destruction of power plants, civilians in Iran would suffer badly from blackouts and economic damage, but it wouldn’t necessarily make the country back down... instead, it would likely spark retaliation and escalate the conflict even further.",if trump orders the destruction of power plants civilians in iran would suffer badly from blackouts and economic damage but it wouldnt necessarily make the country back down instead it would likely spark retaliation and escalate the conflict even further,
Poor trump thinks that his written/verbal threats still have any deterrent value against the Iranians,poor trump thinks that his writtenverbal threats still have any deterrent value against the iranians,
Ya and he was going to end the war with Russia and Ukraine in the first day. LOL 😂,ya and he was going to end the war with russia and ukraine in the first day lol,
Yes...trump demands...fng moron. War crimes don't hide pdf crimes. Iran doesn't give a s*** what this dumba** wants.,yestrump demandsfng moron war crimes dont hide pdf crimes iran doesnt give a s what this dumba wants,
War is peace. You heard it on Fox. Anyway I'm sure the Iranians will do what Trump demands.,war is peace you heard it on fox anyway im sure the iranians will do what trump demands,
"I thought we didnt need Strait of Hormuz😂😂😂
I also wanted to ask ‘Mr president will that obliteration be the same as last year Iran’s nuclear capability?😂😂😂","i thought we didnt need strait of hormuz
i also wanted to ask mr president will that obliteration be the same as last year irans nuclear capability?",
Power Plants. Great 👍,power plants great,
Trump gonna hit whether you open or not open it.,trump gonna hit whether you open or not open it,
Iran evil regime just struck Israel with barrage of missiles. We know that Iran will be crushed to ashes one day for causing the Middle East the economy woe.,iran evil regime just struck israel with barrage of missiles we know that iran will be crushed to ashes one day for causing the middle east the economy woe,
The Trump way of liberating Iran is by killing the civilians,the trump way of liberating iran is by killing the civilians,
"what do you call  fox news journos all in a room together?

a dope ring","what do you call  fox news journos all in a room together?

a dope ring",
F Trump,f trump,
𝗣𝗦𝗬𝗖𝗛𝗢 𝗣𝗘𝗗𝟬-𝗙𝗜𝗟𝗘 𝗧𝗥𝗨𝗠𝗣 𝗖𝗔𝗡'𝗧 𝗘𝗩𝗘𝗡 𝗪𝗜𝗣𝗘 𝗛𝗜𝗦 𝗢𝗪𝗡 𝗔$$ 𝗪𝗜𝗧𝗛𝗢𝗨𝗧 𝗦𝗠𝗘𝗔𝗥𝗜𝗡𝗚 𝗣𝗢𝗢𝗣 𝗔𝗟𝗟 𝗢𝗩𝗘𝗥 𝗛𝗜𝗦 𝗢𝗪𝗡 𝗙𝗔𝗖𝗘.,𝗣𝗦𝗬𝗖𝗛𝗢 𝗣𝗘𝗗𝟬𝗙𝗜𝗟𝗘 𝗧𝗥𝗨𝗠𝗣 𝗖𝗔𝗡𝗧 𝗘𝗩𝗘𝗡 𝗪𝗜𝗣𝗘 𝗛𝗜𝗦 𝗢𝗪𝗡 𝗔 𝗪𝗜𝗧𝗛𝗢𝗨𝗧 𝗦𝗠𝗘𝗔𝗥𝗜𝗡𝗚 𝗣𝗢𝗢𝗣 𝗔𝗟𝗟 𝗢𝗩𝗘𝗥 𝗛𝗜𝗦 𝗢𝗪𝗡 𝗙𝗔𝗖𝗘,
"I thought you were supposed to be liberating Iran, not pushing its people into darkness. And why is it that when Russia does the same thing in Ukraine, you call it terrorism and label it as war crimes but suddenly now it seems acceptable to you?",i thought you were supposed to be liberating iran not pushing its people into darkness and why is it that when russia does the same thing in ukraine you call it terrorism and label it as war crimes but suddenly now it seems acceptable to you?,
President Trump don't mess around. He wants the oil moving. I'm retired American in Manila Philippines. In just this very short time we already have fuel shortages and prices going up app 10%. So a prolong shortage of oil supply would really hurt the Philippines. So get er done President Trump,president trump dont mess around he wants the oil moving im retired american in manila philippines in just this very short time we already have fuel shortages and prices going up app 10 so a prolong shortage of oil supply would really hurt the philippines so get er done president trump,
"""Trump Can't End This War — If He Loses Power, He Goes to Prison | Prof Jiang""",trump cant end this war  if he loses power he goes to prison  prof jiang,
Would the world be happy if the USA owns everything like negan it seems to solve everything according to modern times,would the world be happy if the usa owns everything like negan it seems to solve everything according to modern times,
Let aliens invade USA and change the regime there 🙄,let aliens invade usa and change the regime there,
if dikhead oragne clown doesnt shut his big fing mouth in 48 hours i will personally unleash all fury on him likes of which he had wish he had never been born. you are warned,if dikhead oragne clown doesnt shut his big fing mouth in 48 hours i will personally unleash all fury on him likes of which he had wish he had never been born you are warned,
hmmm. Israel just earlier got bombs and many injured from ballistics... so why report there are not as many...They are still coming! PLease President Trump....Do something once and for all and stop these evil devils!,hmmm israel just earlier got bombs and many injured from ballistics so why report there are not as manythey are still coming! please president trumpdo something once and for all and stop these evil devils!,
He's getting oranger and oranger in this viatnam 2.0,hes getting oranger and oranger in this viatnam 20,
Commit war crimes!!! Trump!! Make the people of IRAN suffer..  Trump is losing his mind the war isn't going his way.. America and Israel aren't winning there only option is a ground war. I Love how  Fox News is so Brainwashed by TRUMPS LIES LoL 😅😅,commit war crimes!!! trump!! make the people of iran suffer  trump is losing his mind the war isnt going his way america and israel arent winning there only option is a ground war i love how  fox news is so brainwashed by trumps lies lol,
"Attacking civilian infrastructure is illegal under international law, may as well be russia at this point..",attacking civilian infrastructure is illegal under international law may as well be russia at this point,
Each rocket that Iran fires cost thousands vs missile that America fires cost Millions (EACH MISSILE) all paid for by the (American tax payers) mean while here in America trump wants to cut SSI/MEDICAID for American citizens,each rocket that iran fires cost thousands vs missile that america fires cost millions each missile all paid for by the american tax payers mean while here in america trump wants to cut ssimedicaid for american citizens,
Just war of words unless nothing 😅,just war of words unless nothing,
So your taking heads are cheering for DJT to have the US millitary commit yet another war crime! How much safer do the American people feel at home and abroad. Bet your not sending your foreign corespodents out into to the streets of ANY country wearing a MAGA cap.,so your taking heads are cheering for djt to have the us millitary commit yet another war crime! how much safer do the american people feel at home and abroad bet your not sending your foreign corespodents out into to the streets of any country wearing a maga cap,
"Ooo, Twitter posts in ALL CAPS! Pathetic.

The US is a joke.","ooo twitter posts in all caps! pathetic

the us is a joke",
The strait of Hormuz Iranian open it for Japan 😊,the strait of hormuz iranian open it for japan,
trump just have big mouth go Tru if you bad just go tru,trump just have big mouth go tru if you bad just go tru,
"The Zionist Israeli founders, the Evangelists (Rothschild Family, etc.), have plans for a nuclear tsunami in the Pacific Ocean on Thursday, June 18, 2026. They are highly likely to blame Iran. The World Cup begins in Mexico on June 11, 2026. The resulting tsunami will submerge Mexico, California, and surrounding areas. The bomb likely to be detonated will be 50 megatons. It could be detonated in the axial seamount. This plan is at least 35 years old. They use a coded messaging system through films. ..TRUMP IS UNDER BLACKMAIL BECAUSE OF EPSTEIN...",the zionist israeli founders the evangelists rothschild family etc have plans for a nuclear tsunami in the pacific ocean on thursday june 18 2026 they are highly likely to blame iran the world cup begins in mexico on june 11 2026 the resulting tsunami will submerge mexico california and surrounding areas the bomb likely to be detonated will be 50 megatons it could be detonated in the axial seamount this plan is at least 35 years old they use a coded messaging system through films trump is under blackmail because of epstein,
"Trump is only looking to feed his ego, and the worst part is that everyone bows down to him.

Even after Trump basically ended up bombing a girls' school in Iran.","trump is only looking to feed his ego and the worst part is that everyone bows down to him

even after trump basically ended up bombing a girls school in iran",
I thought we were not only deterring nuclear but obviously we were on the moral high side of the war because we want to help the people. How in the hell is destroying the electrical grid helping the people.,i thought we were not only deterring nuclear but obviously we were on the moral high side of the war because we want to help the people how in the hell is destroying the electrical grid helping the people,
Neron,neron,
"Once per week CM training in the US and RP, need to be ready for anything, including if E* is sketchy…",once per week cm training in the us and rp need to be ready for anything including if e is sketchy,
who attacked who?,who attacked who?,
"It is foolish and serious threat by Trump again to use power he does not understand the consequences of this illegal attempt during this War.

He will push entire region in darkness not only Iran...

Now people of US should take stand to regime change in US First.","it is foolish and serious threat by trump again to use power he does not understand the consequences of this illegal attempt during this war

he will push entire region in darkness not only iran

now people of us should take stand to regime change in us first",
"Gaand maar liya gya h amerianka,america is totally fu**ed",gaand maar liya gya h ameriankaamerica is totally fued,
Sounds like another market sell off is comming tomorrow & next week!,sounds like another market sell off is comming tomorrow  next week!,
"President Doofy over here, what an idiot 🤡",president doofy over here what an idiot,
"Social media president..and 100% talk too much..and remember like "" John Rambo said..They drew the first blood 1st ""..did he stand down?..so...Iran wont",social media presidentand 100 talk too muchand remember like  john rambo saidthey drew the first blood 1st did he stand down?soiran wont,
If Iran has no internet how will they be aware of demands made over social media?,if iran has no internet how will they be aware of demands made over social media?,
Chump is pure fantasy 😂. He has no authority whatsoever except over Rubio and Hegseth.,chump is pure fantasy  he has no authority whatsoever except over rubio and hegseth,
"Demands😂😂, go and open idiot if you dear🎉",demands go and open idiot if you dear,
You and your president are delusional fools😂😂😂,you and your president are delusional fools,
After that can we desl w the Epstein files!   Why was Trump working w Epstein's lawyer to pay hush money to girls in 2009 and 10?   Trump said he finished w Epstein before that?   We now have 2 victim's accusing Trump of stuff.   One very credible the other apparently got a bunch of money to drop it.....,after that can we desl w the epstein files!   why was trump working w epsteins lawyer to pay hush money to girls in 2009 and 10?   trump said he finished w epstein before that?   we now have 2 victims accusing trump of stuff   one very credible the other apparently got a bunch of money to drop it,
How do they knock out the power when the oil refineries need oil and electric to fill all those tankers,how do they knock out the power when the oil refineries need oil and electric to fill all those tankers,
"And while the b.....s and their bot friends love the loud barking, they will open the strait or else.",and while the bs and their bot friends love the loud barking they will open the strait or else,
This will cause a huge humanitarian disaster for the people of Iran. What this the meaning of “help is on the way”? Please do not attack the civilian infrastructure of Iran.,this will cause a huge humanitarian disaster for the people of iran what this the meaning of help is on the way? please do not attack the civilian infrastructure of iran,
"Haha trump has become a joke and America, well it just work for Israel…",haha trump has become a joke and america well it just work for israel,
The theocratic leadership doesn't even care for its people.,the theocratic leadership doesnt even care for its people,
Maybe bribe them with teenage goats,maybe bribe them with teenage goats,
So this is what the libs do on the weekend. Comment on Fox vids while pulling their hair out. 🤣,so this is what the libs do on the weekend comment on fox vids while pulling their hair out,
Demand ...😂😂😂,demand,
This is an echo chamber. But hey hegseth says the strait is open for transit if Iran chooses not to fire missiles 😂,this is an echo chamber but hey hegseth says the strait is open for transit if iran chooses not to fire missiles,
"Is this provocation intended to trigger World War III?
And will only they be saved by the Messiah?
Are there no decent Americans left?
What about the Pope in the Vatican?","is this provocation intended to trigger world war iii?
and will only they be saved by the messiah?
are there no decent americans left?
what about the pope in the vatican?",
Good 👍,good,
"They will listen,hogwash.The U.S. military has never stopped Iran.",they will listenhogwashthe us military has never stopped iran,
They can go thru for a small fee of2 million dollars 🤣,they can go thru for a small fee of2 million dollars,
It belongs to Iran and China is going to be a Big Problem. Get ready for HELL ON EARTH,it belongs to iran and china is going to be a big problem get ready for hell on earth,
Don’t demand just blow their asses away!!,dont demand just blow their asses away!!,
lol what a load of lies!! let’s come back in 48 hours,lol what a load of lies!! lets come back in 48 hours,
Meanwhile - life in Russia has never been better!,meanwhile  life in russia has never been better!,
"The problem: When Trump, Rubio, and all the evangelical Christians in our government supported genocide in the Middle East, killing off Palestinians, attacking Iran and now Lebanon.
President Trump made a statement that he probably will not go to heaven.  He along with Netanyahu and all the others in our government will not end up in heaven.  Pray for those murdered Iranian little school girls.","the problem when trump rubio and all the evangelical christians in our government supported genocide in the middle east killing off palestinians attacking iran and now lebanon
president trump made a statement that he probably will not go to heaven  he along with netanyahu and all the others in our government will not end up in heaven  pray for those murdered iranian little school girls",
I can't believe there are Americans that want a nuke dropped on Iran.,i cant believe there are americans that want a nuke dropped on iran,
Iran would gladly let ships pass thru for a small fee of 2 million dollars l🤣,iran would gladly let ships pass thru for a small fee of 2 million dollars l,
Oh well. that's it then -  problem solved!! And my vacation -  an EXCURSION along the Straits of Hormuz🤣🤣🤣🤬🤬🤬,oh well thats it then   problem solved!! and my vacation   an excursion along the straits of hormuz,
SCUMBAG,scumbag,
"Today, one man says there is joy in his heart because another man has died. Sadly for that one man, there will soon be relief in hundreds of millions of hearts at his passing.",today one man says there is joy in his heart because another man has died sadly for that one man there will soon be relief in hundreds of millions of hearts at his passing,
Really 48hours he is bluffing,really 48hours he is bluffing,
"People all over the WORLD knew all the time...that DONALD J. TRUMP...is the ""MOST ENTERTAINING"" and truly...the ""MOST SPECTACULAR"" person that ever enter the VERY DIRTY WORLD of TRADITIONAL POLITICS in the USA...period!

""SECOND to NONE"" and absolutely ""BEYOND COMPARE""
😂😂😂😂😂","people all over the world knew all the timethat donald j trumpis the most entertaining and trulythe most spectacular person that ever enter the very dirty world of traditional politics in the usaperiod!

second to none and absolutely beyond compare",
And what’s going to happen? Drop more bombs lol. A ground invasion is gonna happen and that’s what they want,and whats going to happen? drop more bombs lol a ground invasion is gonna happen and thats what they want,
If IRAN doesn't open lmaooo. Whos gonna open when he killed supreme leader and the rest of commander and chiefs... ..,if iran doesnt open lmaooo whos gonna open when he killed supreme leader and the rest of commander and chiefs,
Eradicate the shift of evil forever!!,eradicate the shift of evil forever!!,
"The gulf of Hormuz wouldn’t have been closed if Trump hadn’t attacked Iran. Hello Fox News, it was Trump who closed the gulf of Hormuz. That was the consequence of attacking Iran.",the gulf of hormuz wouldnt have been closed if trump hadnt attacked iran hello fox news it was trump who closed the gulf of hormuz that was the consequence of attacking iran,
That’s why he was acting like the straight of Hormuz barely affects us and we barely get any oil from there right 😂,thats why he was acting like the straight of hormuz barely affects us and we barely get any oil from there right,
Sounds desperate for a FULLY CONFIDENT warmonger days ago about already winning the war?😮,sounds desperate for a fully confident warmonger days ago about already winning the war?,
If u have a oroblem with trump. Gtfo of our coubtry. Ill buy u a one way ticket to iran or ghana. Put up or shut up. The amount of brain dead leftys in this world if fking nut,if u have a oroblem with trump gtfo of our coubtry ill buy u a one way ticket to iran or ghana put up or shut up the amount of brain dead leftys in this world if fking nut,
Trump is a 🤡,trump is a,
Let's not make the same mistakes we made in iraq,lets not make the same mistakes we made in iraq,
Is open.. not for enemies,is open not for enemies,
DONT PLAY WITH TRUMP HES NOT PLAYING GAMES AT ALL .😊😊😊😊😊😊😊😊😊,dont play with trump hes not playing games at all,
cutting their power will put the war in different level. so many things will be changed,cutting their power will put the war in different level so many things will be changed,
"if only he had said ""pretty please"" instead of demanding. He still doesn't know you catch more flies with honey than with viniger",if only he had said pretty please instead of demanding he still doesnt know you catch more flies with honey than with viniger,
Wait! These bozo “news anchors” actually just said the orange clown holds to his deadlines?!?! Check the history on that 😂,wait! these bozo news anchors actually just said the orange clown holds to his deadlines?!?! check the history on that,
Trumps a fool,trumps a fool,
"Why don't you tell that to your wife. Darling if don't open up I am going to send US marines 
😂😂😂😂",why dont you tell that to your wife darling if dont open up i am going to send us marines,
That won't help the people at all. I thought you cared about the people.,that wont help the people at all i thought you cared about the people,
But i thought their weapons was obligated 😅,but i thought their weapons was obligated,
Give them the nukes they are so desparate to have.,give them the nukes they are so desparate to have,
State Regime Media aka “Fox News”.,state regime media aka fox news,
"Seize all Iranian oil facilities in the persian gulf and do not return them until they can learn to live in peace with the world. In interim, sell all petro products below market and use the monies to keep peace in the region.",seize all iranian oil facilities in the persian gulf and do not return them until they can learn to live in peace with the world in interim sell all petro products below market and use the monies to keep peace in the region,
Demands or Begging for Iran ?..,demands or begging for iran ?,
Boot licking at its finest,boot licking at its finest,
"America and Israel have pre-planned the attack on Diego Garcia and want to drag Europe into the war, but Europe is not stupid and understands everything. America and Israel are losing the war, now Europe is their only support. Let me confirm one thing, this war is between America and Israel, not Europe.",america and israel have preplanned the attack on diego garcia and want to drag europe into the war but europe is not stupid and understands everything america and israel are losing the war now europe is their only support let me confirm one thing this war is between america and israel not europe,
If you are looking for fools this is the place!,if you are looking for fools this is the place!,
"That's what we call "" war crime"" stupid 47",thats what we call  war crime stupid 47,
Yall we gone be 50 trillion in debt because of this war and we up another trillion sitting at 37t this might be the last war America has for various reason for one are funds arent just being hammered but our military is going to be in the red by the end of this fiasco leaving Americas defenseless and i can think of a few names that come to mind waiting for America to crash and they already been testing rockets ready to strikes.,yall we gone be 50 trillion in debt because of this war and we up another trillion sitting at 37t this might be the last war america has for various reason for one are funds arent just being hammered but our military is going to be in the red by the end of this fiasco leaving americas defenseless and i can think of a few names that come to mind waiting for america to crash and they already been testing rockets ready to strikes,
"The audacity to be stupid and proud, to think you can ""order"" people to do your bidding.",the audacity to be stupid and proud to think you can order people to do your bidding,
I voted for Trump because he said there wouldn’t be any new wars.,i voted for trump because he said there wouldnt be any new wars,
I love my president ❤,i love my president,
it's open paying in yuans IRAN just create 2 markets west and east bye bye petrodollar,its open paying in yuans iran just create 2 markets west and east bye bye petrodollar,
"Why would Iran do anything for a country that is attacking them. That makes no sense. We attacked you, but we want you to do us a favor. lol 😂",why would iran do anything for a country that is attacking them that makes no sense we attacked you but we want you to do us a favor lol,
很明显，内塔尼亚胡掌握了萝莉岛的视频,很明显内塔尼亚胡掌握了萝莉岛的视频,
it won't happen UNFORTUNATELY,it wont happen unfortunately,
Fox News is a total joke.  It is very similar to state sponsored news in Russia.  Don’t they know they are in America and not Russia.  Trump can’t cut your balls off guys if you say something negative about Trump,fox news is a total joke  it is very similar to state sponsored news in russia  dont they know they are in america and not russia  trump cant cut your balls off guys if you say something negative about trump,
Not hating but trump gave Putin plenty of deadlines lol they gotta chill with that line lol,not hating but trump gave putin plenty of deadlines lol they gotta chill with that line lol,
Phedophile teams,phedophile teams,
"This went from a “action”, to a “war”, very quickly. Last week we weren’t calling it a war and now we are. That’s interesting. Probably illegal as well.",this went from a action to a war very quickly last week we werent calling it a war and now we are thats interesting probably illegal as well,
God bles America.,god bles america,
"48 hours, nice try , 
my dear Mr Trump you said: 
""I lower the costs at day one ""
""I end the war in Ukraine even before i am President""
""90 treaties in 90 days""
""economy will rise to new heights""
"" no wars in the middle east""
"" i will open the Epstein files""

you broke each of these promises
(a promise is like a debt, a good man would keep his promises) 
and almost everything is worse than before","48 hours nice try  
my dear mr trump you said 
i lower the costs at day one 
i end the war in ukraine even before i am president
90 treaties in 90 days
economy will rise to new heights
 no wars in the middle east
 i will open the epstein files

you broke each of these promises
a promise is like a debt a good man would keep his promises 
and almost everything is worse than before",
"😂😂😂😂😂😂😂😂😂😂😂the straight is open,just not for you.",the straight is openjust not for you,
Your leader (Trump) is nothing but a weak pathetic loser!,your leader trump is nothing but a weak pathetic loser!,
What idiots😂,what idiots,
More like Donald Trump state tv,more like donald trump state tv,
"What's he going to do if they don't?
Send ICE to our airports?
Fkin clown.","whats he going to do if they dont?
send ice to our airports?
fkin clown",
I remained u journalist. During peace conference going on geneva inbetween without any information America and israel killed komeni family and innocent school children's 193 in Iran. Please ask this to that countries.,i remained u journalist during peace conference going on geneva inbetween without any information america and israel killed komeni family and innocent school childrens 193 in iran please ask this to that countries,
"US is not trust worthy enemy nor they are loyal friend. They gave warning to therw previous illegal wars against Islamic countries Afghanistan Pakistan Iraq Libya Syria Yemen Lebanon Somalia Iran.

Trump is dangerous to entire world.","us is not trust worthy enemy nor they are loyal friend they gave warning to therw previous illegal wars against islamic countries afghanistan pakistan iraq libya syria yemen lebanon somalia iran

trump is dangerous to entire world",
You don't have the cards donne,you dont have the cards donne,
"The most unreasonable, incompetent, stupid, idiotic, useless lapdog, psychotic president the world has ever seen in 300 hundreds years. We all have to pay for it, at the pump, food inflation, nose dived superannuation, tanked stock market, import inflation…",the most unreasonable incompetent stupid idiotic useless lapdog psychotic president the world has ever seen in 300 hundreds years we all have to pay for it at the pump food inflation nose dived superannuation tanked stock market import inflation,
"Unfortunately, *economic terrorism* is the *ONLY* viable card Iran has left to play with in this current war. And it's even the very *THREAT* of violence which *WILL* exert financial *pain-at-the-pump.* Iran doesn't even *have* to engage in any actual violence - only to threaten it - in order to get oil companies to think the better of using the Strait of Hormuz. Clearly, president Trump understands *IF* gasoline prices remain high - even *AFTER* ceasing hostilities with Iran - *WILL* have *political* implications for the midterms come November. Yes, America *IS* 'kicking' Iran's rear-end. However, they are *NOT* bowing to this superiority - at least *not yet!* And it appears that *whoever* is indeed 'running' Iran politically, *IS* fixing on *EXTRACTING REVENGE* on their 'tormentors' - no matter *WHAT* the price is that they're having to endure!",unfortunately economic terrorism is the only viable card iran has left to play with in this current war and its even the very threat of violence which will exert financial painatthepump iran doesnt even have to engage in any actual violence  only to threaten it  in order to get oil companies to think the better of using the strait of hormuz clearly president trump understands if gasoline prices remain high  even after ceasing hostilities with iran  will have political implications for the midterms come november yes america is kicking irans rearend however they are not bowing to this superiority  at least not yet! and it appears that whoever is indeed running iran politically is fixing on extracting revenge on their tormentors  no matter what the price is that theyre having to endure!,
"Meanwhile in reality, Trump lifts oil sanctions on Iran for the first time since 1979. America STROG!",meanwhile in reality trump lifts oil sanctions on iran for the first time since 1979 america strog!,
"He wants to add ""war criminal"" to his very fruitful history of presidency? lol",he wants to add war criminal to his very fruitful history of presidency? lol,
What a stupid man?,what a stupid man?,
IDIOT...,idiot,
That means Busehr right,that means busehr right,
"Can't negotiate with the mother of Terrorism. 
Bomb them off the planet!!!!","cant negotiate with the mother of terrorism 
bomb them off the planet!!!!",
f k US,f k us,
"Let's see 😂
48 hours till the actual world war III","lets see 
48 hours till the actual world war iii",
Don't let  these idiots  win the next election 😢😢😢,dont let  these idiots  win the next election,
Something tells me Trump doesn't know what he's doing in a real war,something tells me trump doesnt know what hes doing in a real war,
"""MEXICO WILL BUILD THE WALL."" 
""I'LL END UKRAINE WAR IN 24 HOURS.""","mexico will build the wall 
ill end ukraine war in 24 hours",
Someone change his diaper asap,someone change his diaper asap,
Nuke them,nuke them,
"ДА ДА ДА😂😂😂😂😂😂😂😂😂
ЕГО СРОКИ ЭТО ДО БЕЖАТЬ ДО ТУАЛЕТА!!! ЭТО ГРАМП КОНЧЕННЫЙ БЫДЛО САМЫЙ ПОСЛЕДНЫЙ ТВАР КОГДА ЛИБО АМЕРИКА УВИДЕЛА ЭТО ПОЗОР АМЕРИКИ. ОБЕЗЯНА ПУСТЬ ЖЕНЕ ТАКОЙ СРОК ПОСТАВИТЬ.","да да да
его сроки это до бежать до туалета!!! это грамп конченный быдло самый последный твар когда либо америка увидела это позор америки обезяна пусть жене такой срок поставить",
These are the dumbest newscasters I've ever heard. Here I was thinking that Fox News was getting better. Silly me.,these are the dumbest newscasters ive ever heard here i was thinking that fox news was getting better silly me,
EVERYTHING FALLING APART UNDER TRUMP.,everything falling apart under trump,
President Trump: “I’m gonna give you from the count of one to ten…. One…. Two… TEN!!!” 😂🤣,president trump im gonna give you from the count of one to ten one two ten!!!,
This will constitute a WAR CRIME. A WAR CRIME. Targeting civilian infrastructure is a WAR CRIME.,this will constitute a war crime a war crime targeting civilian infrastructure is a war crime,
"He said he would save the people of Iran from the regime but now demanding he is going to attach the civilian infrastructure. 
What an  insane and dumb president 🙀","he said he would save the people of iran from the regime but now demanding he is going to attach the civilian infrastructure 
what an  insane and dumb president",
US people are thieves and looters of other nation's resources,us people are thieves and looters of other nations resources,
"The treasonous ped oh file had no business attacking Iran. He just wanted to change the news cycle away from the tRUMP-Epstein files.
He doesn't care how many die, just keep the tRUMP-Epstein files from coming out.","the treasonous ped oh file had no business attacking iran he just wanted to change the news cycle away from the trumpepstein files
he doesnt care how many die just keep the trumpepstein files from coming out",
When will Iran drop a 🔥 on Washington.,when will iran drop a  on washington,
America threatens another war crime. Just another Tuesday.,america threatens another war crime just another tuesday,
Is this how he speaks to his many women?,is this how he speaks to his many women?,
"I have one question 🙋‍♂️ 

Why is going to move ships through a war zone ? Even if the united states « opens » it up ?","i have one question  

why is going to move ships through a war zone ? even if the united states  opens  it up ?",
"I guess ""obliterate"" means another wave of missiles and drones.",i guess obliterate means another wave of missiles and drones,
LOL,lol,
"Thank God President Trump is running this operation personally? That is funny. We are ahead of schedule because of it? What Schedule? What is the goal of this excercise? Apparently, there isn't one. The WH has offered several objectives of this war, all different. How do we know were ahead of schedule if we don't know what the objective is? Trump says he is winding it down, as he moves 2000 Marines into the area. His threat is , if you don't open the Strait, I'll bomb the hell out of your country? Little bit late for that one isn't it?
Wake up America.","thank god president trump is running this operation personally? that is funny we are ahead of schedule because of it? what schedule? what is the goal of this excercise? apparently there isnt one the wh has offered several objectives of this war all different how do we know were ahead of schedule if we dont know what the objective is? trump says he is winding it down as he moves 2000 marines into the area his threat is  if you dont open the strait ill bomb the hell out of your country? little bit late for that one isnt it?
wake up america",
Could you please stop guys. Is there anyone to stop this from both side? Save the planet from the total disaster,could you please stop guys is there anyone to stop this from both side? save the planet from the total disaster,
"Jesus is at the door. 

John 3:16-For God so loved the world that he sent his one and only Son that whosoever believes in him shall never perish but have eternal life. Jesus died for our sins was buried and rose again. Put your faith in Jesus, not this world.","jesus is at the door 

john 316for god so loved the world that he sent his one and only son that whosoever believes in him shall never perish but have eternal life jesus died for our sins was buried and rose again put your faith in jesus not this world",
"Two weeks,  right?",two weeks  right?,
"How many times Trump will say we obliterated 100% , then Iran hits , one more time Trump if they don't surrender I will obliterate Iran .
One more time 😂😂😂😂","how many times trump will say we obliterated 100  then iran hits  one more time trump if they dont surrender i will obliterate iran 
one more time",
Obliterate...,obliterate,
it has affected grocery prices here in rural America 12 dollars for a very small bag of coffee everything is insane,it has affected grocery prices here in rural america 12 dollars for a very small bag of coffee everything is insane,
Its should have nothing to do with prices in America.,its should have nothing to do with prices in america,
"Trump looks old, weak, and stupid.",trump looks old weak and stupid,
Bibi has been blown up it's all over,bibi has been blown up its all over,
😂😂😂The DumbÂss  loves the word obliterate! He said that he and his military OBLITERATED Iran nuclear capabilities last October. Remember? Kegsbreath and DonOld gave a bragging speech saying that NOTHING was left and that their mission was a tremendous success 🙌 Remember that? The liars continue now with their fabricated story. Everyday you hear that there is NOTHING left in Iran. Then Iran bombs Israel and our military bases. Meanwhile HE is not accepting the payment of the TSA workers before the government opens. He wants 200 billion  dollars from the taxpayers to continue his EpsteinDonOld's operation fury! Lets Make America Great Again Without DT!🙌,the dumbâss  loves the word obliterate! he said that he and his military obliterated iran nuclear capabilities last october remember? kegsbreath and donold gave a bragging speech saying that nothing was left and that their mission was a tremendous success  remember that? the liars continue now with their fabricated story everyday you hear that there is nothing left in iran then iran bombs israel and our military bases meanwhile he is not accepting the payment of the tsa workers before the government opens he wants 200 billion  dollars from the taxpayers to continue his epsteindonolds operation fury! lets make america great again without dt!,
😂😂😂 such a weak man,such a weak man,
"When this kind of dummy setting what’s coming next, means big crash coming up",when this kind of dummy setting whats coming next means big crash coming up,
"Trump says the ""Art of the Deal"" only works when he's cheating small contractors.",trump says the art of the deal only works when hes cheating small contractors,
"Israel and the US are trying to cover up their failure with propaganda to win the media narrative. Ironically, many US either European leaders and media continue to be puppets of the Zionist region.😂🤣😂",israel and the us are trying to cover up their failure with propaganda to win the media narrative ironically many us either european leaders and media continue to be puppets of the zionist region,
"oh wow, I am sure that Iran will not retaliate.",oh wow i am sure that iran will not retaliate,
"with terrorists you have to talk with their language, these people dont understand negotiations",with terrorists you have to talk with their language these people dont understand negotiations,
"And the Fox gang is calling it BREAKING NEWS. knowing after 48 hours nothing, just another Fox BREAKING NEWS Trump war story.",and the fox gang is calling it breaking news knowing after 48 hours nothing just another fox breaking news trump war story,
Dumbest President in US history.,dumbest president in us history,
I ran don’t drive cars. What do they care. They will take the bullet to make sure all are punished. They ride camels everday!!!,i ran dont drive cars what do they care they will take the bullet to make sure all are punished they ride camels everday!!!,
Fox News will love this. Fox is so happy about the ultimatum. They are laughing with glee. Bullies encouraging the bully.,fox news will love this fox is so happy about the ultimatum they are laughing with glee bullies encouraging the bully,
No more warning and send in boots to wipe out every terrorists.,no more warning and send in boots to wipe out every terrorists,
But the strait is open 😅,but the strait is open,
"Donald Trump is a out and out war criminal, lock him up !!",donald trump is a out and out war criminal lock him up !!,
Then you wil have a humanitarian crisis and we will probably be the one to help rebuild as usual. Not a fan.,then you wil have a humanitarian crisis and we will probably be the one to help rebuild as usual not a fan,
ADIOS TO IRAN 💣 💣 😂,adios to iran,
"""This will provide peace. This is what this is all about."" ""Peace through strength."" Galatians 6:7. 
🌍 peace...please.","this will provide peace this is what this is all about peace through strength galatians 67 
 peaceplease",
"Morons, please stop your ego and Hatred, leave Iran. This is going to some serious shi8.",morons please stop your ego and hatred leave iran this is going to some serious shi8,
Iran better believes Trump 😢,iran better believes trump,
Excellent demand ! Iran better liston.,excellent demand ! iran better liston,
Mr trump is justn kidding tolking every day differently rabish😂😂😂,mr trump is justn kidding tolking every day differently rabish,
He’s not a king 👑,hes not a king,
"Iran does not care. They like it closed.
They find Trump begging for help like a dog amusing.
Iran ia not afraid of some old decaying grandpa's rant on social media.","iran does not care they like it closed
they find trump begging for help like a dog amusing
iran ia not afraid of some old decaying grandpas rant on social media",
"Trump said the Strait was safe and we could escort ships, no?",trump said the strait was safe and we could escort ships no?,
Operation Epstein Fury is going so badly only fools believe what Capt. Bone-Spurs is telling us😂,operation epstein fury is going so badly only fools believe what capt bonespurs is telling us,
Or what? He already bombed them.,or what? he already bombed them,
it means 24 hours bombing starts,it means 24 hours bombing starts,
"Lmao, Iran are in a rich target environment and they will do exactly same thing. He will TACO because he knows Iran ain't blufging",lmao iran are in a rich target environment and they will do exactly same thing he will taco because he knows iran aint blufging,
So the president is just openly threatening war crimes now?,so the president is just openly threatening war crimes now?,
Dolund trump ✖️petrol pump ✔️😂😂😂,dolund trump petrol pump,
So kang kong demands. Lol,so kang kong demands lol,
Just preparing for the eventual invasion.  Bombing power plants does noting in of itself for the straight,just preparing for the eventual invasion  bombing power plants does noting in of itself for the straight,
Dump needs the Charlie Kirk treatment!,dump needs the charlie kirk treatment!,
He can depend anything he wants! He was demanding for greanland,he can depend anything he wants! he was demanding for greanland,
Kind of hope they don’t… am I bad?,kind of hope they dont am i bad?,
Allies are only willing to help because there economies are at fear of collapse if that oil doesnt start flowing 😂,allies are only willing to help because there economies are at fear of collapse if that oil doesnt start flowing,
Trump is not normal,trump is not normal,
We did NOT vote for this crap war. Trump has lost his mind. Seriously.,we did not vote for this crap war trump has lost his mind seriously,
You are destroying Australia's economy,you are destroying australias economy,
no boots on the ground no end to this,no boots on the ground no end to this,
"Destroying the power plants will only hurt the Iranian people, not so much the regime. Trump said he would 'help' the people, destroying the power plants will turn them against him.  Real dumb. The regime will not open the Straits under threat nor if the threat is carried out.  The 490,000+ army, including the 190,000 IRGC loyalist won't be turning against the regime but will fight for it. Trump is clueless, incredibly stupid.",destroying the power plants will only hurt the iranian people not so much the regime trump said he would help the people destroying the power plants will turn them against him  real dumb the regime will not open the straits under threat nor if the threat is carried out  the 490000 army including the 190000 irgc loyalist wont be turning against the regime but will fight for it trump is clueless incredibly stupid,
Good we need to get those gasoline prices down again. Do it now.,good we need to get those gasoline prices down again do it now,
"Day 21 of Operation “Epstein’s Wrath”

1- Russian oil has been exempted from sanctions

2- Iranian oil has been exempted from sanctions

3- Ships are paying $2 million to Iran to pass through the Strait of Hormuz

4- A trillion dollars has vanished from the {U.S.}

5- The uselessness of the F-35 has been proven

6- U.S. bases are under continuous attack

7- {Ayatollah Seyyed Ali} Khamenei has been replaced by {Ayatollah Seyyed Mojtaba} Khamenei.","day 21 of operation epsteins wrath

1 russian oil has been exempted from sanctions

2 iranian oil has been exempted from sanctions

3 ships are paying 2 million to iran to pass through the strait of hormuz

4 a trillion dollars has vanished from the us

5 the uselessness of the f35 has been proven

6 us bases are under continuous attack

7 ayatollah seyyed ali khamenei has been replaced by ayatollah seyyed mojtaba khamenei",
Why is it up to Iran ?  Thought the most amazing military on the planet could stop Iran.,why is it up to iran ?  thought the most amazing military on the planet could stop iran,
"Even without opening the Strait of Hormuz, Trump will still obliterate Iran😂",even without opening the strait of hormuz trump will still obliterate iran,
iran will sacrifice every person their country to defy trump.,iran will sacrifice every person their country to defy trump,
"Does this idiot realize that Iran said they will retaliate on the Gulf State power plants and desalination plants if their power plants are hit?  That will further the downward spiral of the world economy. The United States has ZERO checks and balances on the president. I'm convinced that is this dumba*s president wanted to drop a nuke on Greenland, nobody would stop him and state run media fox news would cheer it on.",does this idiot realize that iran said they will retaliate on the gulf state power plants and desalination plants if their power plants are hit?  that will further the downward spiral of the world economy the united states has zero checks and balances on the president im convinced that is this dumbas president wanted to drop a nuke on greenland nobody would stop him and state run media fox news would cheer it on,
"He also demanded ""unconditional surrender ""  weeks ago 😂😂😂😂",he also demanded unconditional surrender   weeks ago,
Wow.. Than is some BS controlled Media Spin Drivel...,wow than is some bs controlled media spin drivel,
Trump is the biggest idiot on the planet and a puppet of Israel. If anyone wants answers please ask you new emperor of the USA Benjamin Netanyahu. 😂😂😂😂,trump is the biggest idiot on the planet and a puppet of israel if anyone wants answers please ask you new emperor of the usa benjamin netanyahu,
"Lmfao this clown 🤡  ""when trump says 48 hours you better meet it"" umm bro kept saying 2 weeks, two more weeks.. ok for real this time two more weeks.... 😂",lmfao this clown   when trump says 48 hours you better meet it umm bro kept saying 2 weeks two more weeks ok for real this time two more weeks,
"why arent showing all the hight3ch war machine bombing, bring down entire building? Video of precision bombing? I don thinking 48hrs threatening will work. Since so many high rank leader killed.",why arent showing all the hight3ch war machine bombing bring down entire building? video of precision bombing? i don thinking 48hrs threatening will work since so many high rank leader killed,
Trump demands  Blah hahahah to whom ? Trump is pissing in the wind!,trump demands  blah hahahah to whom ? trump is pissing in the wind!,
WW3,ww3,
"Hell yeah!  Finally, a line in the sand.  Here we go boys!",hell yeah!  finally a line in the sand  here we go boys!,
If Iran would be hard headed enough then they are the second country to be radioactive,if iran would be hard headed enough then they are the second country to be radioactive,
Even during negotiation they were given enough time but they kept playing games,even during negotiation they were given enough time but they kept playing games,
"Remember, TACO! 🌮",remember taco!,
"""Never let anyone know what you are thinking!""",never let anyone know what you are thinking!,
"Yep, That surely will work! Yep just more 💣 s..",yep that surely will work! yep just more  s,
😅😅😅😅 Foxnews troll😅,foxnews troll,
The Puppet Spokesman for IRAN BETTER  SPEAK UP AND END THE BLACKMAIL OF THE WORLD IN THE STRAIGHT OR ITS HELL TO PAY ON EARTH. MAKE PEACE NOT WAR IRAN. END GLOBAL TERRORISM  OR TERROR WILL FIND YOU WHERE YOU WILL NEVER RECOVER AS A NATION.,the puppet spokesman for iran better  speak up and end the blackmail of the world in the straight or its hell to pay on earth make peace not war iran end global terrorism  or terror will find you where you will never recover as a nation,
We should give them 48 minutes!!!🧭,we should give them 48 minutes!!!,
"Who keeps speaking for Iran and acting like their government and like their government still exists??  Eliminate them all now and fully, don't hold back and install a new government now that is secular and democratic.",who keeps speaking for iran and acting like their government and like their government still exists??  eliminate them all now and fully dont hold back and install a new government now that is secular and democratic,
Punk Trump lies about everything..Wow you folks on fox are delusional..Peace all about peace .wow,punk trump lies about everythingwow you folks on fox are delusionalpeace all about peace wow,
"Putting time deadlines, hmm, is that smart” Not.",putting time deadlines hmm is that smart not,
This looks like trump paid media,this looks like trump paid media,
Punch of clowns,punch of clowns,
WARMONGERS 💩💩💩💩,warmongers,
"As always, It's all Trump's fault.",as always its all trumps fault,
This guy always with deadlines🤣. Always backs down. No new wars🤣,this guy always with deadlines always backs down no new wars,
"I'm pretty sure they think they get a fractional portion of the 72 virgins depending on the situation, in this case, living without electricity is probably 12 virgins out of the possible 72 so hey, things could be worse. probably",im pretty sure they think they get a fractional portion of the 72 virgins depending on the situation in this case living without electricity is probably 12 virgins out of the possible 72 so hey things could be worse probably,
"Release the Epstein files, we want to se trump blowing billy the kid",release the epstein files we want to se trump blowing billy the kid,
Trump!!!🦾😎❤️🤍💙🚀,trump!!!,
🌮 TUESDAY 🌮 is the deadline 😂,tuesday  is the deadline,
"Thank You Trump❤❤... you destroyed this evil regime who funded terror groups Hezbollah, Hamas and the Houti's in Yemen.... Hamas is now destroyed...Hezoballah is almost destroyed...houti's gotten wrecked in 2024/2025...they don't want to fight anymore....this is WINNING ❤❤❤ Obummer and Biden did nothing to stop these terror groups....",thank you trump you destroyed this evil regime who funded terror groups hezbollah hamas and the houtis in yemen hamas is now destroyedhezoballah is almost destroyedhoutis gotten wrecked in 20242025they dont want to fight anymorethis is winning  obummer and biden did nothing to stop these terror groups,
What do you mean... Pete Heg-sip said it wasn't closed.,what do you mean pete hegsip said it wasnt closed,
"Someone impeach this p3do. Do it trump and kiss Israel and the gulf states good bye, they hit dimona and radiation will make Israel uninhabitable, and when they hit the de salination plants, say goodbye to gulf states who you've corruptly taken billions know. Just so all you you fox news watching morons understand, Iran has won, and trumps going off the deep end",someone impeach this p3do do it trump and kiss israel and the gulf states good bye they hit dimona and radiation will make israel uninhabitable and when they hit the de salination plants say goodbye to gulf states who youve corruptly taken billions know just so all you you fox news watching morons understand iran has won and trumps going off the deep end,
Is that like a demand for full surrender trump demanded last week. I guess open the straight is much bigger. You better listen to taco.,is that like a demand for full surrender trump demanded last week i guess open the straight is much bigger you better listen to taco,
"Enough messing around with these terrorists.
Knowing off their power plants would wake them up.","enough messing around with these terrorists
knowing off their power plants would wake them up",
"ALMONTY INDUSTRIES - tungsten for Defence, SPACE, AI, Heath care... .
Very important critical materials for China, USA, EU... 2026-2035.","almonty industries  tungsten for defence space ai heath care 
very important critical materials for china usa eu 20262035",
War pig,war pig,
"If Iran will not open of strait of harmouz ,Trump can change his statement 😂😂",if iran will not open of strait of harmouz trump can change his statement,
"You hit I hit you hit I hit there will be no end of it 😂, stupid president trump",you hit i hit you hit i hit there will be no end of it  stupid president trump,
Americans you have 48 hours to buy body bags from china 😂😂😂,americans you have 48 hours to buy body bags from china,
These fox hosts are delusional. I can see why the network had to pay 100's of millions for touting misinformation.,these fox hosts are delusional i can see why the network had to pay 100s of millions for touting misinformation,
New Supreme Leader Mostafa Khamenei cardboard cutoff responsed to Trump - No ! Send more missiles to my cardboard bunker. 🤣😂,new supreme leader mostafa khamenei cardboard cutoff responsed to trump  no ! send more missiles to my cardboard bunker,
"He also said that the war was going to end until He wanted to, sick bastard.",he also said that the war was going to end until he wanted to sick bastard,
Great .. making the ordinary Iranians pay for the regimes closing of Hormuz .. this will make the US even more popular when people have no electricity.. this is a mess 😮,great  making the ordinary iranians pay for the regimes closing of hormuz  this will make the us even more popular when people have no electricity this is a mess,
"Sure, it will provide peace bombing the entire middle east for Israel and oil. America had no idea what they got themselves into.",sure it will provide peace bombing the entire middle east for israel and oil america had no idea what they got themselves into,
he aint gon do sh*t. talk talk talk talk talk. they've been waiting for you. all this administration does is talk tough and tweet. yall sucker punched iran and still can't beat em.,he aint gon do sht talk talk talk talk talk theyve been waiting for you all this administration does is talk tough and tweet yall sucker punched iran and still cant beat em,
"Lets 🚀 rock n roll Trumpster.  The German, Italian, French South Korean Japanese 🏯 Indian Australian governments,  you should All be Ashamed of yourselves....and Canada 🍁. Get your ⚔ militaries involved and help out your brother Americans...to rid this world of Evil 😈 leaders!! Dont just sit there on your hands Europe and Asia..its your Energy Too. 😮",lets  rock n roll trumpster  the german italian french south korean japanese  indian australian governments  you should all be ashamed of yourselvesand canada  get your  militaries involved and help out your brother americansto rid this world of evil  leaders!! dont just sit there on your hands europe and asiaits your energy too,
Gotta make sure trumps friends and family get their options in before he announces it.,gotta make sure trumps friends and family get their options in before he announces it,
Rapstpedotrump better open the epteins files now!,rapstpedotrump better open the epteins files now!,
"Ummmmm...... I thought he wanted to help the Iranian people? How is taking away their lights and refrigeration "" helping them"" exactly?
The IRGC have generators and fuel.","ummmmm i thought he wanted to help the iranian people? how is taking away their lights and refrigeration  helping them exactly?
the irgc have generators and fuel",
I thought it was only closed to America?,i thought it was only closed to america?,
LMAO,lmao,
*....and make all of their civilians suffer???? REALLY????*,and make all of their civilians suffer???? really????,
"Chavetz is a nice guy, who is wrong most of the time, dating back to his congressional days. If he says this is done in 2 more weeks, you can count on two more months and beyond.",chavetz is a nice guy who is wrong most of the time dating back to his congressional days if he says this is done in 2 more weeks you can count on two more months and beyond,
"Wasn't the Strait of Hormuz open before Trump bombed Iran's Supreme leader, 40 other leaders, 168 at a girls school, and nearly struck their nuclear power plant while negotiating a new nuclear deal (after having canceled the prior one)?",wasnt the strait of hormuz open before trump bombed irans supreme leader 40 other leaders 168 at a girls school and nearly struck their nuclear power plant while negotiating a new nuclear deal after having canceled the prior one?,
What a bunch of idiots that fox hole,what a bunch of idiots that fox hole,
Hit the desalination plants along with power plants!!!!,hit the desalination plants along with power plants!!!!,
Bulshit bulshit bulshit bulshit bulshit,bulshit bulshit bulshit bulshit bulshit,
Lies lies lies lies lies lies lies lies lies lies lies lies,lies lies lies lies lies lies lies lies lies lies lies lies,
"Orange man, shut up, i thought u are sick of winning, still whinging…draft dodger coward. Send ur son, baboon.",orange man shut up i thought u are sick of winning still whingingdraft dodger coward send ur son baboon,
"I can’t believe these propagandists are getting paid to prop up this illegal war !! it’s so un American!  Our troops are in harms Way and for no reason other than our president got led by the nose by a war criminal and now has started, World War III. Can’t you guys just for America’s sake admit that this is wrong.?!",i cant believe these propagandists are getting paid to prop up this illegal war !! its so un american!  our troops are in harms way and for no reason other than our president got led by the nose by a war criminal and now has started world war iii cant you guys just for americas sake admit that this is wrong?!,
About time! any Iranians on truth social to relay the message?,about time! any iranians on truth social to relay the message?,
"Trump is now getting desperate.
The United States has lost credibility and control. The United States is toast because the rest of the world is laughing at your stupidity.","trump is now getting desperate
the united states has lost credibility and control the united states is toast because the rest of the world is laughing at your stupidity",
45 hours more......,45 hours more,
"Trump surrenders and lifts sanctions on Iran. Trump loses first war America has ever been in. Iran and China laughing at US, sees Trump and GOP as weak and incompetent. LOL MAGA beta party",trump surrenders and lifts sanctions on iran trump loses first war america has ever been in iran and china laughing at us sees trump and gop as weak and incompetent lol maga beta party,
"I say Trump needs to strap it on and drive through  the straight himself. after all, he looks like he could totally drive the ship himself!!",i say trump needs to strap it on and drive through  the straight himself after all he looks like he could totally drive the ship himself!!,
More importantly it's about peace 😂😂😂,more importantly its about peace,
They won’t open and if you do something to them they gonna do something to you. They aren't Venezuela,they wont open and if you do something to them they gonna do something to you they arent venezuela,
After 48 hours USA Facing big attack 😂,after 48 hours usa facing big attack,
DIOS bendiga a América !!!!!!,dios bendiga a américa !!!!!!,
Somebody needs to take the keys away from grandpa,somebody needs to take the keys away from grandpa,
Fox is a 🎪,fox is a,
Trump Always Chickens Out,trump always chickens out,
He changes deadlines.,he changes deadlines,
No peace for us and trump,no peace for us and trump,
"Trump needs to know he’s confronting a people who can lose their lives, but will never lower their heads.",trump needs to know hes confronting a people who can lose their lives but will never lower their heads,
"“I will end the war in 24 hours” 

These supporters have a slow memory than Biden","i will end the war in 24 hours 

these supporters have a slow memory than biden",
Why would this fool post military on X.,why would this fool post military on x,
You hit 7000 thousand targets according to you in Iran you think they care why you sai you failed on Iran you should never started this stupid war do Israel,you hit 7000 thousand targets according to you in iran you think they care why you sai you failed on iran you should never started this stupid war do israel,
"German here, tiny question....now that you´re going after civilians, does that mean that you will pardon some of my fellow citizens posthum?
when you are doing the same things you put them in Nürnberg on trial for i mean? 
heard your president is a big fan of one former statesman of ours. for some reason he´s gaining popularity across the pond, dunno why 
asking for a friend","german here tiny questionnow that youre going after civilians does that mean that you will pardon some of my fellow citizens posthum?
when you are doing the same things you put them in nürnberg on trial for i mean? 
heard your president is a big fan of one former statesman of ours for some reason hes gaining popularity across the pond dunno why 
asking for a friend",
"Good move, if not stopped, water supply and food source since we cant expect people of Iran to step up taking the leadership.",good move if not stopped water supply and food source since we cant expect people of iran to step up taking the leadership,
Trump sucks,trump sucks,
Justdo it,justdo it,
Hua😂😂😂😂😂😂 dumb trump,hua dumb trump,
Trump is so awesome. But don’t warn them.,trump is so awesome but dont warn them,
After 48 hours the US will drop nuclear boom,after 48 hours the us will drop nuclear boom,
200 dollar a barrel of oil it is so😮,200 dollar a barrel of oil it is so,
Iran was like we need to build a wall.,iran was like we need to build a wall,
I’m genuinely disturbed by this.,im genuinely disturbed by this,
"Trump means what he says. Iran needs to get THEIR tankers through, so why not open this thing up for the whole world?",trump means what he says iran needs to get their tankers through so why not open this thing up for the whole world?,
"Trump is such a idiot, how are the hell did this guy become the president of America 🇺🇲",trump is such a idiot how are the hell did this guy become the president of america,
I am also impressed by trump confusing Iran by removing sanctions. Truly only something that can come out of maga god trump….,i am also impressed by trump confusing iran by removing sanctions truly only something that can come out of maga god trump,
Fake news,fake news,
It’s good to have a real president.,its good to have a real president,
"""You're fired: The Final Season""",youre fired the final season,
Wait for the 7000 mile missile Iran has under it's sleeve..😂 trump has already been wetting his ugh...😜,wait for the 7000 mile missile iran has under its sleeve trump has already been wetting his ugh,
so there won't be oil after 48 hrs. the world will be ....,so there wont be oil after 48 hrs the world will be,
"Stupid! Once again, Trump has created an emergency! And then the end he’s gonna try to pretend like he has solved a huge problem. When in the end everything’s either gonna be just the same! After many people have died! Or the prices are forever going to be higher for everyone, which is the only thing that anybody really cares about really",stupid! once again trump has created an emergency! and then the end hes gonna try to pretend like he has solved a huge problem when in the end everythings either gonna be just the same! after many people have died! or the prices are forever going to be higher for everyone which is the only thing that anybody really cares about really,
What's Trump doing to protect the United States citizens? There are Iraian and Chinese sleeper cells here. Are we on our own? Attacking Irans power plants is that wise?,whats trump doing to protect the united states citizens? there are iraian and chinese sleeper cells here are we on our own? attacking irans power plants is that wise?,
F.A.F.O. President Trump don't play 😊,fafo president trump dont play,
THE CLOWN IS DESPERATE!,the clown is desperate!,
God bless iran,god bless iran,
"🇺🇸 1. “Winning” doesn’t look like begging for $200 billion
A country that’s actually in a position of strength doesn’t:
• 	demand emergency funding,
• 	pressure allies it previously insulted,
• 	and frame the whole thing as a “victory.”
That’s the behavior of someone who overplayed their hand and now needs others to bail them out. It’s the geopolitical equivalent of a gambler insisting he’s “up big” while asking friends for another loan.

🌍 2. The issue with Israel
the practice of Zionism has created a distrust of the Israeli government, not the existence of Jewish people or Judaism — and that distinction matters. Criticism of a government’s policies is absolutely legitimate, especially when:
• 	U.S. foreign policy becomes entangled with lobbying groups,
• 	military decisions appear influenced by political donors,
• 	and American lives or resources are put at risk without clear justification.
Those are valid concerns raised by analysts across the political spectrum.

📜 3. The 1947–1948 history is painful and contested
I see the Israel genocide mirroring the Indigenous peoples from Native Americans welcoming Europeans, only to face displacement and violence — reflects how many historians describe the Palestinian experience. The early Zionist migration included refugees fleeing genocide, but the resulting conflict, displacement, and warfare created deep trauma for Palestinians that still shapes the region today.
It’s not a simple story of “good vs. evil.” It’s a story of:
• 	refugees seeking safety,
• 	a local population losing land and rights,
• 	and decades of political decisions that hardened into a cycle of violence.
You’re drawing on a widely recognized historical parallel: settler colonialism, where one group’s survival becomes another group’s dispossession.

🔥 4. The core point lands: U.S. policy shouldn’t be driven by fear, donors, or foreign pressure
We are arguing that:
• 	Americans didn’t ask for this conflict,
• 	U.S. intelligence assessments are being overridden,
• 	and foreign governments shouldn’t dictate American military commitments.
Those are legitimate democratic concerns. A nation’s foreign policy should reflect:
• 	its own security interests,
• 	its own values,
• 	and the will of its own people.
Not the demands of a lobby, a donor class, or a foreign leader.","1 winning doesnt look like begging for 200 billion
a country thats actually in a position of strength doesnt
 	demand emergency funding
 	pressure allies it previously insulted
 	and frame the whole thing as a victory
thats the behavior of someone who overplayed their hand and now needs others to bail them out its the geopolitical equivalent of a gambler insisting hes up big while asking friends for another loan

 2 the issue with israel
the practice of zionism has created a distrust of the israeli government not the existence of jewish people or judaism  and that distinction matters criticism of a governments policies is absolutely legitimate especially when
 	us foreign policy becomes entangled with lobbying groups
 	military decisions appear influenced by political donors
 	and american lives or resources are put at risk without clear justification
those are valid concerns raised by analysts across the political spectrum

 3 the 19471948 history is painful and contested
i see the israel genocide mirroring the indigenous peoples from native americans welcoming europeans only to face displacement and violence  reflects how many historians describe the palestinian experience the early zionist migration included refugees fleeing genocide but the resulting conflict displacement and warfare created deep trauma for palestinians that still shapes the region today
its not a simple story of good vs evil its a story of
 	refugees seeking safety
 	a local population losing land and rights
 	and decades of political decisions that hardened into a cycle of violence
youre drawing on a widely recognized historical parallel settler colonialism where one groups survival becomes another groups dispossession

 4 the core point lands us policy shouldnt be driven by fear donors or foreign pressure
we are arguing that
 	americans didnt ask for this conflict
 	us intelligence assessments are being overridden
 	and foreign governments shouldnt dictate american military commitments
those are legitimate democratic concerns a nations foreign policy should reflect
 	its own security interests
 	its own values
 	and the will of its own people
not the demands of a lobby a donor class or a foreign leader",
You've tried that already.,youve tried that already,
"Okay. Everybody here at Fox News has Trump arrangement syndrome!  So. with every changing day , you keep getting farther and farther away from what you voted for!  And when yesterday you were for “no new wars “ suddenly today, your blood thirsty!  Yesterday we wanted the prices down! And today “oh it’s OK we can pay more!”?? yesterday let’s deport, all the criminals and illegal immigrants!  
Today “let’s deport anyone that is brown or black or speaks with an accent or a foreign language! “ 

For now it’s OK to deport anybody on a visa ( at a college program or grant) with a different opinion than the president. !!! 
Yesterday it was not OK to cancel media programs and have censorship! Now it’s OK to openly attack  media for repeating the truth!! and call it “ fake “ And take them to court on BS charges , that are dropped because there’s no merit! But by then the damage is done! this is how authoritarianism works

Yesterday it was OK for law and order to happen! Now it’s only OK if the judges rule for  radical right extreme agenda  . and if people on the radical right  don’t agree, suddenly, their families have bomb threats!  And we don’t hear anything about that here on Fox News   They promote the hate speech. 
And then they report nothing about the consequences! 
This is how authoritarianism takes over. Little bit of the time please step out of your bubble!","okay everybody here at fox news has trump arrangement syndrome!  so with every changing day  you keep getting farther and farther away from what you voted for!  and when yesterday you were for no new wars  suddenly today your blood thirsty!  yesterday we wanted the prices down! and today oh its ok we can pay more!?? yesterday lets deport all the criminals and illegal immigrants!  
today lets deport anyone that is brown or black or speaks with an accent or a foreign language!  

for now its ok to deport anybody on a visa  at a college program or grant with a different opinion than the president !!! 
yesterday it was not ok to cancel media programs and have censorship! now its ok to openly attack  media for repeating the truth!! and call it  fake  and take them to court on bs charges  that are dropped because theres no merit! but by then the damage is done! this is how authoritarianism works

yesterday it was ok for law and order to happen! now its only ok if the judges rule for  radical right extreme agenda   and if people on the radical right  dont agree suddenly their families have bomb threats!  and we dont hear anything about that here on fox news   they promote the hate speech 
and then they report nothing about the consequences! 
this is how authoritarianism takes over little bit of the time please step out of your bubble!",
Even a fool would realize by now the President Trump is not playing games. You’re no longer going to terrorize the world or they are Iran any people surrender because if you don’t your days on this earth are numbered and they’re very short.,even a fool would realize by now the president trump is not playing games youre no longer going to terrorize the world or they are iran any people surrender because if you dont your days on this earth are numbered and theyre very short,
We are 4 weeks into this 😂,we are 4 weeks into this,
President Trump came to do two things; and he’s all out of bubblegum,president trump came to do two things and hes all out of bubblegum,
Does anybody take Trump seriously at this point 😂 he change his stance every time he takes the sh.t lol,does anybody take trump seriously at this point  he change his stance every time he takes the sht lol,
Iran does not care what Trump wants,iran does not care what trump wants,
hormuz close for u n allie😂😂on your kneeeeee!!!!!,hormuz close for u n allieon your kneeeeee!!!!!,
Sem sabedoria são estúpido IA,sem sabedoria são estúpido ia,
"😂😂😂 I thought the iranian capacity was obliterated, ""so now we rewritin right""  Tropic thunder sergent osiris",i thought the iranian capacity was obliterated so now we rewritin right  tropic thunder sergent osiris,
"Remember when he said there would be serious conse even in ONE protester was harmed?
30k dead protesters latter he starts dropping bombs, and now WE have killed over 30k of the same folks we are supposedly helping.","remember when he said there would be serious conse even in one protester was harmed?
30k dead protesters latter he starts dropping bombs and now we have killed over 30k of the same folks we are supposedly helping",
Operation Epstein Fury is a disaster.,operation epstein fury is a disaster,
FOX = Bootlickers!,fox  bootlickers!,
"why does it have to be the ""straits of hormuz""?  why can't it be the gaze of hormuz?",why does it have to be the straits of hormuz?  why cant it be the gaze of hormuz?,
Kamala Harris: don't....Joe Biden: don't 😂😂😂 imagine these two clowns would be behind the steering wheel....and the people with Trump Derangement Syndrom still believe they are doing the right thing by cheering for these Iranian dictators...it just baffles me how you can be so utterly full of hate to become the dumbest person in the room....silly people...on some point you gotta become reasonable and say hey...I don't agree with Trump but this is actually helping the world.....democrats really lost every sense with reality....,kamala harris dontjoe biden dont  imagine these two clowns would be behind the steering wheeland the people with trump derangement syndrom still believe they are doing the right thing by cheering for these iranian dictatorsit just baffles me how you can be so utterly full of hate to become the dumbest person in the roomsilly peopleon some point you gotta become reasonable and say heyi dont agree with trump but this is actually helping the worlddemocrats really lost every sense with reality,
Fox news and all of their employees are absolute garbage.,fox news and all of their employees are absolute garbage,
God help us Trump is a moron,god help us trump is a moron,
What a f*****g idiot!,what a fg idiot!,
Insurgent math,insurgent math,
"DONALD THE DRAFT DODGER
American heroe","donald the draft dodger
american heroe",
….. or what?  Such tough talk from a leader who lost the Strait and now can’t get it back militarily.,or what?  such tough talk from a leader who lost the strait and now cant get it back militarily,
Remember when he said its for the Iranian people? 😂,remember when he said its for the iranian people?,
Wouldn’t that be a war crime? Do we even care?,wouldnt that be a war crime? do we even care?,
Don't forget! Iran didn't start this,dont forget! iran didnt start this,
This means all the power plants and water distillation plants in the Middle East will also be blowing up Mr president don't make that mistake unless your intention is for the Arabs to get blowing in to smithers.,this means all the power plants and water distillation plants in the middle east will also be blowing up mr president dont make that mistake unless your intention is for the arabs to get blowing in to smithers,
"Maga when are you going to inlist, yourself & children?",maga when are you going to inlist yourself  children?,
I stand with Trump and our amaizing troops 🇺🇸🇺🇸🇺🇸🇺🇸🙏🧎🏽‍♀️🇮🇱🇮🇱🙏🧎🏽‍♀️,i stand with trump and our amaizing troops,
Who cares what trump saying,who cares what trump saying,
That's only going to make the people suffer... I just think this is getting to be stupid and I'm a trump supporter...,thats only going to make the people suffer i just think this is getting to be stupid and im a trump supporter,
Us need a regime change,us need a regime change,
I heard Iran has biological weapons (Yersinia Pestis) bottled up. Much worse than the corona virus.,i heard iran has biological weapons yersinia pestis bottled up much worse than the corona virus,
Yes Mr President ❤❤❤❤,yes mr president,
"The Pentagon and Centcom have lied about how they destroyed 8,000 targets in Iran. The Islamic regime hasn't changed, it's still the same, and only a few, no more than 100, have been destroyed. Only the leaders died, which is useless because the ideology is still strong... the Pentagon and Centcom are so stupid
=====
If they attack up to 8,000 targets, Iran will be completely destroyed. Even stupid people believe what the Pentagon and CentCom say.","the pentagon and centcom have lied about how they destroyed 8000 targets in iran the islamic regime hasnt changed its still the same and only a few no more than 100 have been destroyed only the leaders died which is useless because the ideology is still strong the pentagon and centcom are so stupid

if they attack up to 8000 targets iran will be completely destroyed even stupid people believe what the pentagon and centcom say",
They only shut it down because they got attacked,they only shut it down because they got attacked,
"I say if we set them back to the stone age just walk away immediately after,,,let em rot and starve,,, no money to rebuild anything.",i say if we set them back to the stone age just walk away immediately afterlet em rot and starve no money to rebuild anything,
"The Strait of Hormuz is open, just not to America or its oil producing allies.",the strait of hormuz is open just not to america or its oil producing allies,
Time to get Medieval on Iran.  Don't forget to blow up the dams too.,time to get medieval on iran  dont forget to blow up the dams too,
So why not stop attacking them?,so why not stop attacking them?,
Glass bowl that whole area...,glass bowl that whole area,
"Iran demands respect. This president has not shown any respect to Iran. Therefore, Iran will not oblige.
🇮🇷",iran demands respect this president has not shown any respect to iran therefore iran will not oblige,
So President Trump is a draft dodging coward. He has zero authority.,so president trump is a draft dodging coward he has zero authority,
or what pu$$y 🤣,or what puy,
"Looser Pedolf Dump!
Keep crying 😂😂😂","looser pedolf dump!
keep crying",
The straight is our now. Let's own it.,the straight is our now lets own it,
Beggar,beggar,
We are hearing more and more from trump voters their discontent. They are asking: Why isn't America first? They know the answer.,we are hearing more and more from trump voters their discontent they are asking why isnt america first? they know the answer,
Karg island gonna go bye bye. Then we leave. Mission accomplished.,karg island gonna go bye bye then we leave mission accomplished,
"There Was Peace till now. This is trump, Kushner, Netanyahu's War... This is a 
illegal War...How much money is trump getting paid to start this Zionist disaster?
And where's the money he stole from Venezuela, sitting in his personal Quatar bank account? There is no pride in this War. Again trump lied to the people promising no more wars...FOX news cheering this Rogue regime is disgusting...","there was peace till now this is trump kushner netanyahus war this is a 
illegal warhow much money is trump getting paid to start this zionist disaster?
and wheres the money he stole from venezuela sitting in his personal quatar bank account? there is no pride in this war again trump lied to the people promising no more warsfox news cheering this rogue regime is disgusting",
Demand? Thought he had control.,demand? thought he had control,
Please send Trump to the front line with a target on his forehead.,please send trump to the front line with a target on his forehead,
"I love trump, take it all.",i love trump take it all,
"Youd think that Europe can defend civilian targets, but they cant even help with that. What kind of allies are those?",youd think that europe can defend civilian targets but they cant even help with that what kind of allies are those?,
This is what happens when you ignore council. an operation that lasts 3 weeks generally will last years. All his doing is radicalizing more people,this is what happens when you ignore council an operation that lasts 3 weeks generally will last years all his doing is radicalizing more people,
Power plants and transportation hubs!,power plants and transportation hubs!,
Trump jacks off in the shower . Filmed at 11:00,trump jacks off in the shower  filmed at 1100,
"Iran lost 216,000 soldiers in their nine-year war against Iraq. They are not afraid to sacrifice soldiers and the Iranian Revolutionary Guards are hardcore Islamic radicals who hate Israel and the USA. They are not poorly paid, poorly equipped and poorly trained Iraqi conscripts forced to join Saddam Hussein's military. 50,000 dead US soldiers in Vietnam will look like a cakewalk if Trump puts US ground troops in Iran. My Vietnamese jungle fighter cousins beat the more powerful US military with rifles only. The Vietnamese had no fighter jets, no bombers, no heavy artillery and still spanked the US military hard. The USA has not won a real war since World War II. 😅😂🤣",iran lost 216000 soldiers in their nineyear war against iraq they are not afraid to sacrifice soldiers and the iranian revolutionary guards are hardcore islamic radicals who hate israel and the usa they are not poorly paid poorly equipped and poorly trained iraqi conscripts forced to join saddam husseins military 50000 dead us soldiers in vietnam will look like a cakewalk if trump puts us ground troops in iran my vietnamese jungle fighter cousins beat the more powerful us military with rifles only the vietnamese had no fighter jets no bombers no heavy artillery and still spanked the us military hard the usa has not won a real war since world war ii,
"100 PERCENT, USrael Losing it !
When one nation who invented freesbee attacks a nation that has invented chess ... You will figure it out, that even with more pieces, you will lose the game.
CheckMate USA
'Iran have the right to defend itself'","100 percent usrael losing it !
when one nation who invented freesbee attacks a nation that has invented chess  you will figure it out that even with more pieces you will lose the game
checkmate usa
iran have the right to defend itself",
What a clown.,what a clown,
分析下特朗普身边人哪个是以色列间谍？结果你会大吃一惊。以色列对美国的渗透比对伊朗的渗透还更疯狂。,分析下特朗普身边人哪个是以色列间谍结果你会大吃一惊以色列对美国的渗透比对伊朗的渗透还更疯狂,
What a joke.,what a joke,
If it wasn't for this fuckwit it would have still been open,if it wasnt for this fuckwit it would have still been open,
comments full of blue haired cant's that need non stop head stomps,comments full of blue haired cants that need non stop head stomps,
It is wide open. Can't you see? Thank you for your attention,it is wide open cant you see? thank you for your attention,
SOMEBODY MAKE DONALD TRUMP GO AWAY !!!,somebody make donald trump go away !!!,
"It’s all laughs on Fox but it Iran gets desperate I could see sleeper cells activated 

Things won’t be so funny anymore","its all laughs on fox but it iran gets desperate i could see sleeper cells activated 

things wont be so funny anymore",
ATTENTION STUPIDITY THREAT  EVERYONE LEAVE THEIR PLACES AND TAKE SHELTER,attention stupidity threat  everyone leave their places and take shelter,
"“And when it is said to them, ‘Do not cause corruption on the earth,’ they say, ‘We are only peacemakers.’  
Indeed, they are the ones who spread corruption, but they do not perceive it.”  
— Qur’an 2:11–12","and when it is said to them do not cause corruption on the earth they say we are only peacemakers  
indeed they are the ones who spread corruption but they do not perceive it  
 quran 21112",
POTUS IS A GREAT PRESIDENT OF A GREATEST NATION EVER. KEEP UP THE GOOD WORK FOR HUMANITY. INDIA LOVES YOU AND AMERICAN PEOPLE.,potus is a great president of a greatest nation ever keep up the good work for humanity india loves you and american people,
Who's paying to rebuild this vital stuff? They're killing their own people. You know this won't stop them.Feels like Israel's idea to me.,whos paying to rebuild this vital stuff? theyre killing their own people you know this wont stop themfeels like israels idea to me,
Didn’t we wipe out their government?,didnt we wipe out their government?,
"Ahhhhh, is the wittle president throwing a tantrum? Is his diapy full? Does he need a nap?
🙄",ahhhhh is the wittle president throwing a tantrum? is his diapy full? does he need a nap?,
They need to stop their attack first before Iran follow his order.,they need to stop their attack first before iran follow his order,
OPEP is the biggest cartel of the world. When is Trump going to dismantle OPEP?,opep is the biggest cartel of the world when is trump going to dismantle opep?,
What happened to 2 weeks,what happened to 2 weeks,
Trump has destroyed Indian energy sectors too. Our hotels are closed.,trump has destroyed indian energy sectors too our hotels are closed,
"This is literally a war crime, what the actual heck would you as Christians support this! You call yourselves Christians but yet you jump on the gun to bomb civilian infustructure of the civilian electric grid?

The people in Iran aren't terrorists or radical jihadists, they are like regular people like you and I who are made in the image of God. they didn'tasked for this war and are just trying to survive in this world like the rest of us. If Trump goes through with this, the government in Iran would take the hit like nothing but the very innocent will suffer!

Repent from your sins for you are cheering and calling for your very own destruction! You may hide behind the screen but the very words you type and say out of your mouths come from the heart and what defiles the spirit as per the teachings of our Lord.","this is literally a war crime what the actual heck would you as christians support this! you call yourselves christians but yet you jump on the gun to bomb civilian infustructure of the civilian electric grid?

the people in iran arent terrorists or radical jihadists they are like regular people like you and i who are made in the image of god they didntasked for this war and are just trying to survive in this world like the rest of us if trump goes through with this the government in iran would take the hit like nothing but the very innocent will suffer!

repent from your sins for you are cheering and calling for your very own destruction! you may hide behind the screen but the very words you type and say out of your mouths come from the heart and what defiles the spirit as per the teachings of our lord",
"This reminds me of Kahmunrah in the Night of the Museum, melting down in disbelief as Ben Stiller refuses to show respect.",this reminds me of kahmunrah in the night of the museum melting down in disbelief as ben stiller refuses to show respect,
"""When President Trump sets a deadline, you better . . .""",when president trump sets a deadline you better,
Iran is not Venezuela.,iran is not venezuela,
Hard to see this happening again. It's going to be another long one.,hard to see this happening again its going to be another long one,
Hey Trumpet what happened? You are not able to keep it open? Well let me tell you why: Iran is not Venezuela idiot!,hey trumpet what happened? you are not able to keep it open? well let me tell you why iran is not venezuela idiot!,
Trump Gone crazy,trump gone crazy,
If this happens Iran will strick all oil facilities in the gulf. It will be the end of civilised world.,if this happens iran will strick all oil facilities in the gulf it will be the end of civilised world,
"OIL PRCE $130 BY MARCH END,  $150 BY APRIL END,  $180 BY MAY END,  TRUMP WITHDRAWS DECLARING HIS VICTORY 😂",oil prce 130 by march end  150 by april end  180 by may end  trump withdraws declaring his victory,
Lmao. Fox News on some bs.,lmao fox news on some bs,
I thought Trump said Iran doesn't have a navy anymore.,i thought trump said iran doesnt have a navy anymore,
😂oil tanker should be submarine after this war,oil tanker should be submarine after this war,
Peace😂😂,peace,
4 to 8,4 to 8,
"Americans sounding like a bunch of idiots?  I get the Iran thing, but what dribble?",americans sounding like a bunch of idiots?  i get the iran thing but what dribble?,
"Lmao 😂😂😂
What a joker. He is finding out that Iran is no pushover. 😂😂😂","lmao 
what a joker he is finding out that iran is no pushover",
"They may not start a war choice, Donnie",they may not start a war choice donnie,
Trump 👑 of Epstein files 😂😂😂😂😂,trump  of epstein files,
"Remember when Trump said ""its not my war I did not start it, it would never have happened if I were President""  
Then he told all allies how useless they where in Afghanistan and so on, started a trade and economic war against everyone except Russia and now he wants the allies to fix the war he started.","remember when trump said its not my war i did not start it it would never have happened if i were president  
then he told all allies how useless they where in afghanistan and so on started a trade and economic war against everyone except russia and now he wants the allies to fix the war he started",
"Old men like Trump should never be President, they have nothing to lose",old men like trump should never be president they have nothing to lose,
This man is loosing this war and Fox News is Gaslighting the public,this man is loosing this war and fox news is gaslighting the public,
[ BREAKING ] DESTRUCTION HAS HAPPENED. NO NIKES IN IRAN ! ECONOMIC SHOCK  IS THE ONLY WAY IRAN CAN TRULY FIGHT BACK.,breaking  destruction has happened no nikes in iran ! economic shock  is the only way iran can truly fight back,
"He must have bought puts before the market close, so that he could have a reason to have bigger attacks",he must have bought puts before the market close so that he could have a reason to have bigger attacks,
"Obliterate...... Obliterate..... I mean that word has been used so many times with the same country already.
Apparently Trump doesn't know the meaning.","obliterate obliterate i mean that word has been used so many times with the same country already
apparently trump doesnt know the meaning",
"The issue here is that they've hit all the generals and there's no central commander left to change the decisions. It's like you're going against a bot that's already made the decisions. If you hit civilian infrastructure, they'd hit back at regional infrastructure targets. This would only make matters worse. Time to remove this buffoon from presidency",the issue here is that theyve hit all the generals and theres no central commander left to change the decisions its like youre going against a bot thats already made the decisions if you hit civilian infrastructure theyd hit back at regional infrastructure targets this would only make matters worse time to remove this buffoon from presidency,
Why would Trump tell them what targets he will be hitting?,why would trump tell them what targets he will be hitting?,
It's a bit late.,its a bit late,
Trump is a fking dummy,trump is a fking dummy,
So tired of winning,so tired of winning,
Fk teump,fk teump,
Trump blow up the evil regime of Iran.✝️🙏,trump blow up the evil regime of iran,
"Every sane person is waiting for maga to get out of this cult, and remove this orange moron. He told you he loves the poorly educated, he literally truthed  in October of 2024, that Harris would go to war with Iran and ruin the country. Yet here we are. Diplomacy is always better, but he's very sick, and is going through narcissistic rage",every sane person is waiting for maga to get out of this cult and remove this orange moron he told you he loves the poorly educated he literally truthed  in october of 2024 that harris would go to war with iran and ruin the country yet here we are diplomacy is always better but hes very sick and is going through narcissistic rage,
Trump deadlines are a joke,trump deadlines are a joke,
Lol,lol,
Threatened by a Convicted Felon the Iranians must be shaking in their flip flops.,threatened by a convicted felon the iranians must be shaking in their flip flops,
what a clown. just eliminate them!,what a clown just eliminate them!,
Gotta love trump,gotta love trump,
TRUMP IS THE MOST UNPROFESSIONAL PRESIDENT EVER TO HOLD OFFICE  48 hours will be 2 weeks,trump is the most unprofessional president ever to hold office  48 hours will be 2 weeks,
😺NEWS FLASH: Iran is bombing Israel back to the Stone Age😺,news flash iran is bombing israel back to the stone age,
Big blows coming,big blows coming,
Operation Farsi Fiasco heading into week four at $1-2 billion usd per day! Great work putting America first!? The fastest addition of $1 trillion USD to the national debt in history ( just five months! ) and they want to blow another $200 billion? This is INSANE 🤯🤦‍♂️😢,operation farsi fiasco heading into week four at 12 billion usd per day! great work putting america first!? the fastest addition of 1 trillion usd to the national debt in history  just five months!  and they want to blow another 200 billion? this is insane,
what an idiot 😂,what an idiot,
💩Total BS propaganda from Fox Fiction💩,total bs propaganda from fox fiction,
"Btw, Fox News has more psychopaths than what exists in the general population...by a long shot!!",btw fox news has more psychopaths than what exists in the general populationby a long shot!!,
Go ahead.,go ahead,
Us should take over all oil fileds and start the flow of oil to the world that's it.,us should take over all oil fileds and start the flow of oil to the world thats it,
"""This cannot be hijacked by Islamic terrorists.""  OMG! Her words are so propagandic in so many ways. 1. Terrorists? Who started this war? 2. What difference does it make what religion they are? If you're gonna say terrorists, why not say ""Iranian terrorists""? This is not a war with the whole Islamic world. It is a war with Iran. This is American journalism at its lowest quality.",this cannot be hijacked by islamic terrorists  omg! her words are so propagandic in so many ways 1 terrorists? who started this war? 2 what difference does it make what religion they are? if youre gonna say terrorists why not say iranian terrorists? this is not a war with the whole islamic world it is a war with iran this is american journalism at its lowest quality,
Israel first huh....why do we need a country the size of new jersey. Considering they offed yeshuah,israel first huhwhy do we need a country the size of new jersey considering they offed yeshuah,
It's stupid to think a suicide regime will listen to intimidation.,its stupid to think a suicide regime will listen to intimidation,
Strategic failure!!!!Shocking decision of Trump to lift sanctions on Iran while the U.S. is actively engaged in conflict.,strategic failure!!!!shocking decision of trump to lift sanctions on iran while the us is actively engaged in conflict,
Show them the Epic Fury.,show them the epic fury,
what about all them mines in the water  just lying  there  to blow up a tanker     or any ship for that matter                                   i do not understand,what about all them mines in the water  just lying  there  to blow up a tanker     or any ship for that matter                                   i do not understand,
Fox you suck .,fox you suck,
Isn't hitting power plants a war crime? lol I guess it's just a fancy word,isnt hitting power plants a war crime? lol i guess its just a fancy word,
Yea!!! We started killing children in schools !!! Nuclear sites are next !!!!,yea!!! we started killing children in schools !!! nuclear sites are next !!!!,
CIA dropping the ball expecting military to pick up slack. Need to start cutting their funding they can’t do their jobs,cia dropping the ball expecting military to pick up slack need to start cutting their funding they cant do their jobs,
Do these comedians at FOX remember what Trump said yesterday ? He left issues concerning the strait to China & others...,do these comedians at fox remember what trump said yesterday ? he left issues concerning the strait to china  others,
"I can't help to laugh (or should I cry?) at this Fakes News crews optimism about Trump being in some kind of control of this mess.  Or is it maybe Trumps bones that is in 'control'?
Personally, I would not even let Trump be in charge of a bingo session at the oldfolks home.  The mans brains is totally fried.  Have you heard him speak lately?  Have you read his 'tweets'?","i cant help to laugh or should i cry? at this fakes news crews optimism about trump being in some kind of control of this mess  or is it maybe trumps bones that is in control?
personally i would not even let trump be in charge of a bingo session at the oldfolks home  the mans brains is totally fried  have you heard him speak lately?  have you read his tweets?",
"Los islamicos no son terroristas, los terroristas y pedofilos son los israelitas y los trumpistas",los islamicos no son terroristas los terroristas y pedofilos son los israelitas y los trumpistas,
Earlier he said the war was over and he won. Now he wants to escalate. Sounds like Netanyahu threatened him with Epstein files.,earlier he said the war was over and he won now he wants to escalate sounds like netanyahu threatened him with epstein files,
"Yup, That'll do it.",yup thatll do it,
That's my president 💪balls,thats my president balls,
😂 Trump is a idiot !!!!!,trump is a idiot !!!!!,
Lol......oh I'm sure they're really scared of your Israeli loving big talking b.s......dont stop Iran burn Israel to the ground the world cheers and celebrates,loloh im sure theyre really scared of your israeli loving big talking bsdont stop iran burn israel to the ground the world cheers and celebrates,
Poor pathetic isolated old fool without any friends,poor pathetic isolated old fool without any friends,
Joker 😂😂😂😂😂of the world now😂😂,joker of the world now,
Trump is flailing away with no clue.  Hilarious!,trump is flailing away with no clue  hilarious!,
When Trump say Open 48 hours Democrat dont believe hahaha,when trump say open 48 hours democrat dont believe hahaha,
Epstein files,epstein files,
"Bunch of profiteers, in this sham war for peace, which is nothing but a charade, money is the only thing that matters. The dead means nothing to the powerful; they don't care. Only economic gain truly interests them, you filthy scum !",bunch of profiteers in this sham war for peace which is nothing but a charade money is the only thing that matters the dead means nothing to the powerful they dont care only economic gain truly interests them you filthy scum !,
So tired of winning,so tired of winning,
There is and never was a schedule. Report on why the administration is stopping the Charlie Kirk investigation.,there is and never was a schedule report on why the administration is stopping the charlie kirk investigation,
The MOST STUPID & COWARD POTUS ever in history,the most stupid  coward potus ever in history,
"There goes Qutar, Saudi Arabia, Isreal, just to name a few power plants.😢😢",there goes qutar saudi arabia isreal just to name a few power plants,
He really doesn't understand anything,he really doesnt understand anything,
"Trump is threatening to commit war crimes (again), by obliterating Iran's Power Plant's, starting with their biggest, unless they open the Straight of Hormuz within 48hr. That would be a breach of the Geneva Convention. Trump is behaving like his idol Putin.",trump is threatening to commit war crimes again by obliterating irans power plants starting with their biggest unless they open the straight of hormuz within 48hr that would be a breach of the geneva convention trump is behaving like his idol putin,
Can FOX get their heads any more up trump’s rear?,can fox get their heads any more up trumps rear?,
Are you rapists too?,are you rapists too?,
Are you rapists too?,are you rapists too?,
Tell him to pull up his diaper and deal with it,tell him to pull up his diaper and deal with it,
TACO TRUMP is bluffing and will change his mind by Monday like always. 😅 🌮,taco trump is bluffing and will change his mind by monday like always,
You guys are seriously the biggest clowns.,you guys are seriously the biggest clowns,
lol 😂trump has no authority over it,lol trump has no authority over it,
Both Rick Gates and Michael Flynn pleaded guilty to lying to the FBI. Roger Stone was charged with obstructing and lying to Congress about his Russian contacts and his connection to the release of documents stolen by the Russians. They were both pardoned by Trump,both rick gates and michael flynn pleaded guilty to lying to the fbi roger stone was charged with obstructing and lying to congress about his russian contacts and his connection to the release of documents stolen by the russians they were both pardoned by trump,
Nuke iran,nuke iran,
"Trump capitalized off of Russia's meddling in the election. The Mueller report said Trump's campaign ""expected it would benefit electorally from information stolen and released through Russian efforts""",trump capitalized off of russias meddling in the election the mueller report said trumps campaign expected it would benefit electorally from information stolen and released through russian efforts,
The world is laughing at bone spurs leadership. Release all the Epstein files.,the world is laughing at bone spurs leadership release all the epstein files,
IT IS OPEN!!!   There’s no physical block there.   Just sail ur ships through.  FAFO,it is open!!!   theres no physical block there   just sail ur ships through  fafo,
Trump likes do on Sunday. Less than 24hrs.,trump likes do on sunday less than 24hrs,
How about the US stop bombing someone on the world every few years.,how about the us stop bombing someone on the world every few years,
Less military and more cia. We are not there to obliterate everything 🙄 that documentary I watched the other day. They get unlimited taxes dollars to do whatever. What’s the hold up on that end?,less military and more cia we are not there to obliterate everything  that documentary i watched the other day they get unlimited taxes dollars to do whatever whats the hold up on that end?,
"Definitely,  a demented delusional man. The Donald is going to be demanding it for the next 3 years. Wants to open it before the Markets open Monday morning.",definitely  a demented delusional man the donald is going to be demanding it for the next 3 years wants to open it before the markets open monday morning,
But we are winning 😂😂😂. If he take out their power plant it will affect all citizens not just the regime but ones who have nothing to do with the war. Such attack will Not going to provide peace but hatred for generations to come and a future leader who will remember these days,but we are winning  if he take out their power plant it will affect all citizens not just the regime but ones who have nothing to do with the war such attack will not going to provide peace but hatred for generations to come and a future leader who will remember these days,
"🫡🫡🫡🫡yes sr.,,,,, 😂😂😂😂😂😂😂😂😂😂😂😂😂😂😂",yes sr,
I'm free and Im going to fight against you for my freedom,im free and im going to fight against you for my freedom,
Great reporting!,great reporting!,
I love watching Trump fall on his face and flop around like a fish. America is a joke.,i love watching trump fall on his face and flop around like a fish america is a joke,
"He is called TACO for a reason..the clown 🤡 is all bark, no action..dude is a total embarrassment..",he is called taco for a reasonthe clown  is all bark no actiondude is a total embarrassment,
I'm tired of other countries against MAGA and you Done!!!! We are tired of terrorists continuing to control our lives,im tired of other countries against maga and you done!!!! we are tired of terrorists continuing to control our lives,
Little red face😂😂😂😂😂😂😂😂😂,little red face,
peace by war sure jason,peace by war sure jason,
U R a 🍇 of Terds,u r a  of terds,
Good... Finish Iran.  They will be poor forever. No more money to do anything.,good finish iran  they will be poor forever no more money to do anything,
আমেরিকা হল পায়ে পাড়া  দিয়ে ঝগড়া করা লোক,আমরক হল পয পড  দয ঝগড কর লক,
Donald I used the ring against Iran for what they did in the Hormuz straight I watched several billion demonic spirits head towards their last regime leaders in Jesus name,donald i used the ring against iran for what they did in the hormuz straight i watched several billion demonic spirits head towards their last regime leaders in jesus name,
😂😂😂 Трамп эпически обосрался,трамп эпически обосрался,
😂😂😂 President Trump😂😂😂😂,president trump,
just take Kharg island and turn off the cash,just take kharg island and turn off the cash,
"Israeli F 16 shot. Nuclear facility in Dimona is hit. Diego Garcia is also hit.

It's amaizing how Iran is fighting two criminals at the same time. Glory to Iran  fighting to secure its homeland","israeli f 16 shot nuclear facility in dimona is hit diego garcia is also hit

its amaizing how iran is fighting two criminals at the same time glory to iran  fighting to secure its homeland",
Some cancers need multiple sessions of chemoteraphy to disappear. God bless Trump for having balls to do what no one else had,some cancers need multiple sessions of chemoteraphy to disappear god bless trump for having balls to do what no one else had,
Old man is scared now....Ealier didnt want NATO help...now do....now threatning 🤣🤣🤣🤣🤣,old man is scared nowealier didnt want nato helpnow donow threatning,
"I mean, the more I listen to you guys, the stupider you sound, 100% HEADS  up Trump's a**",i mean the more i listen to you guys the stupider you sound 100 heads  up trumps a,
Iran's missile range is further than the world thought. This is far from over.,irans missile range is further than the world thought this is far from over,
"Finally, this war has a clear objective, just another trillion dollar may achieve it.",finally this war has a clear objective just another trillion dollar may achieve it,
Why can't they hire women with decent lower decibel tones to do the newsscasts? These voices are cringeworthy.,why cant they hire women with decent lower decibel tones to do the newsscasts? these voices are cringeworthy,
Like No1 has seen,like no1 has seen,
Thought it was an ' excursion '?😅😅😅😅😅,thought it was an  excursion ?,
Very good !,very good !,
YES MORE EXPLOSIONS🎉🎉🎉🎉🎉🎉,yes more explosions,
2 weeks to slow the spread,2 weeks to slow the spread,
These broadcasters have to stop kneeling and blowing their bosses,these broadcasters have to stop kneeling and blowing their bosses,
Trump is escalating  this situation.,trump is escalating  this situation,
Right on. About time. Good for everyone. 💯🇺🇲,right on about time good for everyone,
This is the 37th time they will Obliterated . How many times dose it take 😂😂😂😂,this is the 37th time they will obliterated  how many times dose it take,
"I hate USA PRESIDENT  for his attitude ,he is a idiot, lier ,scoundrel  and always  thinking about his own family members  not for USA  i.e. selfish attitude",i hate usa president  for his attitude he is a idiot lier scoundrel  and always  thinking about his own family members  not for usa  ie selfish attitude,
Iran's got 41 hours left to decide its fate. That's how I see it....,irans got 41 hours left to decide its fate thats how i see it,
"Once the head was chopped, there should have been diplomatic people on the ground.  What’s the cia doing? Taking a nap? I get it takes time. But good golly. It almost if you people are just going with the wind.  Surely you planned this out Donald!?",once the head was chopped there should have been diplomatic people on the ground  whats the cia doing? taking a nap? i get it takes time but good golly it almost if you people are just going with the wind  surely you planned this out donald!?,
"Then they'll  Need to do the exact same thing to you, Trump enough of your big a** mouth, you started this s***",then theyll  need to do the exact same thing to you trump enough of your big a mouth you started this s,
Freedom is not free. We need to be more grateful and patient.,freedom is not free we need to be more grateful and patient,
Lets go!!!! The regime must fall,lets go!!!! the regime must fall,
I’m gonna love this crash and burn TRUMP is going to get humiliated,im gonna love this crash and burn trump is going to get humiliated,
Like no1 has seen b4. Over n over,like no1 has seen b4 over n over,
"This president is crazy , iran will simply retaliate on the Gulf countries, my people will pay the price there,  the guy in the studio is saying this will bring peace",this president is crazy  iran will simply retaliate on the gulf countries my people will pay the price there  the guy in the studio is saying this will bring peace,
Iran leaders were radical Islamists who thought they could continue to lie about enriched uranium and not having long range missiles. President Trump is insuring they don’t now along with Isreal because Israel has lived in bombs shelters for several years now. No more nice guy with these radical hell bent Islamic regime.,iran leaders were radical islamists who thought they could continue to lie about enriched uranium and not having long range missiles president trump is insuring they dont now along with isreal because israel has lived in bombs shelters for several years now no more nice guy with these radical hell bent islamic regime,
The difference between Vietnam and Iran is that Trump knew how to get himself out of Vietnam.....,the difference between vietnam and iran is that trump knew how to get himself out of vietnam,
Viva Trump,viva trump,
This people on Fox they are fvcking delusional. Definitely high on something,this people on fox they are fvcking delusional definitely high on something,
"What a joke you people  are  ( Fox News) . Your statements about how wonderful it is that your President is stepping in to “ save the day” is laughable. He is the aggressor who caused this whole energy crisis  . Without  even consulting with Congress ( or NATO),  he  involved the entire US in an attack on Iran.3 weeks ago. He has lost an enormous amount of support from those who originally voted for him.
The rest of the world watches on in horror…….and after imposing tariffs on so former allies, telling us he “ doesn’t need us” , then reprimands us for not joining in a war that we didn’t start………😆","what a joke you people  are   fox news  your statements about how wonderful it is that your president is stepping in to  save the day is laughable he is the aggressor who caused this whole energy crisis   without  even consulting with congress  or nato  he  involved the entire us in an attack on iran3 weeks ago he has lost an enormous amount of support from those who originally voted for him
the rest of the world watches on in horrorand after imposing tariffs on so former allies telling us he  doesnt need us  then reprimands us for not joining in a war that we didnt start",
"White supremacists are crazy, their time is clearly coming to an end",white supremacists are crazy their time is clearly coming to an end,
We are good to know that we are not running out on crazy.,we are good to know that we are not running out on crazy,
Hi zoo come get your orangutan back. Signed The world,hi zoo come get your orangutan back signed the world,
"Taco incoming, who even believe this 🤡 anymore?",taco incoming who even believe this  anymore?,
"You know he'll say ""two weeks""",you know hell say two weeks,
"Iran offered to open it up, the US just needs to pay hundreds of millions of Chinese currency for it to happen. They offered a nonviolent resolution",iran offered to open it up the us just needs to pay hundreds of millions of chinese currency for it to happen they offered a nonviolent resolution,
"Apparently, all we had to do was threaten Iran and theyll do whatever we say. 😂 Iran would be justified to take out Israel and Gulf States water desalinizing plants. You cant live without water! You can live without electricity.",apparently all we had to do was threaten iran and theyll do whatever we say  iran would be justified to take out israel and gulf states water desalinizing plants you cant live without water! you can live without electricity,
Iranian regime is pure evil!,iranian regime is pure evil!,
"USA PRESIDENT  IDIOT  MR TRUMP  IS ALMOST LIER, SINNER  AND SCOUNDREL, HIS ATTITUDE  IS DESTRUCTIVE  NOT CREATIVE,HE IS EXTRA BURDEN  TO PEACEFUL  WORLD, FOX NEWS CHANNEL  IS REQUESTED  TO TELECAST  IMPARTIAL NEWS  TRUE AND CORRECT NOT FAVOUR  OF LIER AND SCOUNDREL  TRUMP 
PL NOTE THAT USA BECAME  3RD WORLD  COUNTRY  FINANCIALLY  UNDER LEADERSHIP OF IDIOT TRUMP","usa president  idiot  mr trump  is almost lier sinner  and scoundrel his attitude  is destructive  not creativehe is extra burden  to peaceful  world fox news channel  is requested  to telecast  impartial news  true and correct not favour  of lier and scoundrel  trump 
pl note that usa became  3rd world  country  financially  under leadership of idiot trump",
Keep using scalpel or back off…,keep using scalpel or back off,
"""During his 2024 campaign, Donald Trump repeatedly stated that he would not start new wars. He emphasized a commitment to peace, claiming, ""You're not going to have a war with Iran with me as president."" This message resonated with many voters who supported his ""America First"" approach.""",during his 2024 campaign donald trump repeatedly stated that he would not start new wars he emphasized a commitment to peace claiming youre not going to have a war with iran with me as president this message resonated with many voters who supported his america first approach,
You guys are living in another planet..... you guys are loosing not just the war but your mind,you guys are living in another planet you guys are loosing not just the war but your mind,
Just when I thought our toddler President couldn't get anymore immature...,just when i thought our toddler president couldnt get anymore immature,
The people of Iran may soon be without electricity,the people of iran may soon be without electricity,
Make them live with no heating . Just like the pensioners in Glasgow,make them live with no heating  just like the pensioners in glasgow,
They said it was open.,they said it was open,
This country is in serious peril.,this country is in serious peril,
who  will   listen  to  trump ???,who  will   listen  to  trump ???,
"See I some somewhat supported this because of the protest matter. But as evidence shows, the gov their must not be too bad 🤷‍♂️ now instead of focusing on the would be problem trumps militia is gonna inflict maximum damage to the people he supposedly defended smh",see i some somewhat supported this because of the protest matter but as evidence shows the gov their must not be too bad  now instead of focusing on the would be problem trumps militia is gonna inflict maximum damage to the people he supposedly defended smh,
Or what ? Orange clown,or what ? orange clown,
Bombing power plants is considered a war crime.,bombing power plants is considered a war crime,
"Weird, the strait always open, none blocking the water.",weird the strait always open none blocking the water,
"Just so we are in the page here, As the leader of the USA is as dumb as they come- an excursion is what you do in school when you go somewhere . An incursion is what you do when attacking another country. Also mice can’t be transgender. You cannot drop medicine by 900 percent. You cannot nuke hurricanes. Becuase it produces acid rain",just so we are in the page here as the leader of the usa is as dumb as they come an excursion is what you do in school when you go somewhere  an incursion is what you do when attacking another country also mice cant be transgender you cannot drop medicine by 900 percent you cannot nuke hurricanes becuase it produces acid rain,
"Trump donor oil companies are benefiting from trumps war. What else needs to be explained? This is for trumps buddy oil companies. How much has it gone up???
Trump caused this on purpose.  
His snake oil scam about wind mills is just another pitch. Trump is corrupt.  Simple as that.
These guys praise trump with lies. Disgusting.  Bringing peace?? Is this guy fkn for real????????? 
This is a fn DISASTER!!!!!","trump donor oil companies are benefiting from trumps war what else needs to be explained? this is for trumps buddy oil companies how much has it gone up???
trump caused this on purpose  
his snake oil scam about wind mills is just another pitch trump is corrupt  simple as that
these guys praise trump with lies disgusting  bringing peace?? is this guy fkn for real????????? 
this is a fn disaster!!!!!",
"This is the MOST WONDERFUL BEAUTIFUL AUSTANING BIG SUPPA DUPPA AMAISING ONE IN A MILLENNIA, BIG ""VICTORY"" IN THE ENTIRE GALAXY IN THE LAST 5,000 YEARS OF AMERICAN HISTORY 
🎉🎉🎉

Doesn't Y understand why our allies don't want to share the glory of victory with us?","this is the most wonderful beautiful austaning big suppa duppa amaising one in a millennia big victory in the entire galaxy in the last 5000 years of american history 


doesnt y understand why our allies dont want to share the glory of victory with us?",
What a joke... 48 hours or we'll bomb more school girls..Trump and his supporters are sickos.,what a joke 48 hours or well bomb more school girlstrump and his supporters are sickos,
America’s tough guy😂😂😂,americas tough guy,
Destroying their infrastructure doesn’t make sense…there has to be something left to save for the Persians,destroying their infrastructure doesnt make sensethere has to be something left to save for the persians,
Iran will go back to stone age if they don't open the strait.,iran will go back to stone age if they dont open the strait,
“Thank Goodness Trump is running this….” You are a certified moron,thank goodness trump is running this you are a certified moron,
"Don’t, the people didn’t do nothing too you. What happen to the scalpel? Is it broken?",dont the people didnt do nothing too you what happen to the scalpel? is it broken?,
TACO NOW!,taco now!,
Don’t dare to do this.,dont dare to do this,
Trump will unleash even more chaos.  He is a moron.,trump will unleash even more chaos  he is a moron,
That is right we support trump . The democrats are revealing to USA that they do lot care about the children and grandchildren even if the evil regime of Iran attacks us,that is right we support trump  the democrats are revealing to usa that they do lot care about the children and grandchildren even if the evil regime of iran attacks us,
You went to war and you should know the consequences.😆,you went to war and you should know the consequences,
Putin and his generals agree that Trump and his daughter enjoy raw kosher hot dogs.,putin and his generals agree that trump and his daughter enjoy raw kosher hot dogs,
"GO ASK BRUSSEL TRUMP, THEY HAVE A LOT OF MONNY, ZELINSKY HAVE IT ALL, BUT STILL CAN WIN THE WAR FROM RUSSIA, TRILLIONS OF  EURO,S WASTE 4 NOTTHING  IN UKRAINE!!",go ask brussel trump they have a lot of monny zelinsky have it all but still can win the war from russia trillions of  euros waste 4 notthing  in ukraine!!,
If they just rename it the Strait of Trump he’ll back right down.,if they just rename it the strait of trump hell back right down,
"At this age, mentioning about international laws is  just showing your stupidity to the whole world.",at this age mentioning about international laws is  just showing your stupidity to the whole world,
"T-Rump   ""DEMANDS""  !!

How  many  times  his  demands  on  other  nations   got  the  short  shift   and  were  ignored  ??","trump   demands  !!

how  many  times  his  demands  on  other  nations   got  the  short  shift   and  were  ignored  ??",
That is right we love president trump even if the evil evil radical left of democrats do not like it,that is right we love president trump even if the evil evil radical left of democrats do not like it,
This coming from the guy who said he'd end the Ukraine war on day 1.  Trump doesn't think things through.,this coming from the guy who said hed end the ukraine war on day 1  trump doesnt think things through,
😂 this is mental!,this is mental!,
This is literally a crisis the Trump admin created lmao this was absolutely avoidable,this is literally a crisis the trump admin created lmao this was absolutely avoidable,
"Only if it’s that easy, sir then we wouldn’t have suffered from the cost of living.",only if its that easy sir then we wouldnt have suffered from the cost of living,
Western Colonizers Dominance in the MDL East is Over ...,western colonizers dominance in the mdl east is over,
Epstein files first.,epstein files first,
Fox= bozos and Bimbos,fox bozos and bimbos,
48 hours usually means they have til days end,48 hours usually means they have til days end,
I will stop the Ukraine war in my first day of office,i will stop the ukraine war in my first day of office,
Yes😊😊😊😊,yes,
"If Iran does not comply,..they are COWARDS !!!!!!!!!!!!!!!!!!!!!!!",if iran does not complythey are cowards !!!!!!!!!!!!!!!!!!!!!!!,
We need to control the Straight.,we need to control the straight,
Really So funny 😅!,really so funny !,
"Iran responded they will blow up all regional desalination plants and oil fields in response to this, millions of people will be at risk of dying of thirst in the gulf and israel.

Trump needs to be restrained by congress, he is an imbecile and he's leading us to a catastrophe, if he does this we will have a global depression because we have no way of stopping iran's response.

Even the moronic cheerleaders at fox news have to realise how dangerous this is.","iran responded they will blow up all regional desalination plants and oil fields in response to this millions of people will be at risk of dying of thirst in the gulf and israel

trump needs to be restrained by congress he is an imbecile and hes leading us to a catastrophe if he does this we will have a global depression because we have no way of stopping irans response

even the moronic cheerleaders at fox news have to realise how dangerous this is",
lol what a joke.,lol what a joke,
"Who's afraid of the Big-Bad-Wolf.... 
He'll Huff... & He'll Puff.... & He's Burning his own House down...","whos afraid of the bigbadwolf 
hell huff  hell puff  hes burning his own house down",
What happened to unconditional surrender or regime change?,what happened to unconditional surrender or regime change?,
I can see power plants in Israel and the Gulf monarchies starting to shake...,i can see power plants in israel and the gulf monarchies starting to shake,
"If Trump said a deadline, you better meet it? Trump is a moron in every country looks at him like a mentally challenged dog.",if trump said a deadline you better meet it? trump is a moron in every country looks at him like a mentally challenged dog,
"Attacking power plants is listed as a war crime in the Geneva Conventions, you are prohibited from destroying civilian infrastructure.  It stops water purification and distribution, stops the refrigeration of food and medicine, it kills children

Those in MAGA who still consider themselves to be Christian should be speaking out about this","attacking power plants is listed as a war crime in the geneva conventions you are prohibited from destroying civilian infrastructure  it stops water purification and distribution stops the refrigeration of food and medicine it kills children

those in maga who still consider themselves to be christian should be speaking out about this",
And the oil prices wil go ⬆️⬆️⬆️⬆️⬆️⬆️⬆️⬆️,and the oil prices wil go,
There will be no Jewish boots on the ground. Only boots will be working - class  Whites.,there will be no jewish boots on the ground only boots will be working  class  whites,
I don't think anyone in Iran follows Trump!!,i dont think anyone in iran follows trump!!,
Uh oh.  You KNOW he'll do it.  Go get 'em!,uh oh  you know hell do it  go get em!,
Shut up fake news,shut up fake news,
fully release the files,fully release the files,
Gooo Trump 🇺🇸🇺🇸🇺🇸🇺🇸🇺🇸🇺🇸❤️🇺🇸❤️❤️❤️❤️ USA USA,gooo trump  usa usa,
Can you imagine a world where the president sends demands to foreign leaders through social media? 😂,can you imagine a world where the president sends demands to foreign leaders through social media?,
Remember captain bone spurs bankrupted casinos America is next,remember captain bone spurs bankrupted casinos america is next,
LETS GO TACO,lets go taco,
Go go do it why need 48 hrs just blew them out blow the whole world,go go do it why need 48 hrs just blew them out blow the whole world,
No more reading the Quran and butt up to God in the dark 😂,no more reading the quran and butt up to god in the dark,
"😂😂😂 in Epstein Psycho & in War Joker ; 
Funny word is Islamic Terrorism 
but What about Isreal & America Terrorism 😂 🤮🤮🤮","in epstein psycho  in war joker  
funny word is islamic terrorism 
but what about isreal  america terrorism",
"TACO in 48 hours: ""I could have OBLITERATED all the Iranian power plants but I decided to NOT do it, because I'm a nice guy. However if Iranians don't open the straight very soon, I'll do something. You'll see. Thank you for your attention to this matter. President DONALD J TRUMP"".",taco in 48 hours i could have obliterated all the iranian power plants but i decided to not do it because im a nice guy however if iranians dont open the straight very soon ill do something youll see thank you for your attention to this matter president donald j trump,
Israel bombed the USS Liberty in 1967 killing 34 American sailors. 😢,israel bombed the uss liberty in 1967 killing 34 american sailors,
What a unhinged war criminal!,what a unhinged war criminal!,
they dont care,they dont care,
Wow. Hope the Greenland invasion goes better than THIS shitshow! Maybe Israel will help us! 😂😂😂😂😂😂,wow hope the greenland invasion goes better than this shitshow! maybe israel will help us!,
"Pattern recognition:

POTUS broaches on deescalation & negotiations, Israel takes action that escalates the war.

Restraining Israel is the only way to stop this war from spiraling further out of control.","pattern recognition

potus broaches on deescalation  negotiations israel takes action that escalates the war

restraining israel is the only way to stop this war from spiraling further out of control",
Gotta love them bombs falling on those nutcase mullahs.,gotta love them bombs falling on those nutcase mullahs,
From Epic Fury to Epic Faillure,from epic fury to epic faillure,
THATS GOOD PRESIDENT TRUMP,thats good president trump,
I don't know.   They want to be martyrs so I am not sure losing power is going to persuade them.,i dont know   they want to be martyrs so i am not sure losing power is going to persuade them,
He’s like the worlds oldest toddler…,hes like the worlds oldest toddler,
"IT SEEMS LIKE TRUMP AND HIS ISRAELI CRONIES ARE STARTING TO DESPAIR. THEY ARE GETTING CRAZIER AND MORE INSANE. LATER, WHEN THE POWER PLANTS IN THE UAE AND ISRAEL ARE ATTACKED IN RETALIATION, THEY WILL CRY AND CURSE. TRUMP AND ISRAEL ARE TRULY CRAZY.",it seems like trump and his israeli cronies are starting to despair they are getting crazier and more insane later when the power plants in the uae and israel are attacked in retaliation they will cry and curse trump and israel are truly crazy,
🤡 All of them,all of them,
"Great flatten Iran, and  put a  Super Walmart and a Costco.",great flatten iran and  put a  super walmart and a costco,
IT SEEMS LIKE TRUMP AND HIS ISRAELI CRONIES ARE STARTING TO DESPAIR.!!!,it seems like trump and his israeli cronies are starting to despair!!!,
I guess Trump don't think Iran has a backup plan for that.,i guess trump dont think iran has a backup plan for that,
"Iran Prime minister said Strait of Hormuz is open, but only closed to enemies.😂",iran prime minister said strait of hormuz is open but only closed to enemies,
"listen to these Foxtard idiots. Not only will Trump's ultimatum not open the Strait (in fact it's a confession that current in-theatre US military CANNOT do do), it'll escalate the Greater Israel War a whole step-level. IRGC reponse: ""hit our power plants, we will hit every US/Gulf State/Israel energy, info tech, AND DESALINIZATION facility"". Israel, BTW gets 75% of its water from just 5 plants.",listen to these foxtard idiots not only will trumps ultimatum not open the strait in fact its a confession that current intheatre us military cannot do do itll escalate the greater israel war a whole steplevel irgc reponse hit our power plants we will hit every usgulf stateisrael energy info tech and desalinization facility israel btw gets 75 of its water from just 5 plants,
WWJD: Jesus wants us to obliterate their power plants and make them suffer! God Bless America and President Trump,wwjd jesus wants us to obliterate their power plants and make them suffer! god bless america and president trump,
Do any of you yankies actually take any of this seriously ???,do any of you yankies actually take any of this seriously ???,
"They say how fantastic they are doing, yet they can't control a 20 mile stretch of water? SMH",they say how fantastic they are doing yet they cant control a 20 mile stretch of water? smh,
Trump is just creating a bigger mess…he needs to use some diplomacy….not threats.,trump is just creating a bigger messhe needs to use some diplomacynot threats,
"So, the US caused it and then these dumb people blame Islamic radicals 😂",so the us caused it and then these dumb people blame islamic radicals,
Going over the comments section I’m glad people are waking up to fox propaganda,going over the comments section im glad people are waking up to fox propaganda,
Nobody voted for this BS.  Time for Trump to go.,nobody voted for this bs  time for trump to go,
"""​Strategy without tactics is the slowest route to victory. Tactics without strategy is the noise before defeat."" - Sun Tzu

""I won this war more than anyone who has ever won a war before, also... help me."" - Donald Trump","strategy without tactics is the slowest route to victory tactics without strategy is the noise before defeat  sun tzu

i won this war more than anyone who has ever won a war before also help me  donald trump",
Son unos asesinos de niñas que solo estudiaban.  Ni el infierno los querrá porque está ahí hay estándares,son unos asesinos de niñas que solo estudiaban  ni el infierno los querrá porque está ahí hay estándares,
He can open his pants. Warlord trump is loosing.,he can open his pants warlord trump is loosing,
Trump is  going to be impatient and crazy,trump is  going to be impatient and crazy,
"Congratulations Israel. Enjoy our ""doge checks""... here's some ""tarrif"" money too. IRS, hold my refund as long as needed... i understand Israel first. Hey Donald, you lost my attention to this matter.",congratulations israel enjoy our doge checks heres some tarrif money too irs hold my refund as long as needed i understand israel first hey donald you lost my attention to this matter,
At the same time asking for 200 BILLION,at the same time asking for 200 billion,
"😂😂😂😂 Trump doesn’t mess around.  FAFO Iran regime who’s suppressed the Persian people of Iran.  
I used to laugh when the previous administration said “DON’T!”  or gave billion$$ to the regime.
Now I laugh cause of FAFO!!!
😂😂😂😂😂.  
God Bless USA, and the suppressed Persian people of Iran.","trump doesnt mess around  fafo iran regime whos suppressed the persian people of iran  
i used to laugh when the previous administration said dont!  or gave billion to the regime
now i laugh cause of fafo!!!
  
god bless usa and the suppressed persian people of iran",
And who will suffer? Certainly not their military. Popularity will decline with the Iranians for this war.,and who will suffer? certainly not their military popularity will decline with the iranians for this war,
Trump has lost his mind !,trump has lost his mind !,
"I thought he ""already won"" and had """"obliterated Iran's military? Lol",i thought he already won and had obliterated irans military? lol,
😂😂joke jornalist,joke jornalist,
It’s ILLEGAL like other actions you had,its illegal like other actions you had,
The Alzheimer’s says Don’t! 😂,the alzheimers says dont!,
I hate the left so much,i hate the left so much,
Iran isn't scared of the US.,iran isnt scared of the us,
Or what? Tell Israel 😂😂😂,or what? tell israel,
Iran will do the stupid,iran will do the stupid,
Trump SHALL TACO. No other choices. Mark this!!! 😂 hahhahah,trump shall taco no other choices mark this!!!  hahhahah,
Do you really think Iranian leaders read truth social? How stupid is he?,do you really think iranian leaders read truth social? how stupid is he?,
"Fox news is just a propaganda network for Trump, no different than North Korean news",fox news is just a propaganda network for trump no different than north korean news,
These egoic genocidal maniacs already know who is running the country. They are hiding him!,these egoic genocidal maniacs already know who is running the country they are hiding him!,
Epic Temper Tantrum,epic temper tantrum,
"I am only here to stablish a channel to talk to President Trump of White House in United States of America and am sure he hears the voice of Iranian people crying for democracy under the leadership of exiled Reza Shah the 2nd,. You are the only dearest president of America loved by the people of Iran that had the courage to do what you doing to save the world of brutal, tyrant regime. I am an Iranian American and proud of Republican President Trump. MAGA. That's what you have been doing.",i am only here to stablish a channel to talk to president trump of white house in united states of america and am sure he hears the voice of iranian people crying for democracy under the leadership of exiled reza shah the 2nd you are the only dearest president of america loved by the people of iran that had the courage to do what you doing to save the world of brutal tyrant regime i am an iranian american and proud of republican president trump maga thats what you have been doing,
Smart move enjoy the dark ages Iran. Your choice cavemen.,smart move enjoy the dark ages iran your choice cavemen,
Don't do it Iran,dont do it iran,
"Alright, get ready for oil to hit $200 a barrel for the next 2 years. Thanks Trump.",alright get ready for oil to hit 200 a barrel for the next 2 years thanks trump,
So much BS,so much bs,
Now that’s what I’m talking about!!! Please don’t open it I beg you!!! Let’s knock them into the Stone Age🇺🇸🇺🇸🇺🇸,now thats what im talking about!!! please dont open it i beg you!!! lets knock them into the stone age,
"United states is the most powerful military in the world, yet they can't open the strait of Hormuz 😂😂😂.",united states is the most powerful military in the world yet they cant open the strait of hormuz,
هل انتم بشر ام روبرت ليس لديكم اي فكرة واي راي فقط قالت اسرائيل وهي من تقود امريكا مثل العاهرة الى الفراش وبدون مقابل,هل انتم بشر ام روبرت ليس لديكم اي فكرة واي راي فقط قالت اسرائيل وهي من تقود امريكا مثل العاهرة الى الفراش وبدون مقابل,
Trump is a moron blowhard chicken who is a draft dodger coward,trump is a moron blowhard chicken who is a draft dodger coward,
"Has Trump already stated 9 times that he defeated everyone, destroyed everything, that Iran has nothing left, or did Trump lie as always?",has trump already stated 9 times that he defeated everyone destroyed everything that iran has nothing left or did trump lie as always?,
Isn't Trump golfing this weekend,isnt trump golfing this weekend,
So he's threatening war crimes after he said he already won the war?!?,so hes threatening war crimes after he said he already won the war?!?,
HE LIED SAID THEY DESTROYED ALL WEAPONS AND NOW HE IS BACK BOMBING,he lied said they destroyed all weapons and now he is back bombing,
"After hearing Trump speak so many times, if he says 48 hours, then it could be before 48 hours, after 48 hours, or never.

But, Trump seems desperate and cornered, so he might do something even crazier than what he's already doing. Americans should be careful, lest Trump send them to fight and die for Israel.","after hearing trump speak so many times if he says 48 hours then it could be before 48 hours after 48 hours or never

but trump seems desperate and cornered so he might do something even crazier than what hes already doing americans should be careful lest trump send them to fight and die for israel",
"Fox News is a complete joke. I wouldn't bet on Iran backing down. Not in the least bit. In fact, prepare for oil to sky rocket on Monday. The oil will not be flowing on Monday. It will most likely be burning.",fox news is a complete joke i wouldnt bet on iran backing down not in the least bit in fact prepare for oil to sky rocket on monday the oil will not be flowing on monday it will most likely be burning,
NO ONE LIKES TRUMP,no one likes trump,
Go to hell you devil Trump. You are an Israeli lobbist in United States who is draining US economy for Jewish,go to hell you devil trump you are an israeli lobbist in united states who is draining us economy for jewish,
I honestly think this is right thing to do so the strait of hurmuz has to open ban all export of food in iran,i honestly think this is right thing to do so the strait of hurmuz has to open ban all export of food in iran,
"IRAN WILL BOMB THE CRAP OUT OF MANY PLACES , TRUMP AAID IRAN HAS NOT WEAPONS 😂😂😂😂YEAH LIKE HE SAID LADT MONTH",iran will bomb the crap out of many places  trump aaid iran has not weapons yeah like he said ladt month,
No better way to get America struck .,no better way to get america struck,
"black sea grain initiative of 22 happened, which now, says a lot",black sea grain initiative of 22 happened which now says a lot,
Democrats are Panicking 🎉,democrats are panicking,
"Its time to come out from 6000 years lies and choose happiness for our next genrations  .all we live in hoax of lies given by our religioso leaders , a launch for time king not a charmlife, so it's last time to close nukes  and sitts on one table to clear all mistakes . Trump can do with his all opponents and brothers to only one line way for all🎉🎉🎉🎉🎉",its time to come out from 6000 years lies and choose happiness for our next genrations  all we live in hoax of lies given by our religioso leaders  a launch for time king not a charmlife so its last time to close nukes  and sitts on one table to clear all mistakes  trump can do with his all opponents and brothers to only one line way for all,
Pure Terrorism!!!!  This is public infrastrucrure.Looks like Trump loosing it..Worlds powerfull military behaving like real terrorists,pure terrorism!!!!  this is public infrastrucrurelooks like trump loosing itworlds powerfull military behaving like real terrorists,
"When I watch Fox News, I see a bunch of empty-headed cheerleaders bubbling about quite serious matters- dangerous times! Also, bombing power plants sounds like a war crime- russians do that..",when i watch fox news i see a bunch of emptyheaded cheerleaders bubbling about quite serious matters dangerous times! also bombing power plants sounds like a war crime russians do that,
Clown,clown,
Another day another psycho American idiot,another day another psycho american idiot,
"I thought the war was “winding down”. God, what an idiot we have in office.",i thought the war was winding down god what an idiot we have in office,
"No one wants to help Trump after all, he was so nasty to  NATO and now he’s paying for what he did 🛑👋🏻👋🏻👋🏻👋🏻WHST ABOUT THOSE COUNTRIES THAT PAID MILLIONS TO JOIN IN PEACE GROUP THEY ARE NOT HELPING",no one wants to help trump after all he was so nasty to  nato and now hes paying for what he did whst about those countries that paid millions to join in peace group they are not helping,
Is the Trump sending the American and Israeli navy to escort the boats through??? After all it was the Satanyahu and the Dump that started this illegal war,is the trump sending the american and israeli navy to escort the boats through??? after all it was the satanyahu and the dump that started this illegal war,
Faux Entertainment Channel is so beholden to Trump it's disgusting.  Their noses couldn't be any browner with all the Trump praise.,faux entertainment channel is so beholden to trump its disgusting  their noses couldnt be any browner with all the trump praise,
"So you wanna see electric and energy infrastructure destroyed inside Israel and golf states ,endless fires for decades, and global energy crisis",so you wanna see electric and energy infrastructure destroyed inside israel and golf states endless fires for decades and global energy crisis,
"Hired a Douch, Republicans",hired a douch republicans,
😂😂😂😂😂😂😂 I'm just waiting for the 2-week comments that's when you know it's over😂😂😂,im just waiting for the 2week comments thats when you know its over,
"Thank you president Trump for ending this 47 year forever war
America First 🎆250🎆","thank you president trump for ending this 47 year forever war
america first 250",
What a dumb is Trump! Start a war on a nation then demand they obey you 😂😂😂😂😂,what a dumb is trump! start a war on a nation then demand they obey you,
A US Naval Blockade of the straights would force unconditional surrender in 30 days.,a us naval blockade of the straights would force unconditional surrender in 30 days,
😱  😳 Iran should really feel scared now,iran should really feel scared now,
Trump is desperately asking Iran to help,trump is desperately asking iran to help,
"🌟isto é fácil.... joga 20 bombas de 2 a 4 toneladas cortando as montanhas, DEPOIS de tudo destruído, faz a limpeza das rochas e dos resíduos 😅🔥⚠️
e assim nascerá o NOVO CANAL de  MUSANDAN","isto é fácil joga 20 bombas de 2 a 4 toneladas cortando as montanhas depois de tudo destruído faz a limpeza das rochas e dos resíduos 
e assim nascerá o novo canal de  musandan",
Hahaha YES SIR THE STRAIT WILL OPEN JUST IN HOURS . consider your desalination plants 👏👏👏🥂 thank you for your attention .,hahaha yes sir the strait will open just in hours  consider your desalination plants  thank you for your attention,
TACO,taco,
Trump is buying right now. Iranian oil giving them billions of dollars! Why don't you report on that? We're fighting a war with a country we're buying oil from! Why don't you report on that!?,trump is buying right now iranian oil giving them billions of dollars! why dont you report on that? were fighting a war with a country were buying oil from! why dont you report on that!?,
"Send IDF ground troops to reopen the straits. It’s their war. As Israel’s ally, we’ll sit back and watch them from our boats. They can do this themselves.",send idf ground troops to reopen the straits its their war as israels ally well sit back and watch them from our boats they can do this themselves,
IRAN will not open it and watch this war go NUCLEAR,iran will not open it and watch this war go nuclear,
I demand you open the strait that I TRUMP forced you to close,i demand you open the strait that i trump forced you to close,
"Open the Strait of Hormuz, Islamic Republic, or face complete and utter destruction.",open the strait of hormuz islamic republic or face complete and utter destruction,
If they open the Strait of Hormuz is not going to be because of trump thank the allies,if they open the strait of hormuz is not going to be because of trump thank the allies,
"Nowadays, even attacks on civilian infrastructure can be openly declared by the US president on the internet, stating that the United States is in decline and evil.",nowadays even attacks on civilian infrastructure can be openly declared by the us president on the internet stating that the united states is in decline and evil,
I got all excited until I heard it was Mueller who died. We live in hope! 🍊 🍊🍊,i got all excited until i heard it was mueller who died we live in hope!,
Bomb the power plants puntin has been doing that to Ukraine for years,bomb the power plants puntin has been doing that to ukraine for years,
"Let's see now, orange man attack's and bombs Iran and now wants them to open up Hermoz. That's rich, it shows how much of a dumbass orange man really is 🤔💩👹",lets see now orange man attacks and bombs iran and now wants them to open up hermoz thats rich it shows how much of a dumbass orange man really is,
Lol that post REEKS of desperation,lol that post reeks of desperation,
41 percent of Trump voters regret their vote,41 percent of trump voters regret their vote,
Does fox news comprehend the idea that Iran will retaliate in similar drastic way against entire Gulf region and Israel ?,does fox news comprehend the idea that iran will retaliate in similar drastic way against entire gulf region and israel ?,
Lol😂,lol,
time to take off the gloves iran is not going to stop,time to take off the gloves iran is not going to stop,
That is sure to work.,that is sure to work,
"Trump didn’t accept Iran sovereignty, then why demand?",trump didnt accept iran sovereignty then why demand?,
BS,bs,
"Is this another element of the ""we won"" or the ""winding down""?",is this another element of the we won or the winding down?,
"When he gives a deadline, it means he's about to rip Iran's head off and feed it to it's rear end.",when he gives a deadline it means hes about to rip irans head off and feed it to its rear end,
Great job Mr president Donald Trump.. Go MAGA Go 🇺🇸🇺🇸🇺🇸✌✌✌🇺🇸🇺🇸🇺🇸,great job mr president donald trump go maga go,
"But if they do not stop & he bombs their oil production prices will really jump higher, correct??",but if they do not stop  he bombs their oil production prices will really jump higher correct??,
Why Fox News puts these two dumbfck women to talk about such a serious matter?,why fox news puts these two dumbfck women to talk about such a serious matter?,
Orange man starting to paranoid & shaken . No one owes u a living 😂😂😂,orange man starting to paranoid  shaken  no one owes u a living,
LMAO!! What a loser 😂,lmao!! what a loser,
Yes let's go. This is what is needed ... 45 hours left,yes lets go this is what is needed  45 hours left,
Hahaha I need my popcorn 🍿,hahaha i need my popcorn,
Easy … just stop bombing them first.,easy  just stop bombing them first,
"Pretty sure that's a war crime, crime against humanity etc...",pretty sure thats a war crime crime against humanity etc,
"""When President Trump sets a deadline you'd better meet it.""
TACO and deadlines in the same sentence... BWAHAHAHAAAAAAAAA!!!!!.","when president trump sets a deadline youd better meet it
taco and deadlines in the same sentence bwahahahaaaaaaaaa!!!!!",
"Italy, Germany, and France to Secure Strait of Hormuz Passage Only After Ceasefire
Excellent move","italy germany and france to secure strait of hormuz passage only after ceasefire
excellent move",
"12 hours later 
IRAN: hello united states 📱 
Yeah in Jesus name we wanna make a deal please!","12 hours later 
iran hello united states  
yeah in jesus name we wanna make a deal please!",
please 47h and 59 minutes 🤣😂,please 47h and 59 minutes,
Really? Why aren’t we opening for them?,really? why arent we opening for them?,
Well that settles it then doesn't it? The pretend president has no clothes.  Just his dumfuk maga cult! 😮😢,well that settles it then doesnt it? the pretend president has no clothes  just his dumfuk maga cult!,
"Maybe if Waltz pays him enough , Trump will forgive him.
Like George Santos,  who was using the credit card info people were sending him, as contribution for his campaign,  to buy personal items. 
Don't think he had to pay Trump though,  I think Santos is the guy they refer to as Babba, and just had to get down on his knees.","maybe if waltz pays him enough  trump will forgive him
like george santos  who was using the credit card info people were sending him as contribution for his campaign  to buy personal items 
dont think he had to pay trump though  i think santos is the guy they refer to as babba and just had to get down on his knees",
"He's desperate and delusional... welcome to the Epstein war, where the president of the usa is ready to start world war 3 because he's blackmailed by Netanyahu",hes desperate and delusional welcome to the epstein war where the president of the usa is ready to start world war 3 because hes blackmailed by netanyahu,
"Infiltrating forces in Iran has options to kidnap, assassinate, sabotage, and ambush local soldiers and commanders on the ground. Communists perfect this tactics.",infiltrating forces in iran has options to kidnap assassinate sabotage and ambush local soldiers and commanders on the ground communists perfect this tactics,
They are waiting for you since 1980 and well prepared 😂😂😂 don't play twitter twitter let play war war...😂😂😂,they are waiting for you since 1980 and well prepared  dont play twitter twitter let play war war,
What a mess.,what a mess,
<><><>  PLEASE DEAR GOD ... PLEASE FREE THE IRANIANS  <><><>,please dear god  please free the iranians,
"HEY FOX
TELL TRUMP HE SUCKS","hey fox
tell trump he sucks",
Better find some candles iran. 🕯,better find some candles iran,
Is the Spanish left wing Media outlet attacking the right wing and trump administration not only in the us but all Latino America big Media outlet,is the spanish left wing media outlet attacking the right wing and trump administration not only in the us but all latino america big media outlet,
"Congress should stop this psychopath. Destroying the power plants harms the Iranian people, who will unite even more against foreign aggression. Militarily, each missile city has independent power plants... The counterattack would be to leave the entire Persian Gulf without electricity. What is the objective? Is it to create a regional and global economic and humanitarian crisis? A great reset?",congress should stop this psychopath destroying the power plants harms the iranian people who will unite even more against foreign aggression militarily each missile city has independent power plants the counterattack would be to leave the entire persian gulf without electricity what is the objective? is it to create a regional and global economic and humanitarian crisis? a great reset?,
"Fox needs to put a count down stop watch timer 48 hours starting now on the fox screen every body sees and watches,,,it will be a thriller to constantly watch,,and then the big boom heha",fox needs to put a count down stop watch timer 48 hours starting now on the fox screen every body sees and watchesit will be a thriller to constantly watchand then the big boom heha,
Isn’t that war criminal? Plant is civilian infrastructure.,isnt that war criminal? plant is civilian infrastructure,
"Yeah, TACO boy doesn't have a clue what he's doing. If he did have a clue, the Hormuz straight would never have been closed by Iran. The rest of the so-called report is propaganda.",yeah taco boy doesnt have a clue what hes doing if he did have a clue the hormuz straight would never have been closed by iran the rest of the socalled report is propaganda,
Hit them and put some real fire power on them!,hit them and put some real fire power on them!,
"America never had control. Now, America has no allies and friends in the world either. Alone is strong, America's new motto. The world will not solve your problem. If you leave without a cease fire, Iran will be boldened and keep the straights closed for everybody who follow the sanctions, easy to do. What will you do with the world hating America? Wait for the 15%+ unemployment for a generation? It is just sad that America has started a war it can only win with a couple of hundred thousand American boots on the ground or be an outcast for a generation",america never had control now america has no allies and friends in the world either alone is strong americas new motto the world will not solve your problem if you leave without a cease fire iran will be boldened and keep the straights closed for everybody who follow the sanctions easy to do what will you do with the world hating america? wait for the 15 unemployment for a generation? it is just sad that america has started a war it can only win with a couple of hundred thousand american boots on the ground or be an outcast for a generation,
Let's make Iran great again by destroying its power plants 😂😂 what a pathetic liar,lets make iran great again by destroying its power plants  what a pathetic liar,
"Oh god, someone go get grandpa out of office",oh god someone go get grandpa out of office,
Democrats Donald Trump is your president too LIVE from the White House it’s Saturday night 48 HOURS SHIT’S GONNA GET DEEP D J T 🇺🇸🗽🚀,democrats donald trump is your president too live from the white house its saturday night 48 hours shits gonna get deep d j t,
"I love President Trump but I don’t think this 48hr is a good idea. You are dealing with a regime that has taken Iran hostage, when you threat to harm the hostage the regime who is the hostage taker doesn’t care because it’s not his country or people. Their way of thought is who cares let Trump to blow up the oil facility so long as we stay in power.",i love president trump but i dont think this 48hr is a good idea you are dealing with a regime that has taken iran hostage when you threat to harm the hostage the regime who is the hostage taker doesnt care because its not his country or people their way of thought is who cares let trump to blow up the oil facility so long as we stay in power,
Thank you President Trump,thank you president trump,
"United States of Israel is trying to scare Iran , meanwhile Americans don’t want to die for israel",united states of israel is trying to scare iran  meanwhile americans dont want to die for israel,
"How are we going to liberate the Iranian people with now power. The Europeans are calling us the Jewnited States of America. ISRAEL sanctions    genocide, can we start talking about the real problem.  What happens if Iran blows up desalination plants in Israel, this is very dangerous.",how are we going to liberate the iranian people with now power the europeans are calling us the jewnited states of america israel sanctions    genocide can we start talking about the real problem  what happens if iran blows up desalination plants in israel this is very dangerous,
Clock starts 47 hours ago...Times up!,clock starts 47 hours agotimes up!,
US got a life time asspounding,us got a life time asspounding,
Straight of Hormones. He’s bluffing,straight of hormones hes bluffing,
Trump need to keep his tweet off... And Focus on Action....,trump need to keep his tweet off and focus on action,
Give them a bad sun burn!,give them a bad sun burn!,
"Good luck with telling Iran what they're going to do next, you moron.",good luck with telling iran what theyre going to do next you moron,
Trump's gonna bring about a humanitarian CATASTROPHE WORLD WIDE They'll start attacking each others water desalination plants causing a drought and MILLIONS of refugees heading to Europe,trumps gonna bring about a humanitarian catastrophe world wide theyll start attacking each others water desalination plants causing a drought and millions of refugees heading to europe,
Seems less and less like this war is about freeing the Iranian people from a tyrannical leader. What’s the point in regime change if the country has no infrastructure.,seems less and less like this war is about freeing the iranian people from a tyrannical leader whats the point in regime change if the country has no infrastructure,
Fox News should be sued again,fox news should be sued again,
Iran don't have a military anymore but they're in control of the straight ???,iran dont have a military anymore but theyre in control of the straight ???,
We’re 4 weeks in and trump needs to be taken out.,were 4 weeks in and trump needs to be taken out,
Nuke Iran now!,nuke iran now!,
Why wait 48 hours? Hit'em now.We've gave those towels enough time to get it right.,why wait 48 hours? hitem nowweve gave those towels enough time to get it right,
Trump is bluffing,trump is bluffing,
Hes been told by bibi what to do..its a bibi thing..,hes been told by bibi what to doits a bibi thing,
LMAO!!!  trump demands...  just like his weak white people.,lmao!!!  trump demands  just like his weak white people,
Trump is 4-6 mo. away from being a smiling/waving Biden. 🤤,trump is 46 mo away from being a smilingwaving biden,
Nice to have a Potus with some ballz,nice to have a potus with some ballz,
Yeah sure ¿Anything else?😂,yeah sure anything else?,
He’s full of crap,hes full of crap,
"Targeting power plants will cripple civilian infrastructure causing great harm to civilians.  It’s considered a war crime. Don’t you care what happens to  Iranian citizens? No, I didn’t think so.",targeting power plants will cripple civilian infrastructure causing great harm to civilians  its considered a war crime dont you care what happens to  iranian citizens? no i didnt think so,
"Mr Trump, demanding, asking, warnings, and threatening are not workout in a war, you make them do what you want that's all..",mr trump demanding asking warnings and threatening are not workout in a war you make them do what you want thats all,
"World should rally behind Iran against the USA, the archevil.",world should rally behind iran against the usa the archevil,
Do it Don’t deal with devils control evilness religion in Iran.,do it dont deal with devils control evilness religion in iran,
Since when were power plants military targets?  Sounds like civilian targets to me.   I’m all for taking that regime off the face of the planet BUT taking out power plants hurts civilians the most.,since when were power plants military targets?  sounds like civilian targets to me   im all for taking that regime off the face of the planet but taking out power plants hurts civilians the most,
"Donald Trump does not think strategically. Nor does he think historically, geographically, or even rationally.",donald trump does not think strategically nor does he think historically geographically or even rationally,
"When you lady said you better meet th deadline so 
When he said the exact same things to Putin but bitched out what you call that","when you lady said you better meet th deadline so 
when he said the exact same things to putin but bitched out what you call that",
Trump demands?!! Did he stomp his feet and everything? F*ck Trump.,trump demands?!! did he stomp his feet and everything? fck trump,
Going to love less traffic. ❤❤,going to love less traffic,
Did yall translate that message to Arabic for them?,did yall translate that message to arabic for them?,
"HEY MAGA: Are you tired of winning yet? Trump said that we'd be winning so much that we'd get tired of it. Hey, you Trump voters, please let me know when you get tired of winning.",hey maga are you tired of winning yet? trump said that wed be winning so much that wed get tired of it hey you trump voters please let me know when you get tired of winning,
"Me parece que Trump no entiende el dolor de los padres persas de las 165 niñas asesinadas.

¿tu lo entiendes?

Si lo entiendes, entonces entenderás que Trump ha cometido su mayor error geopolitico. 

Trump ya no puede dar marcha atras en su amenaza y verás que ahora sí el estrecho de Hormuz se cerrará aunque pagues en yuanes y los ataques escalará a todas las refinerias y POTABILIZADORAS DE AGUA y habrá crisis de alimentos.

Definitivamente el precio del petroleo se elevará a 200 dolares, se romperá la OTAN y todos los paises asiaticos se irán contra Trump. Y eso es el MEJOR ESCENARIO. Del peor ni siquiera se puede mencionar.

Señores:  En esta hora, Trump a sentenciado a la economia mundial y al G7.

Que Dios los proteja. Buenas noches.","me parece que trump no entiende el dolor de los padres persas de las 165 niñas asesinadas

tu lo entiendes?

si lo entiendes entonces entenderás que trump ha cometido su mayor error geopolitico 

trump ya no puede dar marcha atras en su amenaza y verás que ahora sí el estrecho de hormuz se cerrará aunque pagues en yuanes y los ataques escalará a todas las refinerias y potabilizadoras de agua y habrá crisis de alimentos

definitivamente el precio del petroleo se elevará a 200 dolares se romperá la otan y todos los paises asiaticos se irán contra trump y eso es el mejor escenario del peor ni siquiera se puede mencionar

señores  en esta hora trump a sentenciado a la economia mundial y al g7

que dios los proteja buenas noches",
BAHAHAHAHAHA......Iran is NOT intimidated by magats favorite CHILD RAPIST.,bahahahahahairan is not intimidated by magats favorite child rapist,
Has he not learnt if he escalates they escalate?,has he not learnt if he escalates they escalate?,
Or else he'll do what?  Drop a nuke?  F-in idiot.,or else hell do what?  drop a nuke?  fin idiot,
Dont worry 🎉im with you just bleed the gulf all the gulf saudi n emirates n Egyptians all are enemies,dont worry im with you just bleed the gulf all the gulf saudi n emirates n egyptians all are enemies,
"Russia has been doing this to Ukraine's power for 4 years.  I guess we know who is running America, in case you had not figured it out yet.",russia has been doing this to ukraines power for 4 years  i guess we know who is running america in case you had not figured it out yet,
About time.,about time,
These broadcasters are idiots,these broadcasters are idiots,
"""If you're not early, you're late""  I'd send a message at hour 33.",if youre not early youre late  id send a message at hour 33,
Epstein files,epstein files,
"No problem, empty pot cry loud",no problem empty pot cry loud,
"Shut up fox, lmao",shut up fox lmao,
"*Trump's threats will only lead to a global energy crisis*
*Any attack targeted at Iran will result in an equal or stronger response*","trumps threats will only lead to a global energy crisis
any attack targeted at iran will result in an equal or stronger response",
Iran doesnt care lmao,iran doesnt care lmao,
He will go down in history as the man who saved the world. That’s righttrumphaters! What he has done to do his part in making the world a better place is remarkable!,he will go down in history as the man who saved the world thats righttrumphaters! what he has done to do his part in making the world a better place is remarkable!,
We will not kowtows to global 🌎 terrorism.Lunatics should not have access to nukes!!🫵🤨,we will not kowtows to global  terrorismlunatics should not have access to nukes!!,
Sure like the IRGC is just going to listen to Trump 😂,sure like the irgc is just going to listen to trump,
Fkn wipe them out....asap,fkn wipe them outasap,
This idiot can't demand anyone he is so delusional,this idiot cant demand anyone he is so delusional,
Fox News supports and lies for a president that stated he is glad a purple heart bronze star marine is dead.  neither trump nor fox have a shred of dignity.  they represent the very worst of America,fox news supports and lies for a president that stated he is glad a purple heart bronze star marine is dead  neither trump nor fox have a shred of dignity  they represent the very worst of america,
Stupid American who voted for Trump,stupid american who voted for trump,
Maybe I am wrong but I think president Trump has the sickos on the ropes go to it float like butterfly sting like a Bee. DB !!!!!!!!!!?,maybe i am wrong but i think president trump has the sickos on the ropes go to it float like butterfly sting like a bee db !!!!!!!!!!?,
Proud to be American 🇺🇸 again.,proud to be american  again,
"The Petro Dollar vault is a bottomless pit. By longterm closure of Hormuz, the US will not be worse off overall, only prices will rise and people will be poorer because the difference will go into the petrodollar's pocket.",the petro dollar vault is a bottomless pit by longterm closure of hormuz the us will not be worse off overall only prices will rise and people will be poorer because the difference will go into the petrodollars pocket,
After china UK refuse another trick of stupid trump,after china uk refuse another trick of stupid trump,
Douchebag Jason chaffetz he's one of the reasons I stopped watching fox. He was a loser in Congress. He's a loser now. He looks like that dweeb on mad magazine.,douchebag jason chaffetz hes one of the reasons i stopped watching fox he was a loser in congress hes a loser now he looks like that dweeb on mad magazine,
Epstein ........... you all have lost your minds lol. Boots on the ground and quagmire.,epstein  you all have lost your minds lol boots on the ground and quagmire,
TACO,taco,
Abracadabra!,abracadabra!,
“You are gambling with World War 3!! You are gambling with World War 3!!” President Donald J Trump,you are gambling with world war 3!! you are gambling with world war 3!! president donald j trump,
Consequences of war now he’s demanding? Yeah we demand to stop this unlawful invasion!!,consequences of war now hes demanding? yeah we demand to stop this unlawful invasion!!,
Trump's distraction from what he said about Robert Mueller. Give them 2 weeks as usual.,trumps distraction from what he said about robert mueller give them 2 weeks as usual,
"What the hell is the matter with you people?  Chuckling at the destruction of the cradle of civilization?  
.. all about peace, eh?  Maybe it's all about 'another piece'.","what the hell is the matter with you people?  chuckling at the destruction of the cradle of civilization?  
 all about peace eh?  maybe its all about another piece",
You think they gonna budge ?,you think they gonna budge ?,
Umm..the ayatolla ..the presient..etc are still there in charge..whats wrong with u guys..omg..,ummthe ayatolla the presientetc are still there in chargewhats wrong with u guysomg,
"Democrats want to fund the TSA during shutdown, but Republicans say ""Hell no!"".",democrats want to fund the tsa during shutdown but republicans say hell no!,
Orange clown is learning a tough lesson unfortunately he’s ruining the whole world economy,orange clown is learning a tough lesson unfortunately hes ruining the whole world economy,
That people still believe anything trump says proves that gullibility has a very wide horizon.,that people still believe anything trump says proves that gullibility has a very wide horizon,
That’s what a real Commander in Chief looks like.,thats what a real commander in chief looks like,
"If Trump hits Irans energy infrastructure in 48 hours Iran will hit gulf states infrastructure hard, and the Strait will remain closed. By Tuesday markets will be in a free fall. Iran will not surrender in any way.",if trump hits irans energy infrastructure in 48 hours iran will hit gulf states infrastructure hard and the strait will remain closed by tuesday markets will be in a free fall iran will not surrender in any way,
Poor journalism,poor journalism,
Are they news anchors or Trump's spokespersons?,are they news anchors or trumps spokespersons?,
"Well, if we do that then what will happen to power plants of our Middle East allies ? Let’s not worry about others ..not even allies and poor people of the countries. WIN WIN WIN",well if we do that then what will happen to power plants of our middle east allies ? lets not worry about others not even allies and poor people of the countries win win win,
"The United States of Israel has lost the war. No Regime Change. Iran calls the shots in the Strait of Hormuz.  US bases in the Persian Gulf destroyed. 13 Americans killed, over 180 injured....Losers!",the united states of israel has lost the war no regime change iran calls the shots in the strait of hormuz  us bases in the persian gulf destroyed 13 americans killed over 180 injuredlosers!,
Need boots on the ground NOW !  Invade the Island. Iran is dying. Make Iran a bad memory.,need boots on the ground now !  invade the island iran is dying make iran a bad memory,
F Israel and USA go Iran 🇮🇷,f israel and usa go iran,
WHAT'S ALL THE PANIC ABOUT? Didn't you hear? President Trump has decimated Iran's military capabilities.....hasn't he???🤔🇬🇧,whats all the panic about? didnt you hear? president trump has decimated irans military capabilitieshasnt he???,
Trump is destroying the world... It's a fact...,trump is destroying the world its a fact,
We’ll never forget the Epstein files.,well never forget the epstein files,
"Give them 48 hours leaving Teheran, there's a nuke incomming. (The Strait can wait a couple months...no prob)",give them 48 hours leaving teheran theres a nuke incomming the strait can wait a couple monthsno prob,
The democrats criminals are starting to pay attention,the democrats criminals are starting to pay attention,
All of them would love to blow trump.,all of them would love to blow trump,
Trump caused this problem.  Wasn't this to be done in a week.,trump caused this problem  wasnt this to be done in a week,
"Ummm news flash, they dont care.",ummm news flash they dont care,
lol.because threatening them and telling them your plans are working so well for you. Iran: “thanks for the heads up- again”,lolbecause threatening them and telling them your plans are working so well for you iran thanks for the heads up again,
"Taking out power plants is a war crime 
Millions of people will die 
And Irans will retaliate by striking power plants in the Gulf states 
MAGA you need to understand that you follow the worlds biggest warmonger in history.
He must be stopped he is literally destroying the worlds economy","taking out power plants is a war crime 
millions of people will die 
and irans will retaliate by striking power plants in the gulf states 
maga you need to understand that you follow the worlds biggest warmonger in history
he must be stopped he is literally destroying the worlds economy",
Iran 🇮🇷 should tell Trump “ no! you didn’t say please at the end. “ 😂,iran  should tell trump  no! you didnt say please at the end,
🤣😂😅😆😆😅😂 trump is desperate,trump is desperate,
"Asking the country you went to war with to abandon their only leverage, y'all must be lappi g up this bs",asking the country you went to war with to abandon their only leverage yall must be lappi g up this bs,
stop telling them light um up get it done get our boys and girls home let world once know which country  is in charge,stop telling them light um up get it done get our boys and girls home let world once know which country  is in charge,
This president is totally mental,this president is totally mental,
It’s gonna stay closed even after 48 hours.,its gonna stay closed even after 48 hours,
Threats are wimpy. Just do it.,threats are wimpy just do it,
The Iranian government  has been a menace to the 🇺🇸 since 1979.,the iranian government  has been a menace to the  since 1979,
Such a sad old little man,such a sad old little man,
Doesn't he realize only inbreds follow his orders?,doesnt he realize only inbreds follow his orders?,
Unconditional Surrender Remember?,unconditional surrender remember?,
So ur saying limit down day on Mon & Tues. Got it.☑️,so ur saying limit down day on mon  tues got it,
"Liberating the Iranian people by bombing their oil refineries, poisoning their air, destroying their fresh water supplies, exploding their elementary schools, and now ""obliterating"" their power plants. Who wouldn't be grateful for this?",liberating the iranian people by bombing their oil refineries poisoning their air destroying their fresh water supplies exploding their elementary schools and now obliterating their power plants who wouldnt be grateful for this?,
War crime alert,war crime alert,
It’s time!,its time!,
US ISRAEL START THE WAR NOW YOU QUOTE ISLAMIC TERRORISTS SHOULDN'T BE ALLOWED TO STOP OIL IN THE STRAIGHT. O YES YOU'RE RELATING THIS TO ECONOMIC WAR AND CONTROL. THE  AMERICAN DECADE'S OF SANCTIONS ARE ALSO ECONOMICAL WAR AND CONTROL.,us israel start the war now you quote islamic terrorists shouldnt be allowed to stop oil in the straight o yes youre relating this to economic war and control the  american decades of sanctions are also economical war and control,
keep doubling  down doubling down just like any old alcoholic just keep drinking from that bottle,keep doubling  down doubling down just like any old alcoholic just keep drinking from that bottle,
If they don't open it up captain bone spurs will hold his breath and stomp his feet and shake his tiny hands untill they do Thank you for your attention to this matter,if they dont open it up captain bone spurs will hold his breath and stomp his feet and shake his tiny hands untill they do thank you for your attention to this matter,
Iran is asking complete destruction.,iran is asking complete destruction,
"won't work, they don't care if the people die",wont work they dont care if the people die,
He ain't gonna do $hit 😂😂😂. I love roasting stupid trumpers and boomers in fox news comment sections because they are so feebleminded.,he aint gonna do hit  i love roasting stupid trumpers and boomers in fox news comment sections because they are so feebleminded,
Yeah well Israel will get obliterated then.,yeah well israel will get obliterated then,
just nuke iran 50 times they'll definitely open the straight.,just nuke iran 50 times theyll definitely open the straight,
"MAGA went from no new wars especially in the Middle East 
To we love war we love Israel","maga went from no new wars especially in the middle east 
to we love war we love israel",
FURHER TRUMP LOST THIS WAR  TIME WILL SHOW  IT,furher trump lost this war  time will show  it,
"외통수에 걸린 트럼프.
이제 시한부 인생이다.
중간선거 패배 후 탄핵당하고 바로 감방 예약이다.
잘가라.","외통수에 걸린 트럼프
이제 시한부 인생이다
중간선거 패배 후 탄핵당하고 바로 감방 예약이다
잘가라",
"This is a test by Trump, if there is any leadership left. I still think he should do the power grid, and hit the prisons infanstructure.",this is a test by trump if there is any leadership left i still think he should do the power grid and hit the prisons infanstructure,
/popcorn,popcorn,
"“If you don’t do what I say in 48 hours, I’m going to bomb you like I’ve been doing for 3 weeks even though it’s not working because I don’t know what the f I’m doing or how to get out of the mess I created!”",if you dont do what i say in 48 hours im going to bomb you like ive been doing for 3 weeks even though its not working because i dont know what the f im doing or how to get out of the mess i created!,
"Trump said that America has a powerful Arm forces in the world by far,  And yet He is begging American allies to help him to open the straight of Hurmoz ., It's been 3 weeks and now he cant make it open. What a big mouth.",trump said that america has a powerful arm forces in the world by far  and yet he is begging american allies to help him to open the straight of hurmoz  its been 3 weeks and now he cant make it open what a big mouth,
Isn't Iran letting other ships through except for the USA??,isnt iran letting other ships through except for the usa??,
Fox News is really a one sided fake news channel.,fox news is really a one sided fake news channel,
Trump is a real Commander in Chief unlike that loser Bush...,trump is a real commander in chief unlike that loser bush,
48 hrs is twice as long as he gave the Russia Ukraine war. .so this must be twice as difficult,48 hrs is twice as long as he gave the russia ukraine war so this must be twice as difficult,
"You will have revealed your true face to the Iranian people, whom you claimed to have come to save. Iran will target American and Israeli economic interests, as it has done before, as a warning. What a foolish, ignorant man Netanyahu dragged into a war as foolish as you are. And fox lies if you can pleas just stop",you will have revealed your true face to the iranian people whom you claimed to have come to save iran will target american and israeli economic interests as it has done before as a warning what a foolish ignorant man netanyahu dragged into a war as foolish as you are and fox lies if you can pleas just stop,
This has been a huge strategic failure. What a shame....,this has been a huge strategic failure what a shame,
"PLEAAASSE OPEN IT!! NO ALLIES ARE HELPING ME 🥺
PRETTY PLEASE??","pleaaasse open it!! no allies are helping me 
pretty please??",
"When you kick a hornets nest, it's not you who decides when the stinging stops.",when you kick a hornets nest its not you who decides when the stinging stops,
Why are other countries paying the price for a CRAZY U.S. president? This is so infuriating!!!!,why are other countries paying the price for a crazy us president? this is so infuriating!!!!,
😂😂😂How can a person like this be elected president? This stupid person can become president.,how can a person like this be elected president? this stupid person can become president,
THAY WILL OPEN  NEW  MISSLE STRIKE IN 48 h  IF USA HIT THAM THAY HIT ALL MIDLE EAST STATE  TARGET FOR TARGET,thay will open  new  missle strike in 48 h  if usa hit tham thay hit all midle east state  target for target,
This guys Arrogance never stops. ;lets see how the world allow him to be arrogant and how long it takes him to come to his senses..............the ships can pass throgh without hurdle as soon as US removes it terror bases in gulf region.the world can remain in peace.............US want to steal oil from Gulf thats why create all terror out there.................,this guys arrogance never stops lets see how the world allow him to be arrogant and how long it takes him to come to his sensesthe ships can pass throgh without hurdle as soon as us removes it terror bases in gulf regionthe world can remain in peaceus want to steal oil from gulf thats why create all terror out there,
Trump better not invade Iran with American soldiers. They'll be sent home in body bags!,trump better not invade iran with american soldiers theyll be sent home in body bags!,
"Trump:
We are winning this war
Have some guts go through the strait
NATO, help me protect the strait
Iran, open the strait!","trump
we are winning this war
have some guts go through the strait
nato help me protect the strait
iran open the strait!",
"If the PowerPoint are hight, it will be absolute anarchy in Iran. 😮😮",if the powerpoint are hight it will be absolute anarchy in iran,
Hit all their comunacation sights too.,hit all their comunacation sights too,
Loser Trump,loser trump,
The stock market is putting some pressure on him now.  Haahaaaa!!!,the stock market is putting some pressure on him now  haahaaaa!!!,
Useless president always threatening other. If things go wrong than just panic and lie lie lie to the peoples.,useless president always threatening other if things go wrong than just panic and lie lie lie to the peoples,
Or what? We will remove all sanctions. lol,or what? we will remove all sanctions lol,
"ㅋㅋㅋ
개방 안하면 어쩔건데?
트럼프 넌 가진 패가 없어.","ㅋㅋㅋ
개방 안하면 어쩔건데?
트럼프 넌 가진 패가 없어",
Operation AIPAC Fury has been an abysmal failure so far. Victory declared on the first day. Week 2: War is still continuing. Week 3: HELP!!!😅😅😅,operation aipac fury has been an abysmal failure so far victory declared on the first day week 2 war is still continuing week 3 help!!!,
Trump sucks big weiners,trump sucks big weiners,
This is how a real boss works!,this is how a real boss works!,
I'll check back in 48 hours to see who has bigger balls,ill check back in 48 hours to see who has bigger balls,
Trumps threats always work out well........,trumps threats always work out well,
"So what if Iran says hell nah War it is and they sink ships and start bombing oil infrastructures. Expect a reaction and now they have missiles that range to 4,000 km",so what if iran says hell nah war it is and they sink ships and start bombing oil infrastructures expect a reaction and now they have missiles that range to 4000 km,
You can’t play with snakes - who were flying the drones at Barksdale AFB? Home of our fighter planes,you cant play with snakes  who were flying the drones at barksdale afb? home of our fighter planes,
"Are the navies of our alleged allies, England, France and Germany, otherwise known as the CHICKENS OF THE SEA going to help keep the Strait of Hormuz open????",are the navies of our alleged allies england france and germany otherwise known as the chickens of the sea going to help keep the strait of hormuz open????,
Trump BETTER fully remove SANCTIONS.....Beggars CANNOT be choosers ...,trump better fully remove sanctionsbeggars cannot be choosers,
These morons are so funny.😂,these morons are so funny,
"Yeah Like Iran gives a fk what Orange man says all this time...They gonna respond by burning the whole/gulf middle east and Israel.
They should Just admit that they had no real plan starting this war.They thought Iran is Venezuela LMAO","yeah like iran gives a fk what orange man says all this timethey gonna respond by burning the wholegulf middle east and israel
they should just admit that they had no real plan starting this warthey thought iran is venezuela lmao",
"Make Atrocities Great Again
Operation epic pillage","make atrocities great again
operation epic pillage",
"Iran has vast open spaces, in which American troops will be needed on the ground - if ever a war is to be won (and not by air power alone).",iran has vast open spaces in which american troops will be needed on the ground  if ever a war is to be won and not by air power alone,
"😂😂😂😂😂😂 Orange 🤡 doesn't know how to get out of this conflict, he realize Iran it's not Venezuela. MAGA, are we great again, are we winning!?😂😂😂",orange  doesnt know how to get out of this conflict he realize iran its not venezuela maga are we great again are we winning!?,
"Drop Atomic Bomb on Tehran, we need fuel here",drop atomic bomb on tehran we need fuel here,
Tramp thinks he's in Venezuela  Another Vietnam,tramp thinks hes in venezuela  another vietnam,
They have to be ready there generator  and  hope they have enough  gasoline,they have to be ready there generator  and  hope they have enough  gasoline,
GO GET THEM  MR. TRUMP. GIVE IT TO THEM GOOD?,go get them  mr trump give it to them good?,
"Trump is nothing but a Puppet of SATANYAHU....
Every secretary he appointed was DICTATED by SATANYAHU....
He was compelled to start a war on IRAN...
He wants to exit but his Master is not giving permission","trump is nothing but a puppet of satanyahu
every secretary he appointed was dictated by satanyahu
he was compelled to start a war on iran
he wants to exit but his master is not giving permission",
“Don’t” 😂😂😂😂😂😂,dont,
Iran right now👉🤨 how about no ?,iran right now how about no ?,
"Well, this won't work will it? Fox news is as stupid as Trump.",well this wont work will it? fox news is as stupid as trump,
He is a manipulator and  liar so noone cares what he says,he is a manipulator and  liar so noone cares what he says,
Taco 😅,taco,
"All the IRGC leader’s  and their buddies have been enjoying themselves with the 72  none virgins somewhere,but it's not over yet; President  must Obliterated Evils Military of Iran for the entire Middle East.",all the irgc leaders  and their buddies have been enjoying themselves with the 72  none virgins somewherebut its not over yet president  must obliterated evils military of iran for the entire middle east,
"Trump bit off way more than he could chew. The world is enjoying watching him choke. Sad that his only motivation is saving his own hide after starting an illegal war with no end game. Expect years of fallout from his ""Excursion"".",trump bit off way more than he could chew the world is enjoying watching him choke sad that his only motivation is saving his own hide after starting an illegal war with no end game expect years of fallout from his excursion,
"Criminal Governor Trump, appointed by Israel to the position of US Governor, will be held accountable in a war crimes tribunal along with a wanted war criminal named Netanyahu",criminal governor trump appointed by israel to the position of us governor will be held accountable in a war crimes tribunal along with a wanted war criminal named netanyahu,
But aren’t they destroyed?,but arent they destroyed?,
They could comply and they might get bombed anyway. Nobody wants to negotiate with Washington.,they could comply and they might get bombed anyway nobody wants to negotiate with washington,
The whole point of war you said was liberating iran. Now your killing their civilian by cutting power plants.  Good strategy,the whole point of war you said was liberating iran now your killing their civilian by cutting power plants  good strategy,
😅😅 ok here is the oil at usd 200 baron well done 👍,ok here is the oil at usd 200 baron well done,
They aren't paying attention to your twitter account son.,they arent paying attention to your twitter account son,
1:58 claim the oil,158 claim the oil,
Mistake made to vote Trump as president who is most stupid person in the world,mistake made to vote trump as president who is most stupid person in the world,
"Finish the job, Sit Trump 🙏",finish the job sit trump,
TRUMP'S DEMANDING HASN'T GOT ANYTHING DONE YET 😅😅😅😅,trumps demanding hasnt got anything done yet,
What a bunch of stupid idiots just being covering up for the most stupid ever president,what a bunch of stupid idiots just being covering up for the most stupid ever president,
1:27 go to war,127 go to war,
U want go to war with Russia and China can't even open straight lol I told you God isn't on your side anymore,u want go to war with russia and china cant even open straight lol i told you god isnt on your side anymore,
"Trump's sequel to ""the art of the deal...or extortion"" is going to be ""Winding down by escalation"".",trumps sequel to the art of the dealor extortion is going to be winding down by escalation,
Maybe he’ll have a major stroke if we get lucky,maybe hell have a major stroke if we get lucky,
And you think that is making a difference?,and you think that is making a difference?,
How the hell does one schedule a war?,how the hell does one schedule a war?,
First of all when he is serious about it it would have never been 48 hours,first of all when he is serious about it it would have never been 48 hours,
ايران جعلت من قوه أمريكا وإسرائيل مسخره في الشرق الأوسط  ليس مثل مايرواج الااعلام الغربي أمريكا تستغيث من الدول الغربية  ان تدخل الحرب  معها وامريكا الان حاليا تريد الإنسحاب  واعلان النصر المطلق نعرف كيف ابتعدو من القواعد  الموجودة في الشرق الأوسط  صحيح لديهم الذكاء الاصطناعي في قتل القيادات العسكرية  لكن هذا لايغير من القوه على الارض,ايران جعلت من قوه أمريكا وإسرائيل مسخره في الشرق الأوسط  ليس مثل مايرواج الااعلام الغربي أمريكا تستغيث من الدول الغربية  ان تدخل الحرب  معها وامريكا الان حاليا تريد الإنسحاب  واعلان النصر المطلق نعرف كيف ابتعدو من القواعد  الموجودة في الشرق الأوسط  صحيح لديهم الذكاء الاصطناعي في قتل القيادات العسكرية  لكن هذا لايغير من القوه على الارض,
Peace?  Liar,peace?  liar,
He doesn't have balls to do that,he doesnt have balls to do that,
Or what ?,or what ?,
Doesn’t matter how many girls’ schools Donny blows up Iran hold all the cards.,doesnt matter how many girls schools donny blows up iran hold all the cards,
He did not get it yet  iranian will also hit back which will make things worse  the only solution is the deplomatic way,he did not get it yet  iranian will also hit back which will make things worse  the only solution is the deplomatic way,
Keep dreaming dummy,keep dreaming dummy,
F.A.F.O.,fafo,
Trump has literally no idea what is happening in his world,trump has literally no idea what is happening in his world,
EVERYONE IN THE WORLD KNOWS EXCEPT FOX AND MAGA HOW INCOMPETENT AND WEAK RUMP IS 🤣🤣,everyone in the world knows except fox and maga how incompetent and weak rump is,
"D duck, you come and open it. 😜 😜",d duck you come and open it,
Historically 48 hours is subject to an extension😊,historically 48 hours is subject to an extension,
"So Bonespurs is going to attack power plants. Very Russian, and good to make those ""nasty"" and ""menacing"" Iranian women and children freeze in the dark! At least he is not bombing schools again. I guess Putin is his chief ""advisor"". I guess the Straits ARE Trumpstein's problem after all!",so bonespurs is going to attack power plants very russian and good to make those nasty and menacing iranian women and children freeze in the dark! at least he is not bombing schools again i guess putin is his chief advisor i guess the straits are trumpsteins problem after all!,
"If you want to see the true stupidity of a trump supporter go over to Fox News.
Stupidest comments you will ever see.
Totally brain dead keyboard idiots.","if you want to see the true stupidity of a trump supporter go over to fox news
stupidest comments you will ever see
totally brain dead keyboard idiots",
US now begging like pirate 🦜,us now begging like pirate,
It looks like Trump Is loosing the war!,it looks like trump is loosing the war!,
You guys are great.,you guys are great,
The orange confetti head administration should be loaded into a C5 and dropped right into the heart of Iran.,the orange confetti head administration should be loaded into a c5 and dropped right into the heart of iran,
"You can drive through, you just have to avoid the rockets...",you can drive through you just have to avoid the rockets,
We know the T.rump supporters will swallow it hook and all.💩🧠 MAGAT morons 😂😂,we know the trump supporters will swallow it hook and all magat morons,
Don’t warn them jus DO IT already 🤷🏻‍♂️,dont warn them jus do it already,
"Lol Fox news out here talking like Iran gives a hood**t about what Trump is saying. They will not open it, and if Trump strike, it just makes it worse. These people just don't care anymore what Trump says to them",lol fox news out here talking like iran gives a hoodt about what trump is saying they will not open it and if trump strike it just makes it worse these people just dont care anymore what trump says to them,
"Results of the war so far: no regime change, younger Supreme Leader, higher prices for Iranian oil and sanctions removed. Are we sure Trump isn’t an Iranian agent?",results of the war so far no regime change younger supreme leader higher prices for iranian oil and sanctions removed are we sure trump isnt an iranian agent?,
It'll take the us to do it .,itll take the us to do it,
"A spartan Soldier dies but never surrenders. Iran is proving to be Spartans. 

Remember Iran is a big country all they need to do is cause a little chaos in the Middle East and  all our lives are miserable. 

Trump can still withdraw and bring Americans back home.","a spartan soldier dies but never surrenders iran is proving to be spartans 

remember iran is a big country all they need to do is cause a little chaos in the middle east and  all our lives are miserable 

trump can still withdraw and bring americans back home",
"It was open and flowing 
 before 🇺🇸 and 🇮🇱 💥 💥 💥 
🤷","it was open and flowing 
 before  and",
"Lower taxes for billionaires, No new wars.  Lower prices.  Reduce government spending.  Great new healthcare plan, Reduce drug prices by 1500%, Release Epstein files…. 1-6  He must have got tired of WINNING after the first one!",lower taxes for billionaires no new wars  lower prices  reduce government spending  great new healthcare plan reduce drug prices by 1500 release epstein files 16  he must have got tired of winning after the first one!,
"Prayers for Trump, Israel and Deployed US and NATO forces.  ❤",prayers for trump israel and deployed us and nato forces,
US can spend trillions on war and not help our own country!!!,us can spend trillions on war and not help our own country!!!,
The American got stupid and brainless leader. First rob Venezuela stealing resources now attack Iran try to do the same. Why Arabic nation never fight back.,the american got stupid and brainless leader first rob venezuela stealing resources now attack iran try to do the same why arabic nation never fight back,
"Why the HELL are 'we' coming back, i thought we've defeated Iran?? Have we not WON??",why the hell are we coming back i thought weve defeated iran?? have we not won??,
Too early to be happy ...,too early to be happy,
"He’ll have this done pretty quick 
Fact is the ppl get hurt 
I think after aholes are pretty much gone the ppl should be vetted and armed to fight 
Especially the families of the one who were murdered","hell have this done pretty quick 
fact is the ppl get hurt 
i think after aholes are pretty much gone the ppl should be vetted and armed to fight 
especially the families of the one who were murdered",
"pretty please.
🤡 🌎",pretty please,
Good job agent kraznov !!! 😮 the only winner is russia...,good job agent kraznov !!!  the only winner is russia,
Iran better listen or Trump will start a war with them.,iran better listen or trump will start a war with them,
Ant gone do shissh,ant gone do shissh,
We doubt the Ayatollahs are gonna take heed to that warning!!! 😮😮😮😮,we doubt the ayatollahs are gonna take heed to that warning!!!,
"Trump meets dead lines ....how laughable...he has been cuckold so many time with Russian....the world knows,  does Fox news know",trump meets dead lines how laughablehe has been cuckold so many time with russianthe world knows  does fox news know,
Joey looks uncomfortable,joey looks uncomfortable,
Think captain bone spurs didn't mean 2 weeks,think captain bone spurs didnt mean 2 weeks,
That is only hurt Iranian people! Does Trump think the regime care about Iran's destruction!? Middle east has already suffered enough!,that is only hurt iranian people! does trump think the regime care about irans destruction!? middle east has already suffered enough!,
"Oh, look here comes Europe 🇪🇺 with a 1974 Chris craft with a super soaker mounted right to the front bow 😮 nice ain't she a beauty a classic yep 👌 that straight will be open in no time . Boy I feel better .",oh look here comes europe  with a 1974 chris craft with a super soaker mounted right to the front bow  nice aint she a beauty a classic yep  that straight will be open in no time  boy i feel better,
"Crazy chief of anti-terrorism there no reason for us to go in to Iran and US government lying to us.
There are still keyboard warriors still supporting it war Hmmmm why aren't they joining the front?","crazy chief of antiterrorism there no reason for us to go in to iran and us government lying to us
there are still keyboard warriors still supporting it war hmmmm why arent they joining the front?",
He said just a week ago that we won the war in Iran. Which lie is true?,he said just a week ago that we won the war in iran which lie is true?,
Marco Rubio is hiding the fact that he was either associated with or was friends with Jeffrey Epstein!!  A Dark Hidden secret he had hoped would never surface!!!,marco rubio is hiding the fact that he was either associated with or was friends with jeffrey epstein!!  a dark hidden secret he had hoped would never surface!!!,
🤣🤣🤣TOCO LOOSING AGAIN 🤣🤣🤣❤,toco loosing again,
LOL THAT'S 😆,lol thats,
Iran is decimated,iran is decimated,
"Gonna love when he does nothing or everything and still kills the Global economy.Then he'll blame the GOP boogeymen you all seem to jump from,Biden,Obama,etc.Bring back the real GOP,not this admin of losers and GOP dickriders.",gonna love when he does nothing or everything and still kills the global economythen hell blame the gop boogeymen you all seem to jump frombidenobamaetcbring back the real gopnot this admin of losers and gop dickriders,
Soon Trump will be killing the same Iranian people who were once praising him.,soon trump will be killing the same iranian people who were once praising him,
Orange men is getting more orange,orange men is getting more orange,
This appears to be a prolonged excursion. Did the bus broke down?,this appears to be a prolonged excursion did the bus broke down?,
"Ahead of time when there is no deadline?
2 weeks goto maybe?","ahead of time when there is no deadline?
2 weeks goto maybe?",
"Fixing a problem he created. 
He obliterated their nuclear program last year and Gabbard said it hasn’t restarted, why was he attacking them to create this mess.","fixing a problem he created 
he obliterated their nuclear program last year and gabbard said it hasnt restarted why was he attacking them to create this mess",
By iran,by iran,
Twitter fingers...,twitter fingers,
When the Democrats sell our country out who will be left to pay their liberal who's going to be left to buy all their freebies and pay for all their entitlements delivering pizzas and working 5 to 9:00 like everybody else they're not going to like it,when the democrats sell our country out who will be left to pay their liberal whos going to be left to buy all their freebies and pay for all their entitlements delivering pizzas and working 5 to 900 like everybody else theyre not going to like it,
This’s what i voted for Hell Yeah Puro Trompitas = Trump 28 Bby 💪🇺🇸❤️💪🇺🇸❤️💪🇺🇸❤️💪,thiss what i voted for hell yeah puro trompitas  trump 28 bby,
Sailors sabotaging Gerald Ford twice says something,sailors sabotaging gerald ford twice says something,
"Or what ?? Will he OBLITERATE them a 3rd time .
What an old senile fool","or what ?? will he obliterate them a 3rd time 
what an old senile fool",
Oooohhh....Iran is shivering in fear,oooohhhiran is shivering in fear,
Yall had peace  till trump started beating them drums..,yall had peace  till trump started beating them drums,
"AH, WARP SPEED IN THE WRONG DIRECTION. NO ONE SAW THAT COMING 😂",ah warp speed in the wrong direction no one saw that coming,
I promise you won’t thing a run is not going to stop and they don’t care about 48 hours. I just wanna get their revenge and they’re not gonna stop.,i promise you wont thing a run is not going to stop and they dont care about 48 hours i just wanna get their revenge and theyre not gonna stop,
the terrorists are giving warnings to  a strait that doesnt belong to them,the terrorists are giving warnings to  a strait that doesnt belong to them,
Iran never follow the rules of usa. They makes rules and follow it to save their motherland. Trump destroyed  Happiness from the world. At last he do a stupids work to attack iran,iran never follow the rules of usa they makes rules and follow it to save their motherland trump destroyed  happiness from the world at last he do a stupids work to attack iran,
Who's more brain dead Trump or his supporters?,whos more brain dead trump or his supporters?,
Nuke Iran!!,nuke iran!!,
What a bunch of neocon morons!,what a bunch of neocon morons!,
Trump you begging . Gone and bend over and kiss the ring...,trump you begging  gone and bend over and kiss the ring,
🇺🇸🫡💪keep f around and you keep finding out! Thank you Soldiers! Godspeed!,keep f around and you keep finding out! thank you soldiers! godspeed!,
The problem is that Trump always post something different his posts no longer matter,the problem is that trump always post something different his posts no longer matter,
America has lost control,america has lost control,
"Iran doesn't have to win. They only need to survive and they are refusing to end war unless on their terms. If we escalate by taking out power plants or more oil fields, they will do the same and take entire global economy with it. Countries will no longer be using the US petrodollar. We already had carrier return to port and lifted sanctions on Iranian oil. We will likely have to lift all sanctions, provide compensation, etc to get out of this war. Meanwhile, we have over dozen known US deaths and hundreds of casualties including missing limbs, burns, etc.",iran doesnt have to win they only need to survive and they are refusing to end war unless on their terms if we escalate by taking out power plants or more oil fields they will do the same and take entire global economy with it countries will no longer be using the us petrodollar we already had carrier return to port and lifted sanctions on iranian oil we will likely have to lift all sanctions provide compensation etc to get out of this war meanwhile we have over dozen known us deaths and hundreds of casualties including missing limbs burns etc,
TRUMP STRONG! 💪💯🇺🇸 BEST PRESIDENT IN AMERICAN HISTORY!!!! 💯 🇺🇸 MAGA!!!💯🇺🇸,trump strong!  best president in american history!!!!   maga!!!,
Foolish and counter-productive. Why Iran will do something after what happen to them? I bet 80% of the world will support Iran not opening it just to make Trump look foolish.,foolish and counterproductive why iran will do something after what happen to them? i bet 80 of the world will support iran not opening it just to make trump look foolish,
Operation Epic Failure continues,operation epic failure continues,
"So in other words, the world ends in 48 hours. Good job Pentagon.",so in other words the world ends in 48 hours good job pentagon,
Mexico will pay for the wall.,mexico will pay for the wall,
"I don't understand, didn't Hegseth say that the strait is open?",i dont understand didnt hegseth say that the strait is open?,
Excellent!! Hammer that evil regime with everything all the time.,excellent!! hammer that evil regime with everything all the time,
The bridge toll was changed to the yuan- sorry,the bridge toll was changed to the yuan sorry,
get it done turds !,get it done turds !,
😂😂😂😂 they not listening to him 😂😂😂😂,they not listening to him,
"Iran will obliterate Israel...since they are the ones behind this, the world should give Iran their blessing",iran will obliterate israelsince they are the ones behind this the world should give iran their blessing,
You want to know when Trump will claim total victory and back off? when the whole world's economy collapses,you want to know when trump will claim total victory and back off? when the whole worlds economy collapses,
"Wreck the entire country of Iran.
I don't care.","wreck the entire country of iran
i dont care",
"He was looking to drop some bombs so he went after alleged drug runners, he got bored with that and decided to get involved in Venezuela, kid napping Maduro and killing civilians, then he starts a war in Iran, and is looking for a way out of the mess he has created. All those allied countries he has insulted,disrespected, even threatened  are not going to help him out. Hopefully he  does not have his finger hoovering over the N button.",he was looking to drop some bombs so he went after alleged drug runners he got bored with that and decided to get involved in venezuela kid napping maduro and killing civilians then he starts a war in iran and is looking for a way out of the mess he has created all those allied countries he has insulteddisrespected even threatened  are not going to help him out hopefully he  does not have his finger hoovering over the n button,
Hammer them! 🔨🔨🔨🔨🔨🔨🔨💥💥💥💥💥💥💥,hammer them!,
😂😂😂😂😂 What an impotent moron.,what an impotent moron,
"Who saw Putin saying stop the Iran war 😂😂 yeah you get out of Ukraine mate, absolutely abysmal",who saw putin saying stop the iran war  yeah you get out of ukraine mate absolutely abysmal,
I thought they won already?,i thought they won already?,
Big mouth trump. You cannot bully iran.,big mouth trump you cannot bully iran,
"After about the 3rd lie majority of us just stop listening we  started paying attention to them actions thoo it's safe to say 
Trump the first Jewish president ✔️","after about the 3rd lie majority of us just stop listening we  started paying attention to them actions thoo its safe to say 
trump the first jewish president",
This is what happens when you invite the Islamic brotherhood. They are complete criminals.,this is what happens when you invite the islamic brotherhood they are complete criminals,
"Do you know the difference between Vietnam and Iran?  Trump had a plan to get out of Vietnam!
  
Barron!  You’ve gotta go to the Doctor and get a note!  Make sure it reads BONESPURS in all caps!","do you know the difference between vietnam and iran?  trump had a plan to get out of vietnam!
  
barron!  youve gotta go to the doctor and get a note!  make sure it reads bonespurs in all caps!",
Didn't this guy just say about an hour ago that he is going to wind down the war in Iran????   I really think Trump is Schizophrenic besides also being a Sociopath???,didnt this guy just say about an hour ago that he is going to wind down the war in iran????   i really think trump is schizophrenic besides also being a sociopath???,
"This is dystopian, these news people act like this is a game….and are in full propaganda mode in the USA",this is dystopian these news people act like this is a gameand are in full propaganda mode in the usa,
😂 what a looser this trump 😮 and all that to hide the files 😮,what a looser this trump  and all that to hide the files,
Lets nuke them!,lets nuke them!,
I'm sure Iran will do exactly what they're told.,im sure iran will do exactly what theyre told,
"Backing dogs 🐕!!!!!, seldom bite, this isn’t call of duty 😂😂, you gonna feel the heat MFs",backing dogs !!!!! seldom bite this isnt call of duty  you gonna feel the heat mfs,
I’ll be back here in 48 hours.,ill be back here in 48 hours,
"Israel and the United States are very cowardly and weak. Neither of them can fight Iran on their own; neither country is capable of confronting Iran individually. Moreover, they even want Europe, China, Japan, South Korea, and the Gulf countries to help the United States and take part in the war against Iran.",israel and the united states are very cowardly and weak neither of them can fight iran on their own neither country is capable of confronting iran individually moreover they even want europe china japan south korea and the gulf countries to help the united states and take part in the war against iran,
"Does this mean Lump is reinstituting sanctions on Iran's oil? Trump is worse than a small child in his decision making but Faux is right there throwing their knee pads down right away.  That is some good propaganda Faux, you are the best.",does this mean lump is reinstituting sanctions on irans oil? trump is worse than a small child in his decision making but faux is right there throwing their knee pads down right away  that is some good propaganda faux you are the best,
Finely a real leader 👍,finely a real leader,
It’s not even our war! I just hope our troops come back safe,its not even our war! i just hope our troops come back safe,
Let’s go baby.!!!,lets go baby!!!,
"US is the biggest threat to workd peace, I would laugh after 48 hrs, What sonald trunk is thinking Persians are ducks like him?😂😂😂",us is the biggest threat to workd peace i would laugh after 48 hrs what sonald trunk is thinking persians are ducks like him?,
Do it anyway fck Iran's government .AMERICA loves the people of Iran,do it anyway fck irans government america loves the people of iran,
Kaylee got jokes. There is no comedy in this situation.  Demote her back to the Sesame Street news set. Pronto!,kaylee got jokes there is no comedy in this situation  demote her back to the sesame street news set pronto!,
"😂😂😂😂😂😂 yeah the Iranians are quaking in their boots. Try that and watch the whole Middle East go into darkness, Iran isn’t playing around.",yeah the iranians are quaking in their boots try that and watch the whole middle east go into darkness iran isnt playing around,
Listen to these idiots.,listen to these idiots,
So.... we blew up everything bit the lock on the strait ?   Who is in charge of targeting ?,so we blew up everything bit the lock on the strait ?   who is in charge of targeting ?,
Finally a president that keeps his word. Cant wait for the 48th hour.,finally a president that keeps his word cant wait for the 48th hour,
back to the dark ages for them.,back to the dark ages for them,
"Not surprised at all to see the dumbest people in the world on the Fox News comment section. Deliberately targeting civilian infrastructure is a war crime. As is no quarter. 

What is your favorite part of destroying human life?","not surprised at all to see the dumbest people in the world on the fox news comment section deliberately targeting civilian infrastructure is a war crime as is no quarter 

what is your favorite part of destroying human life?",
Look faux propaganda! Lies lies lies,look faux propaganda! lies lies lies,
Iran regime is a great example of why dictators and wannabe fascists don't want general public to own firearms !!,iran regime is a great example of why dictators and wannabe fascists dont want general public to own firearms !!,
Should have done that already hit all their infrastructure,should have done that already hit all their infrastructure,
"Just withdraw from Iran you clown.  You've already made it clear the United States supposedly doesn't need the Strait of Hormuz for your own energy needs - but the rest of us around the world, who have nothing to do with this war of yours nor did we want this war of yours, we DO need the Strait of Hormuz for our energy needs!  For f's sake take your lumps, walk away and let Iran open the Strait.",just withdraw from iran you clown  youve already made it clear the united states supposedly doesnt need the strait of hormuz for your own energy needs  but the rest of us around the world who have nothing to do with this war of yours nor did we want this war of yours we do need the strait of hormuz for our energy needs!  for fs sake take your lumps walk away and let iran open the strait,
President Trump should told Tucker Carson and Joe Kent that we will attack in 96 hours instead of 48 hours .. 😂🤣,president trump should told tucker carson and joe kent that we will attack in 96 hours instead of 48 hours,
😮 I'm glad our forefathers didn't wait around so why should we,im glad our forefathers didnt wait around so why should we,
Take them down. All of it. They obviously have 0 respect for the rest of the world. Eliminate them all.,take them down all of it they obviously have 0 respect for the rest of the world eliminate them all,
"Emperor Cesar has spoken!
In the name of the king open it now!","emperor cesar has spoken!
in the name of the king open it now!",
"We can't negotiate with cardboard type attitudes in the Iranian Regime. 
Forty-eight hours is more than generous.
48 hours = 2,880 minutes until lights out.
After total black-out the sh..t is going to hit the fan! 💥 👎 
47 years of terrorism has come to a screeching halt.","we cant negotiate with cardboard type attitudes in the iranian regime 
fortyeight hours is more than generous
48 hours  2880 minutes until lights out
after total blackout the sht is going to hit the fan!   
47 years of terrorism has come to a screeching halt",
This absolutely shows trump is at stage 5 GDS ... Absolutely a nut case ... Time for the GOP to make their FTM transition and put a stop to all this nonsense ...,this absolutely shows trump is at stage 5 gds  absolutely a nut case  time for the gop to make their ftm transition and put a stop to all this nonsense,
If not then what huh? Tweet more?😂,if not then what huh? tweet more?,
They predict it could be like the beginning of saving private ryan.   Imagine thousands of body bags coming back to the u.s. And you voted for it...,they predict it could be like the beginning of saving private ryan   imagine thousands of body bags coming back to the us and you voted for it,
"You are bombing them for weeks, now you want to open it, clearly they are willing take the pounding",you are bombing them for weeks now you want to open it clearly they are willing take the pounding,
"Talibanis say ok, less we have to do when we take over.",talibanis say ok less we have to do when we take over,
All Fox News panelist are propaganda puppets who are paid handsomely to spread unconvincing rhetoric,all fox news panelist are propaganda puppets who are paid handsomely to spread unconvincing rhetoric,
"Get us out of this Jewish quagmire. Reject Israel, repent, accept Christ. That is the only way to be saved.",get us out of this jewish quagmire reject israel repent accept christ that is the only way to be saved,
How is this a news channel when all they do is sharing opinions???,how is this a news channel when all they do is sharing opinions???,
This is insanity,this is insanity,
"Stupid. Using words like ""decimated"" and ""obliterated"" make trump look stupid with his nose getting bloodied.",stupid using words like decimated and obliterated make trump look stupid with his nose getting bloodied,
WHY 48 HRS….WHY NOT NOW!!!!??????,why 48 hrswhy not now!!!!??????,
WHAT YOU WANT NUKE IRAN THEN NORTH KOREA RUSSIA CHINA NUKES USA STUPID SATAN FOOLS,what you want nuke iran then north korea russia china nukes usa stupid satan fools,
Price of poker just went up,price of poker just went up,
"Great idea this can't possibly backfire.  It's not ,Ike Iran does reciprocal attacks",great idea this cant possibly backfire  its not ike iran does reciprocal attacks,
"The Beginning of the War that happen now, is start from warn notice like this too.. World now, this Mr Trump warn notice is not Joking ...",the beginning of the war that happen now is start from warn notice like this too world now this mr trump warn notice is not joking,
He feels it in his bone spurs 😂😂😂,he feels it in his bone spurs,
Nice work. Fox News Mockingbirds.,nice work fox news mockingbirds,
Trump is losing!,trump is losing!,
"If this wasn't so tragic it'd make an hilarious movie...........The bulbous, wanna be Dictator, running around his new ballroom ( Lit only by candles) in his nappy, threatening anything that moves and having tantum after tantrum . His cult followers outside, in a frenzy of excitement, trying to guess what their leader will do next. Putin and Xi having a quiet chuckle over a pint and the rest of the world just scratching it's head in total disbelief and bewilderment.",if this wasnt so tragic itd make an hilarious moviethe bulbous wanna be dictator running around his new ballroom  lit only by candles in his nappy threatening anything that moves and having tantum after tantrum  his cult followers outside in a frenzy of excitement trying to guess what their leader will do next putin and xi having a quiet chuckle over a pint and the rest of the world just scratching its head in total disbelief and bewilderment,
Iran may have lost the war but they are winning the social media propaganda campaign. Just look at the comments.,iran may have lost the war but they are winning the social media propaganda campaign just look at the comments,
You might as well just take out every piece of energy infrastructure they have if they are gonna use energy as a weapon.,you might as well just take out every piece of energy infrastructure they have if they are gonna use energy as a weapon,
What a goof your president is. He has no idea what he's doing and Iran knows it.,what a goof your president is he has no idea what hes doing and iran knows it,
What happens 👀,what happens,
Sounds bout winning,sounds bout winning,
"Is this a joke? This threat's never going to work. If Trump tries to blow their power plants, they're going to take out all the refineries and oil fields in the middle East and there won't be any oil to go through the straits. They've got Trump by the balls and there is nothing he can do about it",is this a joke? this threats never going to work if trump tries to blow their power plants theyre going to take out all the refineries and oil fields in the middle east and there wont be any oil to go through the straits theyve got trump by the balls and there is nothing he can do about it,
Donald Trump is such a weak coward,donald trump is such a weak coward,
When he hits Iran will back around the golf again.,when he hits iran will back around the golf again,
"Trump needs to stop talking , he looks stupidier and stupidier every time he opens his mouth....... Does he still thinks the US is a world power 😂😂😂😂😂😂",trump needs to stop talking  he looks stupidier and stupidier every time he opens his mouth does he still thinks the us is a world power,
"This administration is actively processing intelligence and developing war strategy that will keep our troops safe.  Trump is working tirelessly in this effort.  I was so relieved to hear that he is taking a few minutes of personal time to let us know that his rare golden sneakers are at auction for $180,000 in where else?? Riyadh, Saudi Arabia",this administration is actively processing intelligence and developing war strategy that will keep our troops safe  trump is working tirelessly in this effort  i was so relieved to hear that he is taking a few minutes of personal time to let us know that his rare golden sneakers are at auction for 180000 in where else?? riyadh saudi arabia,
"Resign,  for all humanity,  resign.",resign  for all humanity  resign,
Then iran will atk energy infrastructure?? What is he thinking about,then iran will atk energy infrastructure?? what is he thinking about,
"This is a W.A.R Crime !!!!!!....WHERE is NATO, EU, UN with their SANCTIONS against AMERICA and ISRAEL !!!!!!!!!!!! D.igusting !!!!! 😠😠😠😠😠😠 NO wonder the world supports CHINA and RUSSIA...!!!",this is a war crime !!!!!!where is nato eu un with their sanctions against america and israel !!!!!!!!!!!! digusting !!!!!  no wonder the world supports china and russia!!!,
Bla bla bla bla,bla bla bla bla,
Donald shouldn’t start the war he can’t finish. And like Lindsey Graham stated Donald Trump did this to make them rich.,donald shouldnt start the war he cant finish and like lindsey graham stated donald trump did this to make them rich,
Iran will never listen to trunk 😂,iran will never listen to trunk,
"God willing, we'll wait 24 hours and see what happens. Will he wake up, or is he still dead?",god willing well wait 24 hours and see what happens will he wake up or is he still dead?,
Trump doesn't play.. 46 hours left.. tik Tok!!😅😅😅😅,trump doesnt play 46 hours left tik tok!!,
Hells yeah,hells yeah,
"Trump is completely crazy!!! Wait for Iran´s response then. Americans don´t have any idea of what is coming!!! How can Americans be sooooo ignorant and arrogant???? Congrats, you are now more hated than Israel around the world!",trump is completely crazy!!! wait for irans response then americans dont have any idea of what is coming!!! how can americans be sooooo ignorant and arrogant???? congrats you are now more hated than israel around the world!,
"Hey Fox viewers, your beloved clown president is doing his best to start WW3. Have fun on the front lines.",hey fox viewers your beloved clown president is doing his best to start ww3 have fun on the front lines,
Should have given them 24 hours,should have given them 24 hours,
Trump can't think his way out of a wet paper sack.  Epic Ebstein Fury is an American embarrassment.  Trump is as wishy washy as a highly used sponge.  Time to order some new knee pads from Newsome Faux.,trump cant think his way out of a wet paper sack  epic ebstein fury is an american embarrassment  trump is as wishy washy as a highly used sponge  time to order some new knee pads from newsome faux,
Welcome WW111 in 48 hours!!  American’s wake up! Trumps Illusional Power will cause USA 🇺🇸 a depression!!  Enjoy not having manicures!!,welcome ww111 in 48 hours!!  americans wake up! trumps illusional power will cause usa  a depression!!  enjoy not having manicures!!,
Taco trump. Deadline?  Really?  Taco trump.,taco trump deadline?  really?  taco trump,
"look what happens when cuba looses power !!  night night  iran, lights out.",look what happens when cuba looses power !!  night night  iran lights out,
Week 1: Iran is destroyed. Week 2: Iran is finished. Week 3 Iran is obliterated. Week 4: pretty please with sugar on top oh won't you open up the street of Hormuz for me.,week 1 iran is destroyed week 2 iran is finished week 3 iran is obliterated week 4 pretty please with sugar on top oh wont you open up the street of hormuz for me,
Anyone besides the US and allies supporting the war can pass. You pay in wuan now as China and Russia are picking up the market. Great job president trump. Real smart. America first right ?,anyone besides the us and allies supporting the war can pass you pay in wuan now as china and russia are picking up the market great job president trump real smart america first right ?,
Just hit them with a few nuclear weapons and they will become reasonable quickly.,just hit them with a few nuclear weapons and they will become reasonable quickly,
Pathetic Narcissistic Billionaires' friend all to protect the hedgemony of the elites,pathetic narcissistic billionaires friend all to protect the hedgemony of the elites,
3rd see zenith,3rd see zenith,
Meanwhile stock market has been obliterated.,meanwhile stock market has been obliterated,
Don't we condemn Russia for targeting civilian infrastructure like powerplants? How is this any different?,dont we condemn russia for targeting civilian infrastructure like powerplants? how is this any different?,
How many times Iran's gonna get obliterated??,how many times irans gonna get obliterated??,
Bahahaha,bahahaha,
"Theyve already put the price of fuel up and it's not even necessary yet. 
GREED!!!","theyve already put the price of fuel up and its not even necessary yet 
greed!!!",
"Well, america has no allies left. Well tacopedo chump has stuffed up big time with Iran, epstein and many other things, and everyone knows it.  Who voted this idiot into office?",well america has no allies left well tacopedo chump has stuffed up big time with iran epstein and many other things and everyone knows it  who voted this idiot into office?,
Epstein is furious!,epstein is furious!,
Where's the guys with the white coats? Get crazy out of there before he destroys the world.,wheres the guys with the white coats? get crazy out of there before he destroys the world,
Social media threats are considered diplomacy now. True idiocracy,social media threats are considered diplomacy now true idiocracy,
I am just so confused  Under Biden CNN was the joke News now under Trump:'s second term Fox became the Joke News.,i am just so confused  under biden cnn was the joke news now under trumps second term fox became the joke news,
Boo boo.,boo boo,
Just like the DUMOCRATS can't keep holding our Government HOSTAGE for their STUPID POLITICAL STUNTS,just like the dumocrats cant keep holding our government hostage for their stupid political stunts,
ISLAMIC EVIL 😈 REGIME PUT DOWN YOUR ARMS & SURRENDER...YOU LOST,islamic evil  regime put down your arms  surrenderyou lost,
Imagine a turd demanding to be flushed,imagine a turd demanding to be flushed,
"Now he doesn't need regime change ?
Iranian people interest?
Peace?

First US president forced to ease the sanction by a opponent country.","now he doesnt need regime change ?
iranian people interest?
peace?

first us president forced to ease the sanction by a opponent country",
F everyone at fox news,f everyone at fox news,
Ok next 72 hrs... America's leader such a joke send boots on the ground already to get it over with,ok next 72 hrs americas leader such a joke send boots on the ground already to get it over with,
"😂😂😂😂😂😂 22 days of bombing and they are still standing. What makes him think they’ll take him seriously? 

You don’t take an existential fight to people who glorify martyrdom, it was a stupid move for the USA to start this war.","22 days of bombing and they are still standing what makes him think theyll take him seriously? 

you dont take an existential fight to people who glorify martyrdom it was a stupid move for the usa to start this war",
One solution could be Trump could split Iran in two and cut them from access to the ocean. A new country called: Ameria. Push this regime back away from shipping roots. The world has moved away from religions controlling populations.,one solution could be trump could split iran in two and cut them from access to the ocean a new country called ameria push this regime back away from shipping roots the world has moved away from religions controlling populations,
TACO,taco,
Only warning,only warning,
Popcorn? Check!,popcorn? check!,
I think he is also trying to escalate this war in order to distract all attention away from the Epstein Files!!!,i think he is also trying to escalate this war in order to distract all attention away from the epstein files!!!,
Fox is GASLIGHTING their viewers. It's HILARIOUS how gullible people are.,fox is gaslighting their viewers its hilarious how gullible people are,
"😂😂😂😂, nobody cares what Christian terrorists and their president Orangutan says. The US are clowns now and can't fight anymore it's finished Bozo/Orangutan is begging Europeans to help",nobody cares what christian terrorists and their president orangutan says the us are clowns now and cant fight anymore its finished bozoorangutan is begging europeans to help,
"Hormuz It""s Not Trump Tower  New York",hormuz its not trump tower  new york,
Israel is fighting. America is begging 🤔,israel is fighting america is begging,
"Fck you America. America is a failed country , led by morons, elected by morons, cheerled by Fox morons. Praying for much suffering in America. You deserve it.",fck you america america is a failed country  led by morons elected by morons cheerled by fox morons praying for much suffering in america you deserve it,
Don't you know you must lick the boot of the baby Trump?,dont you know you must lick the boot of the baby trump?,
Get em trump!,get em trump!,
F trump liar,f trump liar,
"Today the nation lost a great man, and a highly decorated war hero, an old guard Republican that no longer exists.The  Obama family sent a wonderful tribute to his family. Nice.
Robert Mueller, who passed away on March 20, 2026, was a highly decorated Marine Corps officer during the Vietnam War. He earned the Bronze Star with ""V"" device for combat valor after rescuing a wounded Marine under heavy enemy fire during an ambush in December 1968.  
​His other major decorations include:
​Purple Heart: Awarded after he was shot in the thigh during an engagement in April 1969.  
​Two Navy Commendation Medals: Both with the Combat ""V"" for heroism.  
​South Vietnamese Gallantry Cross: Awarded by the Republic of Vietnam for his service.  

Fox will never say anything and what did  Trump say? Quote...
"" it is a good thing he died"".

The stupidest people on Earth voted for that perverted  imbecile in the White House. 
And he just keeps proving what a low-life moron  is.","today the nation lost a great man and a highly decorated war hero an old guard republican that no longer existsthe  obama family sent a wonderful tribute to his family nice
robert mueller who passed away on march 20 2026 was a highly decorated marine corps officer during the vietnam war he earned the bronze star with v device for combat valor after rescuing a wounded marine under heavy enemy fire during an ambush in december 1968  
his other major decorations include
purple heart awarded after he was shot in the thigh during an engagement in april 1969  
two navy commendation medals both with the combat v for heroism  
south vietnamese gallantry cross awarded by the republic of vietnam for his service  

fox will never say anything and what did  trump say? quote
 it is a good thing he died

the stupidest people on earth voted for that perverted  imbecile in the white house 
and he just keeps proving what a lowlife moron  is",
U cannot scare ppl who want to die.,u cannot scare ppl who want to die,
"Let me guess, ""Islamic terrorists""",let me guess islamic terrorists,
BAHAHAHAHAHAHAHAHAHAHA.......,bahahahahahahahahahaha,
"Bwahahaha, is every American so delusional?",bwahahaha is every american so delusional?,
USA USA,usa usa,
I'm sure demanding it will take care of it.,im sure demanding it will take care of it,
"""if we have learned anything, when President Trump sets a deadline, you better meet it"" - ""this ultimately about peace"" these hosts should be ashamed of themselves, what a bunch of spineless fools!",if we have learned anything when president trump sets a deadline you better meet it  this ultimately about peace these hosts should be ashamed of themselves what a bunch of spineless fools!,
"LOL, i doubt Iran can care less about your ""demand""",lol i doubt iran can care less about your demand,
He's going to totally obliterate them for a fifteenth time.,hes going to totally obliterate them for a fifteenth time,
24h😂😂😂,24h,
The Strait was just fine a few weeks ago.,the strait was just fine a few weeks ago,
Good,good,
"If you keep making similar threats again and again, just worded differently it starts to become a little meaningless.",if you keep making similar threats again and again just worded differently it starts to become a little meaningless,
"Well, that's not happening.",well thats not happening,
"Democrats will do and say anything to shield and protect the IRGC. Fear, loathing, and support for Islamic terrorists runs deep in the Dem party.",democrats will do and say anything to shield and protect the irgc fear loathing and support for islamic terrorists runs deep in the dem party,
Hope the epstien files come back soon!,hope the epstien files come back soon!,
The problem is the Epstein 📂,the problem is the epstein,
Bull,bull,
iran already know this. try... and they will make the region same,iran already know this try and they will make the region same,
THE LAE DEMANDS ALL TRUMP/EPSTIEN FILES TO BE RELEASED!!,the lae demands all trumpepstien files to be released!!,
Good luck with that Taco.😂 Barking dog with no bits.😂,good luck with that taco barking dog with no bits,
"Hahahahahaha, Iranians are not gonna agree with that! that is delusional, hahahahahahaha!",hahahahahaha iranians are not gonna agree with that! that is delusional hahahahahahaha!,
Fox ...what a great news channel NOT.  bwaaa ha ha they're all idiots,fox what a great news channel not  bwaaa ha ha theyre all idiots,
Putin stop!,putin stop!,
All bluff. America is a joke.,all bluff america is a joke,
Just like Generalisimo Bone Spurs said Mexico was going to pay for the wall😂😂😂,just like generalisimo bone spurs said mexico was going to pay for the wall,
Afraid to go for a ground invasion?,afraid to go for a ground invasion?,
thing is there was no nuclear weapons!! Iraq all over again!! This is all for no real reason .,thing is there was no nuclear weapons!! iraq all over again!! this is all for no real reason,
Trump has no sense of time. It has been 1 day since he stopped the war in Ukraine. Or has it been 1 year? Or never?,trump has no sense of time it has been 1 day since he stopped the war in ukraine or has it been 1 year? or never?,
Or what ? 😅,or what ?,
FOX News is as incompetent as as trump,fox news is as incompetent as as trump,
Who is trump to tell Iran what to do? I think trump thinks he’s prez of the world lol,who is trump to tell iran what to do? i think trump thinks hes prez of the world lol,
"Trump can go pound salt.... I'm so DONE Voting GoP that I'll hold my nose and Vote Democrat !  I never Voted for any of this !   MAGA ""Americans First"" so-called 'President of Peace' my rear..... bought and paid for flunkie for Jewish interests !",trump can go pound salt im so done voting gop that ill hold my nose and vote democrat !  i never voted for any of this !   maga americans first socalled president of peace my rear bought and paid for flunkie for jewish interests !,
what else can back fire?  This is going to end any chance of a short war...,what else can back fire?  this is going to end any chance of a short war,
"Do you think he's got alzheimers, he keeps repeating himself every five minutes?",do you think hes got alzheimers he keeps repeating himself every five minutes?,
Taco is talking to who? He killed everyone in Iran remember 😂😂😂😂,taco is talking to who? he killed everyone in iran remember,
Haha I can’t wait to see what doesn’t come out of this threat 😂😂😂 🌮,haha i cant wait to see what doesnt come out of this threat,
TACO😂😂,taco,
What a fool.,what a fool,
Iran knows Trump is a draft dodging Coward Puss,iran knows trump is a draft dodging coward puss,
"Dayum, this is more interesting than going to the movies 😂",dayum this is more interesting than going to the movies,
"Trump learns from Putin. But he really does not understand the situation he is in very much like Putin - this is Iran, land of fundamentalists.",trump learns from putin but he really does not understand the situation he is in very much like putin  this is iran land of fundamentalists,
"So… is the war over or not?
Didn’t Donald already declare victory?
You can’t claim “mission accomplished” while things are clearly escalating.
Iran is doing exactly what it always said it would do if attacked ….nothing about this is new. Everyone saw this coming.
This isn’t strategy. It’s predictable chaos.
So who actually benefits from this war?
Because it’s definitely not the americans","so is the war over or not?
didnt donald already declare victory?
you cant claim mission accomplished while things are clearly escalating
iran is doing exactly what it always said it would do if attacked nothing about this is new everyone saw this coming
this isnt strategy its predictable chaos
so who actually benefits from this war?
because its definitely not the americans",
Hahahaha!  What a flipping idiot! 😂😂😅 This guy is sooo stupid and then some!!,hahahaha!  what a flipping idiot!  this guy is sooo stupid and then some!!,
"👉 Hey Mojtaba, answer your frickin' pager.",hey mojtaba answer your frickin pager,
"Well, I dont know.
If I'm going 
to lose everything. Why will I really respond to threats ???","well i dont know
if im going 
to lose everything why will i really respond to threats ???",
Trumps war is going so bad he may have to release the Epstein files to distract people from talking about Iran.,trumps war is going so bad he may have to release the epstein files to distract people from talking about iran,
How could this possibly go wrong???,how could this possibly go wrong???,
I think Iran can propose to join his board of Peace or board of peas or whatever and maybe give him an award too. Little child,i think iran can propose to join his board of peace or board of peas or whatever and maybe give him an award too little child,
Useless Mad Guy,useless mad guy,
Fox news😂😂😂,fox news,
Operation AIPAC/Epstein-Fury is failing....,operation aipacepsteinfury is failing,
Cash appeasement was bigger than we thought,cash appeasement was bigger than we thought,
Trump demands 😂,trump demands,
STOP BOMBING IRAN!!,stop bombing iran!!,
"Meanwhile, Israel will hit em ahead. Then, retaliation on Gulf allies PP... Another blow to ramp up oil prices.",meanwhile israel will hit em ahead then retaliation on gulf allies pp another blow to ramp up oil prices,
when Trump says a deadline he means it… that is why he is known as TACO man,when trump says a deadline he means it that is why he is known as taco man,
Have we all forgotten we are dealing with Islamists? They won’t care.,have we all forgotten we are dealing with islamists? they wont care,
End Ukrain war in 24 hours,end ukrain war in 24 hours,
We attacked Iran and this mess -- which isn't gonna stop in 48 hours --  is all on DJT.,we attacked iran and this mess  which isnt gonna stop in 48 hours   is all on djt,
"Sure, if you return back their leader alive 😂😂😂😂",sure if you return back their leader alive,
trump is an idiot,trump is an idiot,
4484 48HRS EXACT?  SHOW US YOU MEAN WHAT YOU SAY. 4484,4484 48hrs exact?  show us you mean what you say 4484,
"With a few exceptions, Congress must be replaced in in 26 and 28. The Senate needs to go. Nothing but rot.",with a few exceptions congress must be replaced in in 26 and 28 the senate needs to go nothing but rot,
"😂😂😂,
This war is going to get worse, and oil prices are going to $150 soon, because of Trump😂.
  Taco time trump","this war is going to get worse and oil prices are going to 150 soon because of trump
  taco time trump",
"so sad ,,, trump is doing what he can  to gain more money from  this un edicated people who voted for him... so sad, and they dont even know it.",so sad  trump is doing what he can  to gain more money from  this un edicated people who voted for him so sad and they dont even know it,
Moron president demands from a country he's attacking while simultaneously giving them billions for oil. I can't even make this disgraceful situation up.,moron president demands from a country hes attacking while simultaneously giving them billions for oil i cant even make this disgraceful situation up,
Good God the arse kissing of this panel is nauseating,good god the arse kissing of this panel is nauseating,
what a disgusting 'people'. Journalism is dead..,what a disgusting people journalism is dead,
Reminds me of the saying Flog a dead donkey,reminds me of the saying flog a dead donkey,
I can't believe so many of you morons are still supporting Trump.,i cant believe so many of you morons are still supporting trump,
"why talk about it, just bomb it !  they dont care",why talk about it just bomb it !  they dont care,
How fked are you people,how fked are you people,
Y'all trippn gang,yall trippn gang,
TACO,taco,
"World economy or Snackbars, no comparison should be 48 minutes",world economy or snackbars no comparison should be 48 minutes,
Lights Out in Iran...🌼,lights out in iran,
"lmao, or what he is going to bomb them even more than he did yesterday and the day before,  lmao  they are playing the long game",lmao or what he is going to bomb them even more than he did yesterday and the day before  lmao  they are playing the long game,
I’m waiting to see those weapons he talked about put to good use. How they are able to fire a missile at this point without detection and an immediate devastating counterattack I’d mind boggling.,im waiting to see those weapons he talked about put to good use how they are able to fire a missile at this point without detection and an immediate devastating counterattack id mind boggling,
lol.....😅🤣😂,lol,
Hahaha Hahaha Hahaha Hahaha Hahaha.,hahaha hahaha hahaha hahaha hahaha,
You talk like every bully i knew,you talk like every bully i knew,
Big Misses indeed,big misses indeed,
*LET'S GOOOOOOOOOOOO*,lets goooooooooooo,
👉You know already IRGC 👈when Pres.Trump give warning his not joking his the Man with one word☝️☝️,you know already irgc when prestrump give warning his not joking his the man with one word,
Trump will just send ICE and Rubio his answer to everything,trump will just send ice and rubio his answer to everything,
"To all the dancing Iranian ladies when Israel started bombing, they don't give a crap about you",to all the dancing iranian ladies when israel started bombing they dont give a crap about you,
Hey maga this is the time to prove how big and bad y'all are. Go on the front line and fight with y'all maga bros and diss.,hey maga this is the time to prove how big and bad yall are go on the front line and fight with yall maga bros and diss,
Iran is not going to open the Straight.,iran is not going to open the straight,
"lol okay, or what!? More bombing?! Where did they pick these brainless morons!?",lol okay or what!? more bombing?! where did they pick these brainless morons!?,
"Yes!!!  it's about time! I am so over Iran, they are a nation of cowards... Push the red button...",yes!!!  its about time! i am so over iran they are a nation of cowards push the red button,
GOD BLESS USA & PRESIDENT TRUMP.,god bless usa  president trump,
Holy North Korean State-Media these people are huge Trump Glazers.,holy north korean statemedia these people are huge trump glazers,
Yo Fox News!! Did you agree with presidents comment about Mullers passing already? Shame on you for still supporting this monster!,yo fox news!! did you agree with presidents comment about mullers passing already? shame on you for still supporting this monster!,
"Russian and China are not going to allow it ....
Putin and xibping","russian and china are not going to allow it 
putin and xibping",
"""its ultimately about peace""  -  does he really believe what he is saying?",its ultimately about peace    does he really believe what he is saying?,
"Duuuh the damage is already done, do you really think the Iranians care what Trump says? Their top leaders are dead so there is no communication with them, how do you know they can even get access to Trump's tweets?  Once most power plants are eventually blown up, then there will be no oil coming out from the middle east. This is already a disaster that keeps getting worse. This is going to be a bad year for everyone.",duuuh the damage is already done do you really think the iranians care what trump says? their top leaders are dead so there is no communication with them how do you know they can even get access to trumps tweets?  once most power plants are eventually blown up then there will be no oil coming out from the middle east this is already a disaster that keeps getting worse this is going to be a bad year for everyone,
Another one of Trump's infamous deadlines. In 48 hours he'll have changed his mind more than once.,another one of trumps infamous deadlines in 48 hours hell have changed his mind more than once,
The strait is open shouldn't they hit the ships! 😂,the strait is open shouldnt they hit the ships!,
And Iran retaliate by destroying Gulf power plants . We will go in dark soon because this unfitt president . If we immigrant to your country you cant blame us . Its you own problem by starting a stupid war .,and iran retaliate by destroying gulf power plants  we will go in dark soon because this unfitt president  if we immigrant to your country you cant blame us  its you own problem by starting a stupid war,
Ohhh epsteen regime is so tough pushing buttons from far away. What happened to boots on the ground? They were tough guys on epsteen island.,ohhh epsteen regime is so tough pushing buttons from far away what happened to boots on the ground? they were tough guys on epsteen island,
If he doesn’t stop this madness he will regret it later,if he doesnt stop this madness he will regret it later,
just say no,just say no,
I look forward to seeing Trump impeached 🤗‼️,i look forward to seeing trump impeached,
Trump will say in 48 hours....it was a joke! He never meant it.,trump will say in 48 hoursit was a joke! he never meant it,
Trump can’t just declare bankruptcy and get himself out of this mess.   We may be ….,trump cant just declare bankruptcy and get himself out of this mess   we may be,
They will go in 24,they will go in 24,
48 hours movie Eddie Murphy jack,48 hours movie eddie murphy jack,
"Now how in the f*ck they going to do that. He can't even open it in 48 hours. What a idiot. Shouldn't have threatened all our friends and allies, and you would have some help stupid. Gave the world the middle finger and then cries for help. Do I smell Pu*sy. Total failure. That genius IQ must be on a shelf somewhere.",now how in the fck they going to do that he cant even open it in 48 hours what a idiot shouldnt have threatened all our friends and allies and you would have some help stupid gave the world the middle finger and then cries for help do i smell pusy total failure that genius iq must be on a shelf somewhere,
"Trump will show Epstein files completely if Iran opens the strait,that seems a fair deal.",trump will show epstein files completely if iran opens the straitthat seems a fair deal,
It's ALL About the Stock Market ☕️,its all about the stock market,
Nuke them,nuke them,
No power for the whole country. Surrender or else.,no power for the whole country surrender or else,
You can demand whatever you want.,you can demand whatever you want,
Well I'm sure that's going to work.....,well im sure thats going to work,
BS bS no body gets close to Hormuz  you are talking with,bs bs no body gets close to hormuz  you are talking with,
Quit playing with them and finish the job.,quit playing with them and finish the job,
These cyclical narratives that we’ve seen time and again over the decades still fool us. It’s all about money. The fuel companies have made their massive short term profits over this conflict.,these cyclical narratives that weve seen time and again over the decades still fool us its all about money the fuel companies have made their massive short term profits over this conflict,
Really? Why Ukraine is still fighting with Russia?! Didn’t Trump promised end the war by last Xmas ?,really? why ukraine is still fighting with russia?! didnt trump promised end the war by last xmas ?,
Aren't tankers already moving?  Just not to anyone currently bombing Iran.,arent tankers already moving?  just not to anyone currently bombing iran,
"Your neighbor walks over and tells you he doesn't like your face, beats you up, kills your wife and kids, and then demands you to hand over the car keys.
This is what is happening to Iran at the moment.","your neighbor walks over and tells you he doesnt like your face beats you up kills your wife and kids and then demands you to hand over the car keys
this is what is happening to iran at the moment",
The man is a twat.,the man is a twat,
"ANOTHER STUPID BLUFF, so US resorting to Russian tactics bombing civilian infrastructure, just proves how far the US moral authority has fallen. But you only have a low bar to get over look at the illegal bombing of Laos. TACO, TACO, TACO, do you think this is going to work, Iran will respond with kind against Qatar and Saudi.",another stupid bluff so us resorting to russian tactics bombing civilian infrastructure just proves how far the us moral authority has fallen but you only have a low bar to get over look at the illegal bombing of laos taco taco taco do you think this is going to work iran will respond with kind against qatar and saudi,
"""You better open the strait or you will get tariffed.""",you better open the strait or you will get tariffed,
"""When President Trump sets a deadline, you better meet it."" LOL",when president trump sets a deadline you better meet it lol,
This was an unprovoked war on behalf of another country and we're all paying for it. Iran won't reopen it this escalates just like Israel planned.,this was an unprovoked war on behalf of another country and were all paying for it iran wont reopen it this escalates just like israel planned,
Trump 👍,trump,
Iran keeps on giving the middle finger to the moron Trump 😂,iran keeps on giving the middle finger to the moron trump,
"This clown, nobody is afraid of you 
Taco Trump","this clown nobody is afraid of you 
taco trump",
"Hooray. We've decimated their military, but we can't secure the Strait. Now we're going to take another step up the escalation ladder. Genius. The president of the US doesn't have the power to engage the military in acts of war unilaterally. Silly fools, you're confusing this with the Russian constitution, Chapter 4, Article 87.",hooray weve decimated their military but we cant secure the strait now were going to take another step up the escalation ladder genius the president of the us doesnt have the power to engage the military in acts of war unilaterally silly fools youre confusing this with the russian constitution chapter 4 article 87,
Why 48 hours,why 48 hours,
"Think about what you're cheering on, this will impact civilians. This means food, you cannot keep food fresh without electricity. This means places like hospitals, innocent people that needs surgery. You've lost your minds.",think about what youre cheering on this will impact civilians this means food you cannot keep food fresh without electricity this means places like hospitals innocent people that needs surgery youve lost your minds,
Whats in the epstien files???,whats in the epstien files???,
Isn't terrorism by america?,isnt terrorism by america?,
Canada loves the president the best president ever,canada loves the president the best president ever,
"I thought Donald Trump said that he would be the ""Peace President ""?🤷🏿",i thought donald trump said that he would be the peace president ?,
"hit the power plant so im glad the people who we want to rise up wont get affected by this lol you know fun fact in the iraq vs iran war iraq used chemical weapons and the people still didnt give up, so not sure turning off the lights will help just saying  lol",hit the power plant so im glad the people who we want to rise up wont get affected by this lol you know fun fact in the iraq vs iran war iraq used chemical weapons and the people still didnt give up so not sure turning off the lights will help just saying  lol,
Trump is a jocker at the movement,trump is a jocker at the movement,
"When President Trump says 48hrs, you must act quickly because might attack in 24hrs time.",when president trump says 48hrs you must act quickly because might attack in 24hrs time,
Power plants? Isn't that civilian therefore a war crime?,power plants? isnt that civilian therefore a war crime?,
Trump needs to get after the Democrats to open the government DHS up,trump needs to get after the democrats to open the government dhs up,
"Donald  , i thought the war was over",donald   i thought the war was over,
Can’t we just nuke Irans oil fields,cant we just nuke irans oil fields,
Iran said “I spit on your demand “ 💦 😅,iran said i spit on your demand,
TRUMP + NETANYAHU = LOSERS,trump  netanyahu  losers,
Trump says Iran's military was obliterated.  And liberals think that means all of Iran was obliterated.   Look at some of the comments.  No wonder why they vote for democrats.  They don't understand English.,trump says irans military was obliterated  and liberals think that means all of iran was obliterated   look at some of the comments  no wonder why they vote for democrats  they dont understand english,
TACO,taco,
"german here, so going after civilian energy infrastructure isn´t a war crime now, interesting stuff....noted
are you going to blow up dams, too? what about nuclear plants like Bushehr? hospitals & schools are in focus from day 1; no probs there i suppose
_`MURICA_  (asking for a friend)
_tüdelü_","german here so going after civilian energy infrastructure isnt a war crime now interesting stuffnoted
are you going to blow up dams too? what about nuclear plants like bushehr? hospitals  schools are in focus from day 1 no probs there i suppose
_murica_  asking for a friend
_tüdelü_",
I'm on Americas side.,im on americas side,
"""When Trump sets a deadline, you better meet it"" 😂😂😂 in two weeks? 😂 What happened to all deadlines to Russia? Last I checked the war over there is still ongoing? What about all deadlines for trade deals, none of them are still finalized 😂😂",when trump sets a deadline you better meet it  in two weeks?  what happened to all deadlines to russia? last i checked the war over there is still ongoing? what about all deadlines for trade deals none of them are still finalized,
What happened to 2 weeks '  trump said we don't need  the   straight  '  what a clown  for a president  !,what happened to 2 weeks   trump said we dont need  the   straight    what a clown  for a president  !,
Go present trump ❤🎉,go present trump,
"😂😂😂""biggest one first""(just like a gangster 😅😅😅..
God-fatherTrump😅😅😅..

He might meet this one because Ukraine is still waiting for their war to end😅😅😅","biggest one firstjust like a gangster 
godfathertrump

he might meet this one because ukraine is still waiting for their war to end",
Iran said there is no oil for sale😂😂😂😂😂,iran said there is no oil for sale,
Should be 24 hours long enough,should be 24 hours long enough,
Trump has adapted the YN approach,trump has adapted the yn approach,
"If the ""Democrats"" don't immediately surrender, we are ""cursing"" their local Starbucks cafes. No lattes for you, fool!",if the democrats dont immediately surrender we are cursing their local starbucks cafes no lattes for you fool!,
Trump is going to get us all killed.,trump is going to get us all killed,
"The coward pig really think he is a strong man. He is not a man, he is a nauseating turd.",the coward pig really think he is a strong man he is not a man he is a nauseating turd,
Or I shall taunt you a second time,or i shall taunt you a second time,
"Iran launches missile attack on ""Yanbu port""
Yanbu(Saudi Arabia & Kuwait & qatar) Pipeline.　48-inch diameter / 7 million bpd capacity.
Cain's jealousy towards Abel  by ""IRAN's jealousy towards SAUDI ARABIA.  ""
Oh, it is a sinful thing.","iran launches missile attack on yanbu port
yanbusaudi arabia  kuwait  qatar pipeline　48inch diameter  7 million bpd capacity
cains jealousy towards abel  by irans jealousy towards saudi arabia  
oh it is a sinful thing",
Fox are such Trump boot lickers. Lol.,fox are such trump boot lickers lol,
"Another catastrophic failure for the USA after Vietnam, Afghanistan and so many others.",another catastrophic failure for the usa after vietnam afghanistan and so many others,
I thought it would open itself and we didn't need any help? What the hell?,i thought it would open itself and we didnt need any help? what the hell?,
FAKE NEWS. President Trump said we already won and don’t need any help.,fake news president trump said we already won and dont need any help,
SMASH THE EVIL REGIME!!❤️❤️,smash the evil regime!!,
how stupid fox people are,how stupid fox people are,
"That's what happens when you make ICC war criminal Neranyahu your master.

Freedom, America... Freedom.

Don't you realize you've become a slave?","thats what happens when you make icc war criminal neranyahu your master

freedom america freedom

dont you realize youve become a slave?",
He is just waiting for the Marines. The USS Tripoli by now is already there,he is just waiting for the marines the uss tripoli by now is already there,
"Re-obliterating what we obliterated last summer.  Operation AIPAC FURY is going to plan.  Epstein class Hedge fund managers who bought EXXON, Raytheon and Chevron stock just before the war are WINNING BIGLY!  US taxpayers, US Troops and anyone who buys gasoline or fertilizer… you are out of luck.  Will TACO Trump, the Peace President, send in the Marines when Iran doesn’t fold?  He certainly won’t tell his boss, Bibi, to send Israeli troops into Iran.",reobliterating what we obliterated last summer  operation aipac fury is going to plan  epstein class hedge fund managers who bought exxon raytheon and chevron stock just before the war are winning bigly!  us taxpayers us troops and anyone who buys gasoline or fertilizer you are out of luck  will taco trump the peace president send in the marines when iran doesnt fold?  he certainly wont tell his boss bibi to send israeli troops into iran,
So he thinks the whole world is just supposed to bow down to his commands.   😄,so he thinks the whole world is just supposed to bow down to his commands,
Only fools give ultimatums in a war they have no plan at al😂😂😂,only fools give ultimatums in a war they have no plan at al,
Trump 😂demanding 🤣😂 to open 😂🤣😂🤣😂🤣😂🤣😂🤣😂🤣😂🤣😂🤣😂🤣‼️,trump demanding  to open,
Boooooooooshhh,boooooooooshhh,
He also demanded an unconditional surrender 😅 how's that going 😅😅😅😅?,he also demanded an unconditional surrender  hows that going ?,
Sucks for the people of Iran,sucks for the people of iran,
"And then Israel will lose its nuclear power plants, its oil refineries, desalination plants, etc.",and then israel will lose its nuclear power plants its oil refineries desalination plants etc,
"Stick Your Hands In Your Armits & Shoots Out Your Fingers.. ""Superstar"" SNL ☝🏻☝🏻SALUTE TO FOX NEWS",stick your hands in your armits  shoots out your fingers superstar snl salute to fox news,
Trump is a joke and so is such news channels.,trump is a joke and so is such news channels,
"What ? And he expects Iranians to Rise Up ....in the DARK? 😅 
TRUMP is a MUPPET","what ? and he expects iranians to rise up in the dark?  
trump is a muppet",
Iranians can live without money and electricity.  Can Americans?,iranians can live without money and electricity  can americans?,
Rock and Roll Mr.  President!!!,rock and roll mr  president!!!,
"This was  3 day war, no?
Now it’s a 3 week war, yes
So what’s next?
This war will be over in September, no?
Ok, Sept. of which year?😅😅😅","this was  3 day war no?
now its a 3 week war yes
so whats next?
this war will be over in september no?
ok sept of which year?",
"So there houses are destroyed and their elected leaders killed, but they would really worry about electricity?",so there houses are destroyed and their elected leaders killed but they would really worry about electricity?,
Stupid yanks 😂,stupid yanks,
"Hey, there Iran, start building windmills from your friend China.",hey there iran start building windmills from your friend china,
Thought this was already over...,thought this was already over,
"48 hours, that means the birds are in the air",48 hours that means the birds are in the air,
this fool is going to create an economic depression.,this fool is going to create an economic depression,
O😂😂😂😂😂😂😂😂😂,o,
"Iran has China,Russia and North Korea backing them, somehow i just don't see Iran backing down as they are willing to take hits.",iran has chinarussia and north korea backing them somehow i just dont see iran backing down as they are willing to take hits,
"john kerry can rule iran.
he has a history of negotiating with foreign countries on behalf of the united states of america without republican presidents appointing him to do so.
if its too much for him he can desert and then come back later and tell a heroic story with less supporting evidence than trump's russian collusion. and we all know how long that's been their focal point.","john kerry can rule iran
he has a history of negotiating with foreign countries on behalf of the united states of america without republican presidents appointing him to do so
if its too much for him he can desert and then come back later and tell a heroic story with less supporting evidence than trumps russian collusion and we all know how long thats been their focal point",
Wait Didn't he just say  a few days ago we obliterated everything in iran already? Who is stll believing all of this crap anymore! Seriously you have to be braindead to not see the blatant lies and corruption and theyre not even trying to hide it! Were cooked as a country way to go Maga,wait didnt he just say  a few days ago we obliterated everything in iran already? who is stll believing all of this crap anymore! seriously you have to be braindead to not see the blatant lies and corruption and theyre not even trying to hide it! were cooked as a country way to go maga,
I thought he had won the war already..,i thought he had won the war already,
"""What we've got here… is failure… to communicate! Some men… you just can't reach. So you get what we had here last week. Which is the way he wants it… Well... he gets it. And I don't like it anymore than you men"".",what weve got here is failure to communicate! some men you just cant reach so you get what we had here last week which is the way he wants it well he gets it and i dont like it anymore than you men,
Just Nuke Iran and the oil. We have plenty of oil in Alaska!,just nuke iran and the oil we have plenty of oil in alaska!,
Dropped by to see demotard responses. Not disappointed.  IQ's hovering at room temperature 😂😂😂😂😂😂😂,dropped by to see demotard responses not disappointed  iqs hovering at room temperature,
"I don't think this is wise, just my opinion but seems like this will create enemies. This will have an effect on Iranian citizens who are presently FOR America liberating their country. If we cut off their source of livelihood, that will turn them against us in future generations.",i dont think this is wise just my opinion but seems like this will create enemies this will have an effect on iranian citizens who are presently for america liberating their country if we cut off their source of livelihood that will turn them against us in future generations,
He should ask for Unicorns too.,he should ask for unicorns too,
"Donald Trump, ""...... read my lips!!!""❤👍",donald trump  read my lips!!!,
And what’s the schedule? What an idiotic thing to say about a war.,and whats the schedule? what an idiotic thing to say about a war,
Нанесите ядерный удар по Ирану. Страны НАТО должный участвовать очищения Ормузскаго залива от террористов  иранцев.,нанесите ядерный удар по ирану страны нато должный участвовать очищения ормузскаго залива от террористов  иранцев,
Oh no! He’s gonna “obliterate “ something else? I’m sure they’re suitably scared. What a tool!,oh no! hes gonna obliterate  something else? im sure theyre suitably scared what a tool!,
The only people scared of Trump are Fox News host,the only people scared of trump are fox news host,
Imagine being so low IQ you STILL support Trump after all this lmao,imagine being so low iq you still support trump after all this lmao,
Why 48 hourse when Trump can finish Russia-Ukraine war in 24 hours?,why 48 hourse when trump can finish russiaukraine war in 24 hours?,
If I were one of the personal from the Iranian regime . It might be wise to heed the warning from President Trump .,if i were one of the personal from the iranian regime  it might be wise to heed the warning from president trump,
What about the Epstein files. This distraction isn't cutting it fox fake news,what about the epstein files this distraction isnt cutting it fox fake news,
"*T* wump 
*A* lways 
*C* hickens 
*O* ut","t wump 
a lways 
c hickens 
o ut",
Can taco count ti 48 lol,can taco count ti 48 lol,
Blowing up civilian infrastructure is the Israeli playbook. Trump is just a figurehead at this point.,blowing up civilian infrastructure is the israeli playbook trump is just a figurehead at this point,
I thought everything had already been obliterated. What a mess Trump has caused,i thought everything had already been obliterated what a mess trump has caused,
"The president behaves like a child whenever he's given something; he thinks he can demand it from anyone, whenever he wants. The Venezuelan compromise ultimately led to the war in Iran.",the president behaves like a child whenever hes given something he thinks he can demand it from anyone whenever he wants the venezuelan compromise ultimately led to the war in iran,
I love fox new reporting. But don't it 😂,i love fox new reporting but dont it,
I waaanit.  I waanit.,i waaanit  i waanit,
lol what a joke no wonder none of them respects you president clown. if your obliterate   is the same obliterate you claim you done to their nuclear weapons lol then i see why they wont comply. your a joke,lol what a joke no wonder none of them respects you president clown if your obliterate   is the same obliterate you claim you done to their nuclear weapons lol then i see why they wont comply your a joke,
Anyone received his 2.000 dollar check yet?,anyone received his 2000 dollar check yet?,
"Let's remind the Fox Goons and the moronic maggots that King Bone Spurs was a 5-time draft dodger.   Robert Muller during the Vietnam War waited for an injured knee to heal and then served in the Marine Corps, winning a Bronze Star and a Purple Heart. A REAL American HERO",lets remind the fox goons and the moronic maggots that king bone spurs was a 5time draft dodger   robert muller during the vietnam war waited for an injured knee to heal and then served in the marine corps winning a bronze star and a purple heart a real american hero,
Do that and the whole region will go black including your little Rothchild's Epstein Israel Orange T*rd. 👍🙏🔥🚀,do that and the whole region will go black including your little rothchilds epstein israel orange trd,
If you mess with nuclear power then you invite your own destruction. Don’t do it. It’ll be opening Pandora’s box.,if you mess with nuclear power then you invite your own destruction dont do it itll be opening pandoras box,
What a load of delusional nonsense.,what a load of delusional nonsense,
Attacks are always on weekends. Tomorrow is the day.  Iran won’t respond just as they never have yet. He just likes to give them the non-violent option first.  Lots of action coming tomorrow. He won’t even wait 48 hours. If he did it wouldn’t be a surprise.,attacks are always on weekends tomorrow is the day  iran wont respond just as they never have yet he just likes to give them the nonviolent option first  lots of action coming tomorrow he wont even wait 48 hours if he did it wouldnt be a surprise,
"Iran responded with laughing emojis.  
😂😂😂😂😂😂😂",iran responded with laughing emojis,
"Victory to president trump always 
Victory to America always","victory to president trump always 
victory to america always",
The peodophile is losing this war. He needs to start talks with Iran asap,the peodophile is losing this war he needs to start talks with iran asap,
"What if they say no?    They don't care about their people.  So I'm thinking we'll obliterate their ability to produce electricity, and the Strait will still be closed.",what if they say no?    they dont care about their people  so im thinking well obliterate their ability to produce electricity and the strait will still be closed,
Is the same guy that said he would solve the war in Ukraine in 24hrs?,is the same guy that said he would solve the war in ukraine in 24hrs?,
Impeach!! Don’t mess with nuclear power.,impeach!! dont mess with nuclear power,
20 years folks! Then these dinosaurs will be dead and we can create a more peaceful world ❤,20 years folks! then these dinosaurs will be dead and we can create a more peaceful world,
They don’t care! If we invade Carge they will blow up their own infrastructure,they dont care! if we invade carge they will blow up their own infrastructure,
"In 48hrs, US Marines arrived to capture Kharg, Kish. B52 can say hello to Iran's energy plants, oil hubs. Ayatollah Cardboard will issue more defiant statements.",in 48hrs us marines arrived to capture kharg kish b52 can say hello to irans energy plants oil hubs ayatollah cardboard will issue more defiant statements,
china and russia enter the war.,china and russia enter the war,
"Trump goes full Putin over a war he himself started, but is too stupid to figure out how to end. Bombing power plants is working fine for Putin, isn't it?
Punishing and killing civilians to try defeat an enemy only prolongs the war.","trump goes full putin over a war he himself started but is too stupid to figure out how to end bombing power plants is working fine for putin isnt it?
punishing and killing civilians to try defeat an enemy only prolongs the war",
"USA = Terorist, Iran = Hero",usa  terorist iran  hero,
Let's gooooooo!!!! Level them!!,lets gooooooo!!!! level them!!,
Aren't we supposed to help the iranian people.,arent we supposed to help the iranian people,
"There's nothing new that can be done, unless civilian infrastructure is targeted smh. Didn't he just say there's nothing left of their military, so why ask them to open the Strait? It should already be safe",theres nothing new that can be done unless civilian infrastructure is targeted smh didnt he just say theres nothing left of their military so why ask them to open the strait? it should already be safe,
This CORRUPT potus is getting DESPERATE!!!,this corrupt potus is getting desperate!!!,
Taco,taco,
Iran obliterate all oil tankers set the stait on fire! Welcome to hell you F ERZ! If anyone gets to the land lite em up ! 😁,iran obliterate all oil tankers set the stait on fire! welcome to hell you f erz! if anyone gets to the land lite em up !,
Trump wept. Winding down my 😮,trump wept winding down my,
Your action is too slow Trump. Just do it once and for all.,your action is too slow trump just do it once and for all,
"""Victorious warriors win first and then go to war, while defeated warriors go to war first and then seek to win"". Sun Tzu. It seems that Trump is a loser.",victorious warriors win first and then go to war while defeated warriors go to war first and then seek to win sun tzu it seems that trump is a loser,
This is getting way too confusing...,this is getting way too confusing,
😂😂😂😂 Taco is in a panic..hence all the bs,taco is in a panichence all the bs,
"Nuke Iran. But then Russia will want to nuke Ukraine. However stop with the surgery attacks. Obliberate them, if the citizens don't know to leave the country by now, dint blame the US if you die in s bomb attack.",nuke iran but then russia will want to nuke ukraine however stop with the surgery attacks obliberate them if the citizens dont know to leave the country by now dint blame the us if you die in s bomb attack,
"Wow. The escalation is pretty staggering. The war is anything but winding down..
But I think you are mistaken to think Iran has no working government","wow the escalation is pretty staggering the war is anything but winding down
but i think you are mistaken to think iran has no working government",
"Efface, annihilate, eradicate. All synonyms for the words obliterate. Change it up, bro. 🙄",efface annihilate eradicate all synonyms for the words obliterate change it up bro,
Don’t stand next to Trump.,dont stand next to trump,
More bloviation from trumpstein.  In the last 3 days Iran has proven they can hit the $2T F-35 and reach Diego Garcia with their missiles.  trumpstein's mouth is writing checks his military can't cash.,more bloviation from trumpstein  in the last 3 days iran has proven they can hit the 2t f35 and reach diego garcia with their missiles  trumpsteins mouth is writing checks his military cant cash,
"Day One, 48 hours, No new wars",day one 48 hours no new wars,
"""A man's got to know his limitations."" .....NATO is leaving the Middle East at this time.",a mans got to know his limitations nato is leaving the middle east at this time,
Imagine if Iran had a bunch of Nuke and threatened to use them.   How high would oil go?   Now imagine they did use them.  How high would oil go?,imagine if iran had a bunch of nuke and threatened to use them   how high would oil go?   now imagine they did use them  how high would oil go?,
Then when everyone in Iran hates Americans blame them not Trump,then when everyone in iran hates americans blame them not trump,
"If Trump obliterates Iran's power plants, then that is a war crime in breach of international humanitarian law under the Geneva Convention.",if trump obliterates irans power plants then that is a war crime in breach of international humanitarian law under the geneva convention,
thats a bluff. US will attack immediately,thats a bluff us will attack immediately,
IRAN dares you 🇮🇷🇮🇷🇮🇷🇮🇷🇮🇷🇮🇷🇮🇷🇮🇷🇮🇷🇮🇷🇮🇷🇮🇷🇮🇷🇮🇷🇮🇷🇮🇷🇮🇷,iran dares you,
"Don't attack iran, and this won't happen..",dont attack iran and this wont happen,
TACO,taco,
Did she say islamic what???.,did she say islamic what???,
Nobody believes these threats but FOX News.,nobody believes these threats but fox news,
"Excellent, wipe the diaper headed terrorists off the face of the earth!!!",excellent wipe the diaper headed terrorists off the face of the earth!!!,
Trump is no longer king of the hill and he knows it.,trump is no longer king of the hill and he knows it,
What????,what????,
"“Obliterated!” - Trump & MAGA in the midterms after Unprovoked War, Affordability Crisis, Epstein Crimes, Illegal Tariffs, ICE Murders!",obliterated!  trump  maga in the midterms after unprovoked war affordability crisis epstein crimes illegal tariffs ice murders!,
"I wonder what Iran could do in retaliation?  
Start sinking More tankers?  Hitting the other Israeli refinery? 
I doubt they will do nothing.  
Trumps threats are increasingly desperate and seemingly vacuous","i wonder what iran could do in retaliation?  
start sinking more tankers?  hitting the other israeli refinery? 
i doubt they will do nothing  
trumps threats are increasingly desperate and seemingly vacuous",
American presidents shouldn’t threaten war crimes - like hitting vital civilian infrastructure.,american presidents shouldnt threaten war crimes  like hitting vital civilian infrastructure,
I thought we had control. How does Iran have control,i thought we had control how does iran have control,
48 hours? Billy Bear is going to mess them up. Not good.,48 hours? billy bear is going to mess them up not good,
You got 48 hours or we are going to do what Isreal is already doing and that is target your power plants.,you got 48 hours or we are going to do what isreal is already doing and that is target your power plants,
"Iran is two weeks away from developing a nuclear weapon 

Netenyahu 20 years ago","iran is two weeks away from developing a nuclear weapon 

netenyahu 20 years ago",
Still waiting for an armed populace to take things in control.  That's what needs to happen.,still waiting for an armed populace to take things in control  thats what needs to happen,
They don’t care about trump because Iran know he is liar,they dont care about trump because iran know he is liar,
🙂The Ukrainians are still waiting for Day One. Let's talk again in 48 hours.,the ukrainians are still waiting for day one lets talk again in 48 hours,
"It would never had been closed in the first place if this ihdiot had only listened to his Intelligence Briefings telling him that Iran posed ""NO DIRECT THREAT"" to the U.S.!!  Instead he chose to obey the Commands of his Master, Netenyahu!!  And then he goes on News Media pushing false Narratives that Iran was an immediate threat to the Middle East and the U.S.??  This ihdiot lies constantly to the American Public almost on a daily basis!!  He needs to be IMPEACHED!!!!",it would never had been closed in the first place if this ihdiot had only listened to his intelligence briefings telling him that iran posed no direct threat to the us!!  instead he chose to obey the commands of his master netenyahu!!  and then he goes on news media pushing false narratives that iran was an immediate threat to the middle east and the us??  this ihdiot lies constantly to the american public almost on a daily basis!!  he needs to be impeached!!!!,
"""The Mossad has the Epstein files in hand and is forcing Trump to continue with the war. Trump is irresponsible because he has plunged the world into a crisis that is all his own.""",the mossad has the epstein files in hand and is forcing trump to continue with the war trump is irresponsible because he has plunged the world into a crisis that is all his own,
"I'm sure Iran will listen to his demands. 
Like how he demanded America will choose Iran's new leader and for them not to attack oil tankers","im sure iran will listen to his demands 
like how he demanded america will choose irans new leader and for them not to attack oil tankers",
I have never actually seen any longer fox „news“ clip - what the f are they on? This is delusional cult talk,i have never actually seen any longer fox news clip  what the f are they on? this is delusional cult talk,
The way they retaliate... They don't give a f.,the way they retaliate they dont give a f,
Donald Turnip telling truth again!😂😂😂,donald turnip telling truth again!,
Who he thinks he is? Matt Dillion.  Get out of town.,who he thinks he is? matt dillion  get out of town,
Sorry i have to say : ur leader is a joke,sorry i have to say  ur leader is a joke,
Oh the Iranians are going to love this.  They always respond well to ultimatums if history is any guide.,oh the iranians are going to love this  they always respond well to ultimatums if history is any guide,
TACO,taco,
I think Iran is shaking in their boots 😬,i think iran is shaking in their boots,
At this point Fox News is better than the North Korean state media 😂😂😂,at this point fox news is better than the north korean state media,
Like they will listen lol,like they will listen lol,
Trump’s threats mean nothing. We’ve seen it. The Iran war was over on day one. 😂,trumps threats mean nothing weve seen it the iran war was over on day one,
Trump is a goonda.. pure malice,trump is a goonda pure malice,
"The longer the war goes, the funnier Trump becomes",the longer the war goes the funnier trump becomes,
It'd be open if we didn't invade.....,itd be open if we didnt invade,
Hope Irans leaders know how to tell time…..,hope irans leaders know how to tell time,
Elon this message is for you. Hire The Best For Security And Other And Offer Them a Full Time Job. From a Aitutaki Cook Islander,elon this message is for you hire the best for security and other and offer them a full time job from a aitutaki cook islander,
Finish the job,finish the job,
"Say it with me: “America first, not Israel first”

If you can’t do this, your loyalties are not with America","say it with me america first not israel first

if you cant do this your loyalties are not with america",
What if iran captures barron trump and then trump might stop the war?,what if iran captures barron trump and then trump might stop the war?,
Iran is so defeated it can't even open the strait.,iran is so defeated it cant even open the strait,
"Iran can last 5 mounths. Oil crisis, inflation, retaliation..  usa can loose gulf nation alies. 
Mid- term is coming, impeachment, epstein files full releised. MAGA chaos.
Billions spent to intercept shahed and low cost iranian misiles. Humm : another one US aircraft got shot today. Hum. It’s a full movie","iran can last 5 mounths oil crisis inflation retaliation  usa can loose gulf nation alies 
mid term is coming impeachment epstein files full releised maga chaos
billions spent to intercept shahed and low cost iranian misiles humm  another one us aircraft got shot today hum its a full movie",
Remove the Iranian evil government asap 🥳🥳🥳🥳,remove the iranian evil government asap,
"If we’ve learned anything, we’ve learned Donald Trump doesn’t know what day of the week it is. He doesn’t know what color of tie to wear. He doesn’t know if 48 hours means four hours eight minutes four days eight hours or 48 months in a year, that’s what we’ve learned about Donald Trump. He doesn’t know whether to wear orange makeup or purple passion.
He doesn’t know who’s an ally he doesn’t know who’s an enemy. He doesn’t know what he owns. He doesn’t know boundaries. He doesn’t know what he possesses. He doesn’t know what he loses. That’s why he’s in such terrible shape and the view from all intelligence groups in the world, he doesn’t know if he wants to be a part of NATO. He doesn’t know what the board of peace really is means or represents all he knows is he must’ve replaced Jesus and owned that golden dome, and for that we all condemn him
He doesn’t know who his boss is. He doesn’t know who runs the chip that tin his head. He doesn’t know who runs the chip in all of his senior council members heads that have went to that horrific Elon Musk brain chip transformation. He doesn’t know whether he’s talking to Netanyahu via Bluetooth or over Wi-Fi, we’re on the telephone.
Shanon L Fowler  /
The Ancient Trapper","if weve learned anything weve learned donald trump doesnt know what day of the week it is he doesnt know what color of tie to wear he doesnt know if 48 hours means four hours eight minutes four days eight hours or 48 months in a year thats what weve learned about donald trump he doesnt know whether to wear orange makeup or purple passion
he doesnt know whos an ally he doesnt know whos an enemy he doesnt know what he owns he doesnt know boundaries he doesnt know what he possesses he doesnt know what he loses thats why hes in such terrible shape and the view from all intelligence groups in the world he doesnt know if he wants to be a part of nato he doesnt know what the board of peace really is means or represents all he knows is he mustve replaced jesus and owned that golden dome and for that we all condemn him
he doesnt know who his boss is he doesnt know who runs the chip that tin his head he doesnt know who runs the chip in all of his senior council members heads that have went to that horrific elon musk brain chip transformation he doesnt know whether hes talking to netanyahu via bluetooth or over wifi were on the telephone
shanon l fowler  
the ancient trapper",
Operation Epic Farce!😂,operation epic farce!,
"Lol, the raving lunatic is back at it again, why doesnt somebody take his phone and computer away from this baby.",lol the raving lunatic is back at it again why doesnt somebody take his phone and computer away from this baby,
Read THE CULT OF TRUMP by Dr. Steven Hassan 🙄,read the cult of trump by dr steven hassan,
Who knew the ‘strait of Hormuz’ was in fact just Netanyahu’s colon?,who knew the strait of hormuz was in fact just netanyahus colon?,
Oh no ! They need more money 😂😂😂😂,oh no ! they need more money,
This war is showing that the US dominance of the world coming to an end.,this war is showing that the us dominance of the world coming to an end,
Good 🇺🇸,good,
Oil war rite from the beginning,oil war rite from the beginning,
Yeah that's a literal war crime...even Russia doesn't attack power plants,yeah thats a literal war crimeeven russia doesnt attack power plants,
TACO incoming,taco incoming,
Never thought I’d say THIS but can we bring Biden out of retirement and put him back in the White House?,never thought id say this but can we bring biden out of retirement and put him back in the white house?,
"horz else?you clow its partially opened anyway clown,nothing like making it worse,dont think any gulf refinery wont be hit in response,i imagine some clowns like you know and others have already made money before this announcement",horz else?you clow its partially opened anyway clownnothing like making it worsedont think any gulf refinery wont be hit in responsei imagine some clowns like you know and others have already made money before this announcement,
Yeah and Mexico has 48 hrs to pay for the wall too,yeah and mexico has 48 hrs to pay for the wall too,
The oil shortage is so bad . That trump will now allow Iran. To sell 140 million barrels of sanctioned oil. Because the 400 million barrels of strategic reserves. Will run out in a matter of day or weeks,the oil shortage is so bad  that trump will now allow iran to sell 140 million barrels of sanctioned oil because the 400 million barrels of strategic reserves will run out in a matter of day or weeks,
Why are we fighting for a country that says Jesus has no power over Kahn. And denies Jesus as the messiah. This makes no sense.,why are we fighting for a country that says jesus has no power over kahn and denies jesus as the messiah this makes no sense,
When you finally elect a real man to be President the world becomes a better place.,when you finally elect a real man to be president the world becomes a better place,
"The world is getting rather disgusted with American rhetoric
Alone is strong. America's new motto. Good luck with that","the world is getting rather disgusted with american rhetoric
alone is strong americas new motto good luck with that",
"with today's demonstration of missiles that can hit berlin, paris, and london -- plus the team discovered at natanz,  attempting to restart centrifuges -- EU / NATO better wake up soon.",with todays demonstration of missiles that can hit berlin paris and london  plus the team discovered at natanz  attempting to restart centrifuges  eu  nato better wake up soon,
"Fox, no news about the iranian strike at the Dimona nuclear plant in Israhell which erased an entire bloc ? scared or what",fox no news about the iranian strike at the dimona nuclear plant in israhell which erased an entire bloc ? scared or what,
Now it's only 47 hours 🤣,now its only 47 hours,
"Remember when trump said he was doing this to help the Iranian people? 
This is the proper way.  First you decimate 160 young girls as a proper leader.  Then hospitals and now power plants.  Murica!!","remember when trump said he was doing this to help the iranian people? 
this is the proper way  first you decimate 160 young girls as a proper leader  then hospitals and now power plants  murica!!",
All this BS report about 48 hours... Been there 4 weeks...,all this bs report about 48 hours been there 4 weeks,
Weak statement even  in the next 48 days i don’t think Iran will open  stop the war use India to mediate u and Iran  or u will lose badly mid elections,weak statement even  in the next 48 days i dont think iran will open  stop the war use india to mediate u and iran  or u will lose badly mid elections,
So leaving Iranian people without water and electricity.thankyou for the help. It seems he couldnt do it otherway. This would be verygood for the regim cause they dont care about people.,so leaving iranian people without water and electricitythankyou for the help it seems he couldnt do it otherway this would be verygood for the regim cause they dont care about people,
"How is that going to give peace . If you take out civilians energy. 
China might have a reason to join the fight , because they’ll say it’s inhumane . 
That’s going to be a huge mess if that happens , because Japan and Taiwan will get involved along with South Korea and eventually north Korea will get involved . 
Wow Nostradamus was rite he said a man that many have beliefs in his policy will start world war 3 . 
Nukes are going to go up everywhere .  
Where it’s going to be like those movies where they can’t come out in the sunlight because of radiation so they a.i bot instead .","how is that going to give peace  if you take out civilians energy 
china might have a reason to join the fight  because theyll say its inhumane  
thats going to be a huge mess if that happens  because japan and taiwan will get involved along with south korea and eventually north korea will get involved  
wow nostradamus was rite he said a man that many have beliefs in his policy will start world war 3  
nukes are going to go up everywhere   
where its going to be like those movies where they cant come out in the sunlight because of radiation so they ai bot instead",
................Or he'll bomb another preschool!  HAS FOX even acknowledged that?????,or hell bomb another preschool!  has fox even acknowledged that?????,
What a joke Orange.,what a joke orange,
"Well done Trump USA 🇺🇸 👏 
Let's do it","well done trump usa   
lets do it",
The blackmailer in chief.,the blackmailer in chief,
Trump is so dumb he can't read between the lines. The Iranians are not playing his social media warrior game. What happened to the unconditional surrender he demanded 2 weeks ago ?  So delusional that he thinks threats will work on them. Those people are willing to defend their country till the very last baby,trump is so dumb he cant read between the lines the iranians are not playing his social media warrior game what happened to the unconditional surrender he demanded 2 weeks ago ?  so delusional that he thinks threats will work on them those people are willing to defend their country till the very last baby,
"Just let it all out on Iran! Give them the full buffet at one serving. Get IRGC out permanently!
Liberate the people of Iran from IRGC!","just let it all out on iran! give them the full buffet at one serving get irgc out permanently!
liberate the people of iran from irgc!",
Sorry nothing new will happen,sorry nothing new will happen,
"Dear fox as per your baba trump Army gone. Navy gone. Air Force wiped out. Leaders gone. 32 ships at the bottom of the ocean.

If all their power is gone… why is Iran still being asked to open Hormuz?”","dear fox as per your baba trump army gone navy gone air force wiped out leaders gone 32 ships at the bottom of the ocean

if all their power is gone why is iran still being asked to open hormuz?",
I'm shocked that a recipient of the FIFA Peace Prize would stoop to blowing up civilian infrastructure.,im shocked that a recipient of the fifa peace prize would stoop to blowing up civilian infrastructure,
"If he does this, Iran retaliates and destroys all your gulf allies in the middle east.  It's a reallllllly stupid idea.",if he does this iran retaliates and destroys all your gulf allies in the middle east  its a reallllllly stupid idea,
Fox sucking 🍊🍆 once again…,fox sucking  once again,
You have to be brain dead to watch these people.,you have to be brain dead to watch these people,
"Trump threatens another war crime !  
Is he trying to overtake Putin?","trump threatens another war crime !  
is he trying to overtake putin?",
It’s easier to fool people than it is to convince them they have been fooled. Maga fools,its easier to fool people than it is to convince them they have been fooled maga fools,
Doesn't the FIFA Peace Prize mean ANYTHING to Trump.,doesnt the fifa peace prize mean anything to trump,
"Trump is nothing but a child rapist, along with his Zionist friend G. Epstein. 

The Zionists control the United States, and Trump is at their beck and call. It was for them that he attacked Iran. 

Americans, let's rid our country of Zionism. Let's cleanse the country of this plague.","trump is nothing but a child rapist along with his zionist friend g epstein 

the zionists control the united states and trump is at their beck and call it was for them that he attacked iran 

americans lets rid our country of zionism lets cleanse the country of this plague",
Time for TACO,time for taco,
"Why isn’t the IDF on the front lines fighting in Iran? Why do they make our troops fight the ground war for them? That’s the plan, send US marines in while Israelis cower behind their iron dome.",why isnt the idf on the front lines fighting in iran? why do they make our troops fight the ground war for them? thats the plan send us marines in while israelis cower behind their iron dome,
taco trump,taco trump,
"American people watching too much superhero movie and they think they own the world, there is nothing to loose in Iran and they fight for their life and the only card they have at the moment is that strait. Iran want to increase the oil price SO EVERYBODY feel the pain and that's the only way that affect everybody, do you really think if they don't have control of the strait they let the oil well in the region being functional, didn't you see LNG in Qatar? by the way USA and Iranian politician are the stupidest people I ever see in my life",american people watching too much superhero movie and they think they own the world there is nothing to loose in iran and they fight for their life and the only card they have at the moment is that strait iran want to increase the oil price so everybody feel the pain and thats the only way that affect everybody do you really think if they dont have control of the strait they let the oil well in the region being functional didnt you see lng in qatar? by the way usa and iranian politician are the stupidest people i ever see in my life,
"DROP A PLANE LOAD OF DONNIE'S DIRTY DIAPERS ON IRAN WAR WON, BUT A NUKE WOULD PROBABLY DO LESS DAMAGE TO THE COUNTRY",drop a plane load of donnies dirty diapers on iran war won but a nuke would probably do less damage to the country,
Trumps a moron and a weak leader for allowing Israel to drag the US into this war. Is Trump so stupid he doesnt understand communist china and Russia will not allow Iran to be destroyed. I look forward to President Vance in 2027 after Trump the moron is removed from office by the newly controlled democrat house and senate. Oh and I voted for no new wars moron trump.,trumps a moron and a weak leader for allowing israel to drag the us into this war is trump so stupid he doesnt understand communist china and russia will not allow iran to be destroyed i look forward to president vance in 2027 after trump the moron is removed from office by the newly controlled democrat house and senate oh and i voted for no new wars moron trump,
Keep dreaming you MAGA morons,keep dreaming you maga morons,
Normally it's 2 weeks 🤔🤡,normally its 2 weeks,
"Thank you President Trump, soon it will be over.",thank you president trump soon it will be over,
Fox talks about Trump like he's some kind of supra guru in everything he says and does.,fox talks about trump like hes some kind of supra guru in everything he says and does,
Stop fighting these Jewish blood wars that America has no interest in and does not benefit from. Iran is not our enemy. Let Israel fight this alone.,stop fighting these jewish blood wars that america has no interest in and does not benefit from iran is not our enemy let israel fight this alone,
Taco is in a delusional state 😢,taco is in a delusional state,
"Trump is trying to posture rn to put the blame on Iran. He knows we are about to land boots on the ground, he knows we are trapped now, he needs to try and shift the opinion as if it was up to Iran but now since they didn’t capitulate, he can blame them",trump is trying to posture rn to put the blame on iran he knows we are about to land boots on the ground he knows we are trapped now he needs to try and shift the opinion as if it was up to iran but now since they didnt capitulate he can blame them,
"Trump forgot to say ""Please """,trump forgot to say please,
"MAGA is footing MIGA’s bill, 🫵😝

Operation AIPAC Fury","maga is footing migas bill 

operation aipac fury",
Didn't he severely degrade their ability to block  it this morning ?😂,didnt he severely degrade their ability to block  it this morning ?,
"4 cocksuckers with no spine, the Orange Imbecile is their God, Trump Akbar!",4 cocksuckers with no spine the orange imbecile is their god trump akbar!,
"This would be a war crime. What you think is going to happen, welcome to $300 barrel oil.",this would be a war crime what you think is going to happen welcome to 300 barrel oil,
or else what we keep bombing them more?,or else what we keep bombing them more?,
Trump is trying chew more than he can digest. this dumbass started and he is making americans and the entire world go through pain.,trump is trying chew more than he can digest this dumbass started and he is making americans and the entire world go through pain,
You foul creatures at fox have sh%t for brains!,you foul creatures at fox have sht for brains!,
This Fox garbage and arselicking must stop,this fox garbage and arselicking must stop,
What a frickin’ clown.  Very Presidential!,what a frickin clown  very presidential!,
"Trump keeps lying, and Fox news only takes his peen out of their mouths long enough to lie as well, and you tools just keep on believing everything the new CNN tells you. This war will go beyond 6 months....at the least",trump keeps lying and fox news only takes his peen out of their mouths long enough to lie as well and you tools just keep on believing everything the new cnn tells you this war will go beyond 6 monthsat the least,
Take em back to the stone age like they wish to live in...,take em back to the stone age like they wish to live in,
LOL Trump is a orange clown.,lol trump is a orange clown,
"""News"", as they call it, is 24-7 propaganda. We tune in according to what we want to hear. Meanwhile, the loss of our ability to think critically is progressing as we become an autocracy. Our leaders seek to police the planet and reshape it in their image, whilst we taxpayers foot the $2,800,000,000.00 daily interest payment we make to China and Japan (on our rapidly growing debt.) Are we better off?",news as they call it is 247 propaganda we tune in according to what we want to hear meanwhile the loss of our ability to think critically is progressing as we become an autocracy our leaders seek to police the planet and reshape it in their image whilst we taxpayers foot the 280000000000 daily interest payment we make to china and japan on our rapidly growing debt are we better off?,
Great news..Iran has always waited to do anything with other Presidents!,great newsiran has always waited to do anything with other presidents!,
"Fake FOX news propaganda.

If Donald attacks those power grids, this just means the US will have to pay more reparations later.","fake fox news propaganda

if donald attacks those power grids this just means the us will have to pay more reparations later",
Taco I’m calling it,taco im calling it,
Me too i demand to win a lottery,me too i demand to win a lottery,
"Netanyahu is leading Trump to a cliff, while Trump sees open field ahead.",netanyahu is leading trump to a cliff while trump sees open field ahead,
"Cut the electric power, over Tehran . And trump will have a bigger headache… because the regime will then say. You broke it ,you fix it. Zero negotiations until you repair the power plant",cut the electric power over tehran  and trump will have a bigger headache because the regime will then say you broke it you fix it zero negotiations until you repair the power plant,
"Actually this is a BS threat by Trump. This does not penalize the regime, this hurts the Iranian people. What better way to create more resentment than to hurt the people. Just like in the US we must realize leadership does not represent all people. The military is better at doing targeted strikes. A radical regime doubles down, they do not cave to such demands, they have nothing to lose. Trump hit the targets not the already Iranian people that have suffered under the hands of an oppressive government",actually this is a bs threat by trump this does not penalize the regime this hurts the iranian people what better way to create more resentment than to hurt the people just like in the us we must realize leadership does not represent all people the military is better at doing targeted strikes a radical regime doubles down they do not cave to such demands they have nothing to lose trump hit the targets not the already iranian people that have suffered under the hands of an oppressive government,
This is war crime against the people inside Iran!!!!,this is war crime against the people inside iran!!!!,
"lol, what a loser, jesus christ",lol what a loser jesus christ,
Drop a nuke in the middle of Iran and maybe Israel as well.  USA would be better off,drop a nuke in the middle of iran and maybe israel as well  usa would be better off,
LESS THAN 3 MONTH 39 TRILLION DEBT   GREAT MYSTIC  BABYLON AMERICAN   STARTED  The Great Tribulation 2026 WAR STARTED IT ALL,less than 3 month 39 trillion debt   great mystic  babylon american   started  the great tribulation 2026 war started it all,
"'The war is not close to ending,' says Israeli army chief",the war is not close to ending says israeli army chief,
i missed President Reagan so much when it comes to stuff like this.,i missed president reagan so much when it comes to stuff like this,
"Keep barking away, Trump. No-one listens to your garbage.",keep barking away trump noone listens to your garbage,
Bet the house that it wont re-open.,bet the house that it wont reopen,
"Midnight Hammer set them back 50 years?Iran holds all the cards now,Putin and BRICS are helping them.Volunteering to fight Israel's war is lunacy.",midnight hammer set them back 50 years?iran holds all the cards nowputin and brics are helping themvolunteering to fight israels war is lunacy,
"or what, he will cry?",or what he will cry?,
"Lets go trump lets go.
Draft baron","lets go trump lets go
draft baron",
last time he demand total surrender.. nothing happens. now he demands total open within 48 hours.. looking forward to it.. see what looney tunes will do,last time he demand total surrender nothing happens now he demands total open within 48 hours looking forward to it see what looney tunes will do,
"BREAKING, Fox is in the shittier, more then Pete Hegseth after a night of drinking.",breaking fox is in the shittier more then pete hegseth after a night of drinking,
"LOL, I guess Israel, Saudi Arabia, Qatar, Bahrain, UAE, and Kuwait are all going to lose their power plants to..
Trump also said he'd end the Ukraine war and lower grocery prices on day one...That didn't happen!!","lol i guess israel saudi arabia qatar bahrain uae and kuwait are all going to lose their power plants to
trump also said hed end the ukraine war and lower grocery prices on day onethat didnt happen!!",
Looooool yea 30 hours u guys are so cringy,looooool yea 30 hours u guys are so cringy,
These presenters are completely mad. What are they talking about?,these presenters are completely mad what are they talking about?,
Iran will take out all the power plants in the middle east with retaliation,iran will take out all the power plants in the middle east with retaliation,
This is what I voted for and a closed border !  Trump ❤️,this is what i voted for and a closed border !  trump,
Iran doesnt care,iran doesnt care,
"Who cares what Trump demand,",who cares what trump demand,
Nuke them,nuke them,
TACO dumbass Trump playing President is literally a SHITSHOW 😮,taco dumbass trump playing president is literally a shitshow,
When he sets a deadline he TACOS out!,when he sets a deadline he tacos out!,
He's stark raving bonkers.,hes stark raving bonkers,
Dealing with the dregs of Irans leadership. They weren’t to smart so we can only imagine the dummies making decisions now.,dealing with the dregs of irans leadership they werent to smart so we can only imagine the dummies making decisions now,
"Uh oh, the man child is getting mad. Really? at hour 49? What a joke. Trumps is freaking out because he has zero control. Watching mainstream media is a joke. Fox is just a cheerleader for a losing war",uh oh the man child is getting mad really? at hour 49? what a joke trumps is freaking out because he has zero control watching mainstream media is a joke fox is just a cheerleader for a losing war,
When anybody ever seen trump on a cell phone 😂 the last shall be first and the first shall be last .,when anybody ever seen trump on a cell phone  the last shall be first and the first shall be last,
It’s about time it’s war !!!!!,its about time its war !!!!!,
Good job done God with you always get done God bless you and America and the men and women of the military making Americans safe 💯💪🙏💪,good job done god with you always get done god bless you and america and the men and women of the military making americans safe,
unreal,unreal,
"This is happening because of Obama and Hillary Clinton. Kids need to stop going to school and need to learn from reading and listening to President Trump’s tweets and watching Fox News all day from a young age: that’s all you need to learn education in life. 

My kids stopped going to school and are full time studying Trump tweets and studying Fox News, that’s all you need to teach the kids to be successful","this is happening because of obama and hillary clinton kids need to stop going to school and need to learn from reading and listening to president trumps tweets and watching fox news all day from a young age thats all you need to learn education in life 

my kids stopped going to school and are full time studying trump tweets and studying fox news thats all you need to teach the kids to be successful",
Donald Turnip gushing Truth again!!😂😂😂😂😂😂😂,donald turnip gushing truth again!!,
He also demanded Mexico pay for the wall 😂😂😂 how that go ??  Anyone enjoying their food at higher prices ? Lol. Now a Mexican farmers are getting rich and American farmers are broke. Thank Trump for that folks !!!!!!,he also demanded mexico pay for the wall  how that go ??  anyone enjoying their food at higher prices ? lol now a mexican farmers are getting rich and american farmers are broke thank trump for that folks !!!!!!,
"WAR CRIMES.....the ""american way""🤣😂🤣If ONLY Iran had a drone capable of making it to Mar a Lardo!",war crimesthe american wayif only iran had a drone capable of making it to mar a lardo!,
"Lol, why 48 hours tho. Give them 1 hour",lol why 48 hours tho give them 1 hour,
"Okay, so if you ever feel like a complete failure in life just remember we have an administration spending a billion dollars a day to literally turn the entire world against us. 🤔. Pretty good deal I guess. 😖 🤬",okay so if you ever feel like a complete failure in life just remember we have an administration spending a billion dollars a day to literally turn the entire world against us  pretty good deal i guess,
Why is foreign affairs being conducted on social media!?,why is foreign affairs being conducted on social media!?,
How American population can elected kind of person ??,how american population can elected kind of person ??,
In the morning there won’t be any batteries left to buy on any store shelves in Iran 😂,in the morning there wont be any batteries left to buy on any store shelves in iran,
Out of pride and embarrassment Iran probably will not comply,out of pride and embarrassment iran probably will not comply,
"It's not about how much ordinance you drop, it's how effective it is. This has nothing to do with ""peace"". Give me a break. It's about the attempt of the usual American imperialism which is slowly sinking.",its not about how much ordinance you drop its how effective it is this has nothing to do with peace give me a break its about the attempt of the usual american imperialism which is slowly sinking,
Blah blah blah blah.,blah blah blah blah,
"OPEN OR ELSE!
NOTHING AT ALL IN FILES AGAINST TRUMP OR BIDEN'S AUTO PEN WOULD HAVE WENT AFTER HIM - SINCE DEMS CONTROLLED!","open or else!
nothing at all in files against trump or bidens auto pen would have went after him  since dems controlled!",
Hurry up. Prices are going up and I don't want that. Bad enough as it is. Don't be worse than Biden was.,hurry up prices are going up and i dont want that bad enough as it is dont be worse than biden was,
Send in Kegsbreath!,send in kegsbreath!,
i thought we won 4 times last week,i thought we won 4 times last week,
"Make that  an hour """,make that  an hour,
Let Trump do by himself not the military . He has to learn to be a man instead of hiding behind tables.,let trump do by himself not the military  he has to learn to be a man instead of hiding behind tables,
"There's a big focking diffrence ; we are going to Engage These Persians Hand to Hand & Vaporize Them. 72 ,000 virgins awaits them in Hell.",theres a big focking diffrence  we are going to engage these persians hand to hand  vaporize them 72 000 virgins awaits them in hell,
Trump demands…😂😂😂😂😂😂,trump demands,
Where's the Israeli Navy to patrol the gulf?,wheres the israeli navy to patrol the gulf?,
What a mess,what a mess,
"It's time for peace, Yanks!",its time for peace yanks!,
"Annex it, very easy !!!!!",annex it very easy !!!!!,
He's gonna nuke them or say that he will and they will stop.,hes gonna nuke them or say that he will and they will stop,
Trump is really a humanitarian President. He's giving the iranians fair warning before he turns then into Cuba 2.0,trump is really a humanitarian president hes giving the iranians fair warning before he turns then into cuba 20,
The nuclear power plants?,the nuclear power plants?,
"Aaaaah, more winning 👏",aaaaah more winning,
"This guy loves the word ""obliterate"". I'm sure Iran is quaking in their boots. NOT.",this guy loves the word obliterate im sure iran is quaking in their boots not,
"Elon Musk and Tesla have ""liked"" the news",elon musk and tesla have liked the news,
Why hasn't the orange clown🤡 said anything about SATANYAHU👹 since March 8?☠💀👻🤔,why hasnt the orange clown said anything about satanyahu since march 8?,
It’s not power plants it’s BALLISTIC MISSILES that need to be wiped out … please US and Israel,its not power plants its ballistic missiles that need to be wiped out  please us and israel,
"Um Excuse Me They Had a Solution That was Negotiated  Over Years , But America Pulled out of It , Then Attacked Them When They Were Negociating a New One 
Who Is The Rogue State","um excuse me they had a solution that was negotiated  over years  but america pulled out of it  then attacked them when they were negociating a new one 
who is the rogue state",
President looks so disparate and got confused after three weeks ago said he won and destroyed all military capabilities in iran 😂😂😂,president looks so disparate and got confused after three weeks ago said he won and destroyed all military capabilities in iran,
I hope this war will finish😢,i hope this war will finish,
Get it done!!!!,get it done!!!!,
Bomb it flat !,bomb it flat !,
Doesn’t this just punish the civilians? What is the point? Isn’t that a war crime when Russia does it in Ukraine? Attacking infrastructure that primarily serves the innocent civilians.,doesnt this just punish the civilians? what is the point? isnt that a war crime when russia does it in ukraine? attacking infrastructure that primarily serves the innocent civilians,
"POTUS, please wipe out the IRGC military capability quicker, especially the ballistic missile launchers as 3weeks into it and Iranian regime should not be able to fire off at countries in the region",potus please wipe out the irgc military capability quicker especially the ballistic missile launchers as 3weeks into it and iranian regime should not be able to fire off at countries in the region,
Why not add a couple more war crimes,why not add a couple more war crimes,
"That is a war crime, isnt it?",that is a war crime isnt it?,
Iran laughing at corner😂😂😂😂😂,iran laughing at corner,
"If you ""don't need the strait of hormuz"" why is it all of a sudden worth cutting off power to thousands of Iranians?",if you dont need the strait of hormuz why is it all of a sudden worth cutting off power to thousands of iranians?,
They ain't gonna do it so just keep bombing them,they aint gonna do it so just keep bombing them,
Ahead of schedule 😂.,ahead of schedule,
"U.N.C.L.O.S. = United Nations Convention on the Law Of the Sea = A 1982 international treaty = Constitution Of The Oceans . . . Iran don't own it , to have the final say on it ! !",unclos  united nations convention on the law of the sea  a 1982 international treaty  constitution of the oceans    iran dont own it  to have the final say on it ! !,
FYI: Bombing Power Plants can constitute a war crime..   Special protections there.    And Bombing Nuclear Power Plants under these circumstances almost certainly constitutes a war crime.,fyi bombing power plants can constitute a war crime   special protections there    and bombing nuclear power plants under these circumstances almost certainly constitutes a war crime,
"Do your patriotic duty: FLUSH the orange turd

Thank you for your attention to this matter","do your patriotic duty flush the orange turd

thank you for your attention to this matter",
Not just the next 48 hours this war is a big leap in global politics.,not just the next 48 hours this war is a big leap in global politics,
"Yeah, hit them where it is pain full . thier energy sites they will criple",yeah hit them where it is pain full  thier energy sites they will criple,
"Heggy said the other day, ""I'm not telling you what we're going to do""  Trump, "" Here's what we're going to do.""",heggy said the other day im not telling you what were going to do  trump  heres what were going to do,
Does the Iranian regime have truth social?,does the iranian regime have truth social?,
which will cause more pain across the world by inflating the prices even more,which will cause more pain across the world by inflating the prices even more,
"It’s astounding MAGA doubts anything a liberal says and is suspicious of everything. But yall allow Trump to lie to yall continuously and don’t ever question it😂 don’t ever do your own research, yall just let fox spoon feed yall half the truth. The same thing yall hate liberal media for conservative media does the EXACT same thing😂",its astounding maga doubts anything a liberal says and is suspicious of everything but yall allow trump to lie to yall continuously and dont ever question it dont ever do your own research yall just let fox spoon feed yall half the truth the same thing yall hate liberal media for conservative media does the exact same thing,
There is a Russian ship loaded with oil headed to Cuba….what will Trump do about this,there is a russian ship loaded with oil headed to cubawhat will trump do about this,
"Well, no one needs to read between the lines with our President! USA!",well no one needs to read between the lines with our president! usa!,
"Do your patriotic duty: FLUSH the orange turd

Thank you for your attention to this matter","do your patriotic duty flush the orange turd

thank you for your attention to this matter",
The Trumpster is not focking around. Warrior Prince Iakov Jake Malae...,the trumpster is not focking around warrior prince iakov jake malae,
"Allies finally  come together. When all is over, they want a happy trump, not a sad one.😂",allies finally  come together when all is over they want a happy trump not a sad one,
Oh yeah .. like you supposed to spill the beans .i dont beleive this .,oh yeah  like you supposed to spill the beans i dont beleive this,
"Trump their not scared, you look stupid.",trump their not scared you look stupid,
"he can demand anything he wants, just like kids d",he can demand anything he wants just like kids d,
I wonder...what are the qualifications to work for Fox... Actors and Actress wanted,i wonderwhat are the qualifications to work for fox actors and actress wanted,
Trump has lost his mind,trump has lost his mind,
"Then Iran counterattacks, and the price of oil reaches $300 a barrel. Very clever...if you want Americans to start buying Teslas.",then iran counterattacks and the price of oil reaches 300 a barrel very cleverif you want americans to start buying teslas,
Good make them understand now lol,good make them understand now lol,
Take them out,take them out,
chatterbox,chatterbox,
He killed all the people. Who could have made Rational decision . Now Iran is being ran by very dangerous individuals… And i don’t believe. They will listen to trump’s threats. The strait will not open regardless,he killed all the people who could have made rational decision  now iran is being ran by very dangerous individuals and i dont believe they will listen to trumps threats the strait will not open regardless,
"Who the hell are you😮
Telling rezim to open strait of hormuz😅
You just dying empire it Will soon colaps😊","who the hell are you
telling rezim to open strait of hormuz
you just dying empire it will soon colaps",
Thank GOD...Trump is President,thank godtrump is president,
They can't post any of their propaganda without electricity.,they cant post any of their propaganda without electricity,
Why would Iran open the strait? That’s the only leverage they have to stop Israel and the us from bombing them,why would iran open the strait? thats the only leverage they have to stop israel and the us from bombing them,
Yep Iran is going to lick Trump’s boots. Dream on.,yep iran is going to lick trumps boots dream on,
"I thought they won? If they attack Iran power, then UAE, Qatar and Saudi power ill be hit. Those 3 countries gave trump 3 trillion, Hitting them will hurt more than Israel. Iran should Invade and take over DUBAI",i thought they won? if they attack iran power then uae qatar and saudi power ill be hit those 3 countries gave trump 3 trillion hitting them will hurt more than israel iran should invade and take over dubai,
"Draft ICE , make them work for that $50,000 bonus",draft ice  make them work for that 50000 bonus,
Donald Trump and his military planners have to thread these needles very carefully.,donald trump and his military planners have to thread these needles very carefully,
"Trump is a coward , he set a deadline for the Afghanistan withdrawal, he went full TACO p*ssty and needed a real man and leader to get it done for him, Biden was a courageous hero!!",trump is a coward  he set a deadline for the afghanistan withdrawal he went full taco pssty and needed a real man and leader to get it done for him biden was a courageous hero!!,
"Trump, be serious, you and you best friend Bibi started this and now you expect them to bow in front of you because you say so, you are clearly living in Lala Land. You deserve to be impeached and removed from office, this has nothing to do with political parties anymore it’s all about voting for a mentally stable person with a CLEAN record that will bring peace and stability and will  respected by world leaders. Trump, you fully earned your future place on the wall of shame with your snatched Nobel peace prize beside your picture and yes you will be remembered in history, but for the worst reasons.",trump be serious you and you best friend bibi started this and now you expect them to bow in front of you because you say so you are clearly living in lala land you deserve to be impeached and removed from office this has nothing to do with political parties anymore its all about voting for a mentally stable person with a clean record that will bring peace and stability and will  respected by world leaders trump you fully earned your future place on the wall of shame with your snatched nobel peace prize beside your picture and yes you will be remembered in history but for the worst reasons,
They are too stupid to know they have lost so Trump is gonna turn the lights off for a while to remind them.,they are too stupid to know they have lost so trump is gonna turn the lights off for a while to remind them,
Why do people never ask about what happens when Iran retaliates?,why do people never ask about what happens when iran retaliates?,
Or what lol,or what lol,
"Yeah, we started a war, bombed you, your children school, but we need you to stop fighting back. Yeah sure, Trump and his masters in Israel are delusional.",yeah we started a war bombed you your children school but we need you to stop fighting back yeah sure trump and his masters in israel are delusional,
He can shove that demand in his MAGA Azz!⚰️4🇺🇸,he can shove that demand in his maga azz!4,
hit d power plants of iran.  so the iran regime cannnot do anything,hit d power plants of iran  so the iran regime cannnot do anything,
"Melt down this terriost regimen,  if you have to nuke them....whatever,  eat or be eaten.",melt down this terriost regimen  if you have to nuke themwhatever  eat or be eaten,
😂😂48 hours ago he was beggin for help to NATO 😂,48 hours ago he was beggin for help to nato,
Clearly Trump is desperate,clearly trump is desperate,
yeah but within the aftermath of destroying power plants would likely cause the biggest modern humanitarian crisis.,yeah but within the aftermath of destroying power plants would likely cause the biggest modern humanitarian crisis,
Ask Trump a question he doesn’t know anything,ask trump a question he doesnt know anything,
Trump's stupidity has no bounds,trumps stupidity has no bounds,
I thought it wasn't your problem. All of a sudden you threaten?,i thought it wasnt your problem all of a sudden you threaten?,
Trumps Clock is running different. He wants to shutdown the Ukraine War in 24h and 13 month later i am still waiting.,trumps clock is running different he wants to shutdown the ukraine war in 24h and 13 month later i am still waiting,
Trump and Fox News have lost the war.,trump and fox news have lost the war,
Forget 48 hours just burn the whole country who's gonna care,forget 48 hours just burn the whole country whos gonna care,
"The orange clown🤡 looks sad since March 8, the day Satanyahu👹 was supposedly eliminated.☠💀👻",the orange clown looks sad since march 8 the day satanyahu was supposedly eliminated,
Iran will hit other countries power plants in exchange for…,iran will hit other countries power plants in exchange for,
You don’t even have to believe me Trump is the most uninformed person in the world. Trump doesn’t know anything about anything,you dont even have to believe me trump is the most uninformed person in the world trump doesnt know anything about anything,
useless war . fake news fox,useless war  fake news fox,
"""Its all about peace""... as if.",its all about peace as if,
TACO - trump ALWAYS chicken out,taco  trump always chicken out,
Peace bombing ??? Are all trump's morality compass dials spinning in circles ??? Weirdos want war.,peace bombing ??? are all trumps morality compass dials spinning in circles ??? weirdos want war,
"MAGA are now praising war. 

That tells me that none have ever witnessed war. 

Wonder if they will still be praising war when the C-17s arrive in America for the Dignified Transfer ritual every weekend.","maga are now praising war 

that tells me that none have ever witnessed war 

wonder if they will still be praising war when the c17s arrive in america for the dignified transfer ritual every weekend",
Now underwear is coming down slowly,now underwear is coming down slowly,
Let's have another Chernobyl,lets have another chernobyl,
"What an unserious person 😂😂😂 
Iran is ready to match every escalation with more severe escalation & he will find out in the next 48h 😂","what an unserious person  
iran is ready to match every escalation with more severe escalation  he will find out in the next 48h",
Ohoooo. The Orange peadophile dictator & child rapist is threatening Iran again. Iran is shaking in its boots. Let's see what would he do after this another dog barking,ohoooo the orange peadophile dictator  child rapist is threatening iran again iran is shaking in its boots lets see what would he do after this another dog barking,
Pathetic,pathetic,
"This should work.  To bad he didn't think to just threaten them before the war started, or negotiated.",this should work  to bad he didnt think to just threaten them before the war started or negotiated,
"Trump threatens and demands.
Iran issues warnings and follows through. This is embarrassing. What did he think would happen when we bombed a school and assassinated their leader?","trump threatens and demands
iran issues warnings and follows through this is embarrassing what did he think would happen when we bombed a school and assassinated their leader?",
Trump is so far out of his league it’s sickening.  He started the campaign to free the Iranian people.  How is wiping out their power grid going to help them?,trump is so far out of his league its sickening  he started the campaign to free the iranian people  how is wiping out their power grid going to help them?,
If we can't secure the strait from Iran how the hell do we have a chance against China? Also the Arabs that have been attacked need to grow a set of balls. Get all your ground forces together and roll in to secure the shoreline.,if we cant secure the strait from iran how the hell do we have a chance against china? also the arabs that have been attacked need to grow a set of balls get all your ground forces together and roll in to secure the shoreline,
Change your diaper within 48 hrs or Trump diaper will blow!,change your diaper within 48 hrs or trump diaper will blow!,
Hahahaha shameless zoinist fox news,hahahaha shameless zoinist fox news,
Trump bores me now. 🥱,trump bores me now,
Finish the job and bring our men and women home !,finish the job and bring our men and women home !,
Trump sold us out to Israel.,trump sold us out to israel,
Do it 😊,do it,
lololol. This sh*ts hilarious.  What a bunch of clowns.,lololol this shts hilarious  what a bunch of clowns,
occupy that entire Iranian coastal line with ground troops,occupy that entire iranian coastal line with ground troops,
Trump: you better open the Strait or I'll declare victory again!,trump you better open the strait or ill declare victory again!,
Trump is an idiot Iran will then hit everyone else power plants and worse,trump is an idiot iran will then hit everyone else power plants and worse,
_Trump will be next Ai Netanyahu very soon_,_trump will be next ai netanyahu very soon_,
"Biden was 76 when he took office Trump will be 80 years old. He wears diapers and a foley,",biden was 76 when he took office trump will be 80 years old he wears diapers and a foley,
Insane.,insane,
"I heard that ship can pass through, you just have to pay in Yuan",i heard that ship can pass through you just have to pay in yuan,
"lol 😂Pinocchio 
Much 🤪🤪😝😝😜😜😂😂😆😆","lol pinocchio 
much",
Trump sending demands and Iran responds by sending ballistic missiles lol TACO TACO TACO,trump sending demands and iran responds by sending ballistic missiles lol taco taco taco,
U.S bought  🇮🇷 oil.  Trump surrendered.   😂,us bought   oil  trump surrendered,
"Trump and Musk are American cultural icons, and people adore and look up to the big American style, just like people looked up to and adored the British when they ruled the seas. Every culture has or had its iconoclasts-Italy had Leonardo da Vinci. Germany had Wolfgang Amadeus Mozart. India had Buddha. France had Voltaire. 
     We should also learn to applaud those who choose the big American style, even if we have decided not to live so large ourselves. For example, my neighbor recently purchased a brand new 2025 Cadillac Escalade gimme gimme mobile. Instead of knocking her for it, I decided to go next door and congratulate her for her smart shopping decision. She told me that Santa said that she needed to treat herself to something special this holiday season, especially after having recently divorced her husband of 8 years. However, her psychic told her to wait on the botox injections and tummy tuck. The conversation was brief, yet very enlightening. I was extremely surprised when she ended the conversation by telling me that if only more of our people bought such grand and sturdy automobiles, then, maybe we would be able to end our reliance on mid-east oil. I was very surprised because it is a rare thing to hear a fellow citizen make such an astute and accurate political observation. 
     Anywho, I went back to my retrofitted Winnebago with solar panel and wind turbine and cranked up the old black and white Sony tv with rabbit ears to see if I could catch a rerun of ""Lifestyles of the Rich and Famous"". Soon after, I faded into the land of nod and had a very vivid dream where I met with our Elon in D.C. and he offered to equip my outhouse with his Tesla rockets at a 25 percent shoppers' discount and shoot me into outer space!","trump and musk are american cultural icons and people adore and look up to the big american style just like people looked up to and adored the british when they ruled the seas every culture has or had its iconoclastsitaly had leonardo da vinci germany had wolfgang amadeus mozart india had buddha france had voltaire 
     we should also learn to applaud those who choose the big american style even if we have decided not to live so large ourselves for example my neighbor recently purchased a brand new 2025 cadillac escalade gimme gimme mobile instead of knocking her for it i decided to go next door and congratulate her for her smart shopping decision she told me that santa said that she needed to treat herself to something special this holiday season especially after having recently divorced her husband of 8 years however her psychic told her to wait on the botox injections and tummy tuck the conversation was brief yet very enlightening i was extremely surprised when she ended the conversation by telling me that if only more of our people bought such grand and sturdy automobiles then maybe we would be able to end our reliance on mideast oil i was very surprised because it is a rare thing to hear a fellow citizen make such an astute and accurate political observation 
     anywho i went back to my retrofitted winnebago with solar panel and wind turbine and cranked up the old black and white sony tv with rabbit ears to see if i could catch a rerun of lifestyles of the rich and famous soon after i faded into the land of nod and had a very vivid dream where i met with our elon in dc and he offered to equip my outhouse with his tesla rockets at a 25 percent shoppers discount and shoot me into outer space!",
"""I will finish a war in Ukraine in 24 hours"".",i will finish a war in ukraine in 24 hours,
Shameless people called America if Iran did not what will America do absolutely nothing just running mouth,shameless people called america if iran did not what will america do absolutely nothing just running mouth,
How odd there is not reporting about failure of the Iron Dome for 2 cities in Israel,how odd there is not reporting about failure of the iron dome for 2 cities in israel,
Epstein is in the trump files.,epstein is in the trump files,
"Was America in a mood to submit to Japanese ultimatums 3 weeks after Pearl Harbor?
Why then would you expect Iran to submit to ultimatums 3 weeks after the treacherous Israeli surprise attack?
Trump should take a step back, fire the liberal Jewish billionaires who manipulated him into this war which only benefits Israel and Saudi Arabia while costing America and Iran, and then make a separate peace with Iran on mutually beneficial terms.","was america in a mood to submit to japanese ultimatums 3 weeks after pearl harbor?
why then would you expect iran to submit to ultimatums 3 weeks after the treacherous israeli surprise attack?
trump should take a step back fire the liberal jewish billionaires who manipulated him into this war which only benefits israel and saudi arabia while costing america and iran and then make a separate peace with iran on mutually beneficial terms",
"Trump to Israël, stop attacking there power. 2 days later, Trump in 48 hours i will  bomb everything😂",trump to israël stop attacking there power 2 days later trump in 48 hours i will  bomb everything,
Me needs to get some popcorn!! This could get exciting,me needs to get some popcorn!! this could get exciting,
Will someone please stop this madman and his madness. We are all going to die because of this fool.,will someone please stop this madman and his madness we are all going to die because of this fool,
Good work offer to unsanction all Iranians oil also if opened within 48h and if not included - taking all Iranian tankers leaving the straight and blowing up kog island,good work offer to unsanction all iranians oil also if opened within 48h and if not included  taking all iranian tankers leaving the straight and blowing up kog island,
"Trump is like the crazy uncle at a family gathering, you never know what type of crazy he may do.  Just do what he said.",trump is like the crazy uncle at a family gathering you never know what type of crazy he may do  just do what he said,
"ROTFLMAO. Conny has lifted oil sanctions on Iran. But but BUTT USA is attacking Iran? So Conny wants Iranian oil into USA to make fuel to attack Iran?  Conny thought this would be over in a week. They would give up. Only people that give up are the ones scared to die. Trump driven dictatorship of the world, greed, money and donations from oil companies. Militant Iranians driven by religion.",rotflmao conny has lifted oil sanctions on iran but but butt usa is attacking iran? so conny wants iranian oil into usa to make fuel to attack iran?  conny thought this would be over in a week they would give up only people that give up are the ones scared to die trump driven dictatorship of the world greed money and donations from oil companies militant iranians driven by religion,
Get out Uranium back that Hillary and Obama gave to Russia (Iran),get out uranium back that hillary and obama gave to russia iran,
I thought you won?,i thought you won?,
"Israel is pure evil for starting this. So after years of telling Russia they can’t attack Ukrainian power plants, they’re going to strike Iranian power plants in 48 hours? So war crimes. What example does that set for Russia and China?",israel is pure evil for starting this so after years of telling russia they cant attack ukrainian power plants theyre going to strike iranian power plants in 48 hours? so war crimes what example does that set for russia and china?,
"Trump lifted the sanctions on Iranian oil for the first time in decades and is now trying to purchase their oil.  5D f*cking chess right there.  Try to buy oil from the country you are attacking, of course they'll say no and then we have them right where we want them.  Got it!",trump lifted the sanctions on iranian oil for the first time in decades and is now trying to purchase their oil  5d fcking chess right there  try to buy oil from the country you are attacking of course theyll say no and then we have them right where we want them  got it!,
BS,bs,
In other news! Russia is still fighting Ukraine!,in other news! russia is still fighting ukraine!,
"I'm sad Chuck Norris (a Great Man who Stood up for U.S. Veterans) and Robert Muller (Vietnam War U.S. Veteran and FBI Director)  ---Both They're Passing.  🌿🇺🇸 

# Principle

# Sempi Fi. 

Mac💜💙🇺🇸⚓
Omaha, Nebraska.","im sad chuck norris a great man who stood up for us veterans and robert muller vietnam war us veteran and fbi director  both theyre passing   

 principle

 sempi fi 

mac
omaha nebraska",
"REALITY CHECK: After years of constantly belittling our NATO allies, Agolf Shitler now demands they come to his rescue?🤷‍♀🤦‍♀ In a shocking revelation, that no one in the Agolf Shitler regime could see coming, our NATO allies told Emperor Palpa-Teeny Hands to ""go pound sand, Diaper-Wearing-Old-Man, right up your 'Strait of Hormuz,' Caboose""🍑😳🤦‍♀😂😂😂😂",reality check after years of constantly belittling our nato allies agolf shitler now demands they come to his rescue? in a shocking revelation that no one in the agolf shitler regime could see coming our nato allies told emperor palpateeny hands to go pound sand diaperwearingoldman right up your strait of hormuz caboose,
😂.  What a clown,what a clown,
President Trump please see this thing through.,president trump please see this thing through,
Stop screwing up our country for Israel,stop screwing up our country for israel,
Always with the demanding. Stupidity and arrogance is not a winning combination.,always with the demanding stupidity and arrogance is not a winning combination,
We are at war and they are going to stop attacking the strait because of a threat online? Um ok,we are at war and they are going to stop attacking the strait because of a threat online? um ok,
"If there is no regime change, then this becomes Operation Epic Failure. After Trump leave office, Iran will build-back immediately. And we will be at square one, and this will all be for nothing.",if there is no regime change then this becomes operation epic failure after trump leave office iran will buildback immediately and we will be at square one and this will all be for nothing,
I thought that Iran was obliterated 😂😂😂 demented Donny strikes again😂😂😂,i thought that iran was obliterated  demented donny strikes again,
well... if they're in tunnels hiding ...  🙄😏,well if theyre in tunnels hiding,
"I don't expect fox viewers to understand this, but, by this statement, the President just admitted defeat on the strait of hormuz that he cannot open the strait of hormuz and Iran fully controls it.",i dont expect fox viewers to understand this but by this statement the president just admitted defeat on the strait of hormuz that he cannot open the strait of hormuz and iran fully controls it,
"Keep dreaming, TACO.",keep dreaming taco,
Are these actual people in the comments 😂😂 ? Are you happy your lives are harder and everything will be more expensive forever ?,are these actual people in the comments  ? are you happy your lives are harder and everything will be more expensive forever ?,
"This is Trump's version of the NFL 2-Minute Warning ... boots on the ground. 
Marines, Forza!!","this is trumps version of the nfl 2minute warning  boots on the ground 
marines forza!!",
Now who in the World is gonna listen to the Buffoon of the World. Lmao,now who in the world is gonna listen to the buffoon of the world lmao,
No new war. Already won . Don't need help. It's over . We will hit you hard man's gone,no new war already won  dont need help its over  we will hit you hard mans gone,
"They won't care, and they will respond by destroying every oil drilling platform and refinery and pipeline in the middle east.",they wont care and they will respond by destroying every oil drilling platform and refinery and pipeline in the middle east,
Yikes,yikes,
The Middle East will only be blown up in retaliation for US/Israel blowing up corresponding parts of Iran. The Gulf will remain closed until the US leaves the area.,the middle east will only be blown up in retaliation for usisrael blowing up corresponding parts of iran the gulf will remain closed until the us leaves the area,
Trump is asleep at the wheel. He’s 79 years old. There’s no way he knows what is going on. He pisses in bed and needs help getting to take a poop.,trump is asleep at the wheel hes 79 years old theres no way he knows what is going on he pisses in bed and needs help getting to take a poop,
Well! Since he demanded!!😆😆😆,well! since he demanded!!,
😂😂😂😂As if they're gonna listen to that Muppet.,as if theyre gonna listen to that muppet,
"Can you completely obliterate something twice within a few months? Logically no, but MAGA and Fox Propaganda is not held back by something as trivial as logic.",can you completely obliterate something twice within a few months? logically no but maga and fox propaganda is not held back by something as trivial as logic,
"The only thing better than Monday Night Football is a Monday Night Bombing Raid!!!
 ✈️ 💣 💥💥💥",the only thing better than monday night football is a monday night bombing raid!!!,
"""demands""🤣😂🤣😂",demands,
"Dear commander-in-chief President Trump ; Talk with King Jesus Christ. He is the only one who has the authority to open and close those doors. "" This message from the one who is holy and true, the one who has the key of David. What He opens, no one can close and what He closes, no one can open. I know all the things you do and I have opened a door for you that no one can close. "" The bible. The truth. The word of God.",dear commanderinchief president trump  talk with king jesus christ he is the only one who has the authority to open and close those doors  this message from the one who is holy and true the one who has the key of david what he opens no one can close and what he closes no one can open i know all the things you do and i have opened a door for you that no one can close  the bible the truth the word of god,
mark aguriee 1990 detriot pistons greg from cybertron en men dur ana gang matrix era living in joe biden era 2020-2023,mark aguriee 1990 detriot pistons greg from cybertron en men dur ana gang matrix era living in joe biden era 20202023,
"A SMART PERSON WOULD OF SECURED THE STRAIT FIRST BEFORE ATTACKING, BUT WE ARE DEALING WITH THE TRUMP REGIME SO WE COULDN'T OF EXPECTED MUCH",a smart person would of secured the strait first before attacking but we are dealing with the trump regime so we couldnt of expected much,
"The US and Israel should also look into the possibility that Iran has tunnels underneath civilian buildings where they can hide their soldiers and weapons of mass destruction. If Gaza and Lebanon did it, it must also be a military strategy/idea that Iran believes in.",the us and israel should also look into the possibility that iran has tunnels underneath civilian buildings where they can hide their soldiers and weapons of mass destruction if gaza and lebanon did it it must also be a military strategyidea that iran believes in,
Iran strikes joint UK-US military base🙄 The orange clown🤡is considering WINDING DOWN war👋👍😀,iran strikes joint ukus military base the orange clownis considering winding down war,
Im thinking Bubba is code word for bibi,im thinking bubba is code word for bibi,
"I believe this war is a good distraction from Trump's past pedophilia and he will sacrifice troops. 

Soon American soldiers will meet the Valkyries who will lead them to Valhalla.","i believe this war is a good distraction from trumps past pedophilia and he will sacrifice troops 

soon american soldiers will meet the valkyries who will lead them to valhalla",
TACO is panicking. You do you. Blow up the power plant? Iran will retaliate by wipe out every oil field in the Gulf states. Enjoy $400 oil!,taco is panicking you do you blow up the power plant? iran will retaliate by wipe out every oil field in the gulf states enjoy 400 oil!,
"I thought the whole point was to help free the Iranian people, not send them back to the Stone Age. But nowTrump's exit plan seems to be pushing for an escalation that will end up destroying the entire energy infrastructure in the Middle East, with Iran's retaliation as the likely consequence.",i thought the whole point was to help free the iranian people not send them back to the stone age but nowtrumps exit plan seems to be pushing for an escalation that will end up destroying the entire energy infrastructure in the middle east with irans retaliation as the likely consequence,
This guy is out of his mind.,this guy is out of his mind,
Christian and Jewish terrorists will be defeated,christian and jewish terrorists will be defeated,
"Yeah, that'll work. Christ, what a joke the US has become under this moron.",yeah thatll work christ what a joke the us has become under this moron,
a deranged cult,a deranged cult,
"Raze Kharg Island 🏝️ and the opposition will be put out of the oil business, permanently.This crisis has been decades in the making!😮",raze kharg island  and the opposition will be put out of the oil business permanentlythis crisis has been decades in the making!,
tree and her gang maya civilization yes those assault weapons pawn shop eisenhower park way dead human people at this shed now planet earth.,tree and her gang maya civilization yes those assault weapons pawn shop eisenhower park way dead human people at this shed now planet earth,
"50 hours time i bet all , nothing will change .See you all in 50 hours fot the big reveal .",50 hours time i bet all  nothing will change see you all in 50 hours fot the big reveal,
"""Only the Strong Survive"" REO Speedwagon.    If your gonna go let me go along.  I never walk that road alone ...i.heard it was hard ...I heard it was loud ...but we'll come back alive. Cause only the Strong Survive!    Remember your training!  SERE!   And you will survive.",only the strong survive reo speedwagon    if your gonna go let me go along  i never walk that road alone iheard it was hard i heard it was loud but well come back alive cause only the strong survive!    remember your training!  sere!   and you will survive,
I thought he had already conquered Iran last week,i thought he had already conquered iran last week,
"Yes, mr. President, we will open it right the way",yes mr president we will open it right the way,
"The unpleasant situation arises where America allows Russia to trade oil again, while it is itself being attacked by Iran with weapons from Russia. The Gulf states that are being attacked by Iran feel enormously abandoned by Trump. There is indeed someone who is gloating about it. That's Putin..",the unpleasant situation arises where america allows russia to trade oil again while it is itself being attacked by iran with weapons from russia the gulf states that are being attacked by iran feel enormously abandoned by trump there is indeed someone who is gloating about it thats putin,
Donald Trump is an absolute f****** idiot,donald trump is an absolute f idiot,
Yes please. We are having oil price doubled here in Philippines. Give those Iranian terrorists 1 hour.,yes please we are having oil price doubled here in philippines give those iranian terrorists 1 hour,
"let's see if they can act so tough with a Hungry stomach 
💀☝️",lets see if they can act so tough with a hungry stomach,
Iran will kick the asses of Israel and Arab puppets,iran will kick the asses of israel and arab puppets,
We love IRGC ❤❤❤ we suport Iran,we love irgc  we suport iran,
"Iran is run by evil lunatics. I don’t think any of their leadership has the capacity to think properly- too demonic. “If you confess with your mouth ‘Jesus is Lord’ and believe in your heart that God raised Him from the dead, you will be saved.”-,from the eternal Lake of Fire, Romans 10:9, Revelation 20:15.",iran is run by evil lunatics i dont think any of their leadership has the capacity to think properly too demonic if you confess with your mouth jesus is lord and believe in your heart that god raised him from the dead you will be savedfrom the eternal lake of fire romans 109 revelation 2015,
"The Israelis and US bombed Iranian oil infrastructure, Iran bombed regional oil infrastructure.
The Israelis and US bombed Iranian nuclear infrastructure, Iran bombed Israeli nuclear infrastructure.
The Israelis and US bomb Iranian electricity infrastructure,  Iran dos what?
Is Trump oblivious to the pain he's causing the whole world, or just indifferent.","the israelis and us bombed iranian oil infrastructure iran bombed regional oil infrastructure
the israelis and us bombed iranian nuclear infrastructure iran bombed israeli nuclear infrastructure
the israelis and us bomb iranian electricity infrastructure  iran dos what?
is trump oblivious to the pain hes causing the whole world or just indifferent",
"Seize Iran oil. If enemies are plotting against us, they don't deserve to keep their oil.",seize iran oil if enemies are plotting against us they dont deserve to keep their oil,
"Straight to hell with this nightmarish regime. 

Free Americans. Free Israelis. Free the Iranians who want to bid rid of that evil regime.","straight to hell with this nightmarish regime 

free americans free israelis free the iranians who want to bid rid of that evil regime",
"So MAGA no longer cares about the Iranian civilians. 

You don’t ever deserve to call yourself “pro-life” again.","so maga no longer cares about the iranian civilians 

you dont ever deserve to call yourself prolife again",
like anyone will listen to this fool...I wonder who ties his shoes in the morning ??? lol,like anyone will listen to this fooli wonder who ties his shoes in the morning ??? lol,
Trump can’t follow his deadlines. I support trump but when you say a date you need to follow thru. All of this with all the tariffs. 2 weeks. Let’s extend it another month. Another month. If you can’t stick to it 1000% than nobody will believe you.,trump cant follow his deadlines i support trump but when you say a date you need to follow thru all of this with all the tariffs 2 weeks lets extend it another month another month if you cant stick to it 1000 than nobody will believe you,
make sure to save this video i dont think they will listen to anyone let alone USA,make sure to save this video i dont think they will listen to anyone let alone usa,
Donnie Boy throwing another impotent tantrum…,donnie boy throwing another impotent tantrum,
The hundreds & hundreds of Americans & military soldiers that have been killed over the past 47 years by Iran  have not died in vain because Trump is committing vengeance for all their deaths🦾🇺🇸,the hundreds  hundreds of americans  military soldiers that have been killed over the past 47 years by iran  have not died in vain because trump is committing vengeance for all their deaths,
"I don’t understand, he said the war was over🤦‍♀️",i dont understand he said the war was over,
Go sign up for the draft talking heads,go sign up for the draft talking heads,
In real news....Trump Truth socialed and hours ago raging about what some journalist wrote about him him in the New York Times and not an hour later he posts about this.  There's a video circulating online that 82nd Airborne have been given their deployment orders.  He's going to send these men into to die because of what he's done,in real newstrump truth socialed and hours ago raging about what some journalist wrote about him him in the new york times and not an hour later he posts about this  theres a video circulating online that 82nd airborne have been given their deployment orders  hes going to send these men into to die because of what hes done,
This is the best series I have ever watched. 🤠,this is the best series i have ever watched,
Just like he wanted their ‘unconditional surrender’… and Iran said 🖕🖕🖕🖕🖕🖕🖕,just like he wanted their unconditional surrender and iran said,
"If Biden started his war MAGA would be furious, but when Trump does it, it’s OK he is their God",if biden started his war maga would be furious but when trump does it its ok he is their god,
Go Trump Go.,go trump go,
i hope he does it in 12 ,i hope he does it in 12,
Hahaha  Iran doesnt take orders from  Terrorists.,hahaha  iran doesnt take orders from  terrorists,
Those news casters ..” jeez isnt Donny the best”,those news casters  jeez isnt donny the best,
Seems they would be wise to give their full and undivided attention to the matter. But don't count on it.,seems they would be wise to give their full and undivided attention to the matter but dont count on it,
"Theoretically he could siege the country and they could fall that way. Threatening their power plants and facilities is a good idea to compel them. Cutting off their water and food supply would make them fall in line even quicker. Without energy they cannot function either. There's a reason the old castle-siege mentality was so effective. Iran can do it to the rest of the world, but we can do it to them too. We can cut off trade, intercept every supply route until they yield, in the same manner they are doing to us. The world will outlast them in this regard. This is what the soldiers should be used for, not on military targets necessarily. Without basic necessities, the weaponry will stay useless hunks of metal on the ground, and the Iranian people are more likely to uprise. This is the tactic he should be using now.",theoretically he could siege the country and they could fall that way threatening their power plants and facilities is a good idea to compel them cutting off their water and food supply would make them fall in line even quicker without energy they cannot function either theres a reason the old castlesiege mentality was so effective iran can do it to the rest of the world but we can do it to them too we can cut off trade intercept every supply route until they yield in the same manner they are doing to us the world will outlast them in this regard this is what the soldiers should be used for not on military targets necessarily without basic necessities the weaponry will stay useless hunks of metal on the ground and the iranian people are more likely to uprise this is the tactic he should be using now,
Donald Trump is an absolute moron. Has no clue what he is doing. The whole administration has the IQ of an pine needle.,donald trump is an absolute moron has no clue what he is doing the whole administration has the iq of an pine needle,
"Thats it Trump, make sure all oil get destroyed and we all lose more money..

Dude is an idiot..","thats it trump make sure all oil get destroyed and we all lose more money

dude is an idiot",
Hit their desalination plants. Cut their water off. That’s irans weakness,hit their desalination plants cut their water off thats irans weakness,
Trump said the same thing about Russia and Ukraine. Like I'm going to believe Iran is gonna give up that easily.,trump said the same thing about russia and ukraine like im going to believe iran is gonna give up that easily,
"""I will finish war in Ukraine in 24 hours"".",i will finish war in ukraine in 24 hours,
Its going to be painful for them to lose all of their power plants.  People will suffer the most.,its going to be painful for them to lose all of their power plants  people will suffer the most,
got my popcorn ready,got my popcorn ready,
In Europe 15 MORE Epstein survivors have come forward to file criminal complaints in Paris against men behind 2 French modeling agencies🤫A 3rd modeling agency in Italy was named too🤫 WHY is the US NOT taking similar actions?🤔🤫,in europe 15 more epstein survivors have come forward to file criminal complaints in paris against men behind 2 french modeling agenciesa 3rd modeling agency in italy was named too why is the us not taking similar actions?,
as Kevin Hart said: it's about to go down,as kevin hart said its about to go down,
kick their bxtts !,kick their bxtts !,
🇺🇸ROBERT S. MUELLER III U.S.MARINE BRONZE STAR PURPLE HEART GALLANTRY CROSS 2 COMMENDATION MEDALS,robert s mueller iii usmarine bronze star purple heart gallantry cross 2 commendation medals,
"Donald ""two weeks"" Trump. Who do you think you're fooling?",donald two weeks trump who do you think youre fooling?,
TACO in 48 hours,taco in 48 hours,
Let the obliterating begin!!!!,let the obliterating begin!!!!,
President Trump for Mt Rushmore ASAP!!  MAGA!,president trump for mt rushmore asap!!  maga!,
Oil is the Least of uk problem if iRGC actually have the nukes they claim to be readying,oil is the least of uk problem if irgc actually have the nukes they claim to be readying,
"Fox is thick with pea does, just like the White House.",fox is thick with pea does just like the white house,
Nuclear war is closer than many people think,nuclear war is closer than many people think,
That was it with the nobel peace price.,that was it with the nobel peace price,
GET ER DONE 😎 🇺🇸,get er done,
"I hope President Trump really follows through in actions. It's huge – because if the regime loses the strait siege measure that it's been terrorizing the region —and the world— with, they're going to lose everything.",i hope president trump really follows through in actions its huge  because if the regime loses the strait siege measure that its been terrorizing the region and the world with theyre going to lose everything,
This entire mess in the Middle East. Was created by trump and his incompetent goons. Everything from scratch,this entire mess in the middle east was created by trump and his incompetent goons everything from scratch,
"No money for health care for American citizens but over $200 billion for war on Iran on behalf of Israel, who has universal health care for their citizens. MAGA is done, it's MIGA now, Israel first, America last.",no money for health care for american citizens but over 200 billion for war on iran on behalf of israel who has universal health care for their citizens maga is done its miga now israel first america last,
"TRUMP HAS PUT THE WOLRD ON A PATH OF ECONOMICAL DISASTER,  TO APPEASE HIS ISRAELI OVELORDS",trump has put the wolrd on a path of economical disaster  to appease his israeli ovelords,
Tomi has to go,tomi has to go,
And I’ll huff and I’ll puff…,and ill huff and ill puff,
"Is Barton enlisting???

Biden's kid was an officer in Afghanistan...","is barton enlisting???

bidens kid was an officer in afghanistan",
Mr Trump I think you are the best president of all time king of king's you float like a butterfly and sting like a president and a king 🤴. By the way if the democrats tell you a mosquito could pull a plow just vote for Trump vote for Trump vote for Trump usa 🇺🇸 please thanks dawud Al haadi Al Mahdi,mr trump i think you are the best president of all time king of kings you float like a butterfly and sting like a president and a king  by the way if the democrats tell you a mosquito could pull a plow just vote for trump vote for trump vote for trump usa  please thanks dawud al haadi al mahdi,
Its fully open...go through it USA pussie$ 😂😂😂,its fully opengo through it usa pussie,
Does it make sense we export more oil than any other country but our prices are going up?,does it make sense we export more oil than any other country but our prices are going up?,
Ever since Tr*mp been in office prices on everything has been sky high,ever since trmp been in office prices on everything has been sky high,
Should have been 2 weeks ago. Maybe the Iranians would have been mad enough to turn on the IRGC already.,should have been 2 weeks ago maybe the iranians would have been mad enough to turn on the irgc already,
"So Trump will go after the civilian infrastructure which is a war crime. 

Only the hellbound evil in our world will praise that. 

I see Fox News is.","so trump will go after the civilian infrastructure which is a war crime 

only the hellbound evil in our world will praise that 

i see fox news is",
Mr Trump I think you are the best president of all time king of king's you float like a butterfly and sting like a president and a king 🤴. By the way if the democrats tell you a mosquito could pull a plow just vote for Trump vote for Trump vote for Trump usa 🇺🇸 please thanks dawud Al haadi Al Mahdi,mr trump i think you are the best president of all time king of kings you float like a butterfly and sting like a president and a king  by the way if the democrats tell you a mosquito could pull a plow just vote for trump vote for trump vote for trump usa  please thanks dawud al haadi al mahdi,
someone should tell iran that they lost 😂😂😂,someone should tell iran that they lost,
"😂😂😂😂😂
Trump is a moron and is finished politically",trump is a moron and is finished politically,
"I remember that back in the 70's, if *anyone* in Wall Street or the news media even talked about the Strait of Hormuz being closed, Western industrialized economies started imploding. Gasoline retailers and supermarkets cut back their operating hours, and businesses in general started laying off their help.",i remember that back in the 70s if anyone in wall street or the news media even talked about the strait of hormuz being closed western industrialized economies started imploding gasoline retailers and supermarkets cut back their operating hours and businesses in general started laying off their help,
"""Demands"" 🤣🤣🤣🤣",demands,
IRGC just stated they ordered their  NUCLEAR WEAPONS to be readied ❗️❗️💯. Prayers they are just BS but they can reach London with their missiles,irgc just stated they ordered their  nuclear weapons to be readied  prayers they are just bs but they can reach london with their missiles,
Hahahha Yes Demand Open Supreme Master. Autism,hahahha yes demand open supreme master autism,
Old man is mental please somebody admit him 😅,old man is mental please somebody admit him,
JJJ = 🧻🚽🪠,jjj,
This needs to be done.,this needs to be done,
Republicans are so stupid.,republicans are so stupid,
"lol, more empty promises from Taco
😁🤣😂",lol more empty promises from taco,
"If I was Trump I would cancel oil exports out of the US and refine it here, but Trump won’t because we have enough oil.",if i was trump i would cancel oil exports out of the us and refine it here but trump wont because we have enough oil,
Send in the group troops! Rock n roll!!,send in the group troops! rock n roll!!,
"Even if Iran “opens” it, insurance companies will still not insure any of the ships if they travel thru it, so unfortunately I doubt bombing them again will change anything, if there’s no regime change then ground troops need to be used, or finance Irans enemies to fight them",even if iran opens it insurance companies will still not insure any of the ships if they travel thru it so unfortunately i doubt bombing them again will change anything if theres no regime change then ground troops need to be used or finance irans enemies to fight them,
What's he going to do if Iran ignores him?  Treat them like one of his Epstein victims?  😂,whats he going to do if iran ignores him?  treat them like one of his epstein victims?,
"A foto escolhida de Trump para ilustrar a notícia, já mostra toda a arrogância americana num rosto só",a foto escolhida de trump para ilustrar a notícia já mostra toda a arrogância americana num rosto só,
Thank goodness president Trump is running this.  Best line ever.,thank goodness president trump is running this  best line ever,
"You will not open it. The US is a paper tiger. US is a beggars of the planet . You only know how to borrow,don't know how to repay",you will not open it the us is a paper tiger us is a beggars of the planet  you only know how to borrowdont know how to repay,
"""EPSTEIN TRIALS """,epstein trials,
"Trump talks too much; the US can hit whatever they want, but Iran will hit back. The US hegemony is over",trump talks too much the us can hit whatever they want but iran will hit back the us hegemony is over,
yeeeaa 300$ oil incoming. Thank you president Trump! Thank you for the millions of Saudi immigrants as well when their desalination plants get wrecked and there is no drinkable water in the region,yeeeaa 300 oil incoming thank you president trump! thank you for the millions of saudi immigrants as well when their desalination plants get wrecked and there is no drinkable water in the region,
Put some REAL threat behind it!!!  Open the Strait or face NUKES!!!  Enough of this impotent conventional weapons BS!!!!,put some real threat behind it!!!  open the strait or face nukes!!!  enough of this impotent conventional weapons bs!!!!,
"MAGA, you're hopeless. You flood the comments with still full trust and support and trust in Trump for literally no reason. You're in an abusive relationship called a cult, and you take it out on everyone else who sees you for the idiot you are",maga youre hopeless you flood the comments with still full trust and support and trust in trump for literally no reason youre in an abusive relationship called a cult and you take it out on everyone else who sees you for the idiot you are,
Straight Of America 🇺🇸🙏,straight of america,
"Bombs away sir, 💣💥🇺🇸🦅❤️🫡",bombs away sir,
War propaganda in full effect!! I love it!!,war propaganda in full effect!! i love it!!,
Well that pretty much sums it up. President Trump means what he says. 👍,well that pretty much sums it up president trump means what he says,
Epic Dummy wants to target Iran's power plants. Hmmm. So not only does he want Iranians to sacrifice themselves for his cause but in the meantime wants to cut off their power. 'No more wars' - remember? So gullible.,epic dummy wants to target irans power plants hmmm so not only does he want iranians to sacrifice themselves for his cause but in the meantime wants to cut off their power no more wars  remember? so gullible,
That's what I was waiting for!,thats what i was waiting for!,
The orange idiot speaks,the orange idiot speaks,
"Demands 😂😂😂😂, dumbass",demands  dumbass,
Give em two more weeks like you did putin 😂,give em two more weeks like you did putin,
😅blah blah blah blah,blah blah blah blah,
"Lead, follow or get out of the way. Go!’ 🇺🇸🇺🇸🇺🇸",lead follow or get out of the way go!,
"Even before the US-Israel attack, the strait was open to all countries. 
So, let it open naturally, because the strait was closed due to the US-Israel attack, aided by regional countries by opening military facilities to America.","even before the usisrael attack the strait was open to all countries 
so let it open naturally because the strait was closed due to the usisrael attack aided by regional countries by opening military facilities to america",
I like to think of myself as a professional of boiling eggs. After extensive research and studies I have found that there is no need to add any salt or baking soda to make it easier to peel the eggs. You just have to boil them longer and they peel fine!,i like to think of myself as a professional of boiling eggs after extensive research and studies i have found that there is no need to add any salt or baking soda to make it easier to peel the eggs you just have to boil them longer and they peel fine!,
IT WILL NOT REDUCE PAIN AT THE PUMP IN WASHINGTON STATE. THE BUTT WEASEL WE HAVE RUNNING WA. WILL SIMPLY RAISE THE TAX ON FUEL IN WASHINGTON STATE. IN MANY RESPECTS BOB FERGUSON IS WORSE THAN GAVIN NEWSCUM,it will not reduce pain at the pump in washington state the butt weasel we have running wa will simply raise the tax on fuel in washington state in many respects bob ferguson is worse than gavin newscum,1
WhoTF is he making the demand to?,whotf is he making the demand to?,1
My President doesn't F around.,my president doesnt f around,1
About time. This pussyfooting around for 3 weeks was getting on my nerves.,about time this pussyfooting around for 3 weeks was getting on my nerves,1
"I always tell people poop in one hand and hope in the next, see which one fills up first. Iran has the oil so what is Trump talking about?",i always tell people poop in one hand and hope in the next see which one fills up first iran has the oil so what is trump talking about?,1
I thought I heard 2 weeks…,i thought i heard 2 weeks,0
Or what? Wasnt it all obliterated already?,or what? wasnt it all obliterated already?,2
Let’s Do It!!!!!!,lets do it!!!!!!,1
"Bruh I CANT wait, Trump does not F around hahahahahahah iran is gonna be ERASED and there will be no more snakbars from ala the loser and poser low class god",bruh i cant wait trump does not f around hahahahahahah iran is gonna be erased and there will be no more snakbars from ala the loser and poser low class god,2
baby trump making his baby demands 😂,baby trump making his baby demands,1
Love President Trump😃A true patriot,love president trumpa true patriot,1
Idiot,idiot,2
buncha degenerate mother fckers,buncha degenerate mother fckers,2
DJT  will learn you 😅,djt  will learn you,1
Americans pay around $5 trillion in federal taxes each year and what do we get for it? Healthcare? State-of-the-art infrastructure? High-speed rail? Top- notch social services? Nope. We give it to billionaires and defense contractors and live in a broken down country.,americans pay around 5 trillion in federal taxes each year and what do we get for it? healthcare? stateoftheart infrastructure? highspeed rail? top notch social services? nope we give it to billionaires and defense contractors and live in a broken down country,1
"Trump is so wise...like how amazingly WISE was it to recently remove oil sanctions on Iran AND Russia - high IQ genius!....instantly boosting the finances Russia, who directly supplies Iran with the weapons currently killing your own soldiers (because of the war Trump started) AND directly boosting Iran's coffers as well - like some sort of 4D chess art of the deal thing yeh? Mind blown.. But hey, the loss of American soldiers lives, of hundreds, if not thousands of innocent children, and BILLIONS UPON BILLIONS of Americans tax payers $$...tanking the economy YET AGAIN...in return for all of those BILLIONS Israel and The Saudi's are boosting Trumps, and his own family's PERSONAL FINANCES DIRECTLY ...well, it was a sacrifice Trump was willing to make...yup, he'll sell of America to enrich himself any day of the week....and that's EXACTLY what he has done. 😉",trump is so wiselike how amazingly wise was it to recently remove oil sanctions on iran and russia  high iq genius!instantly boosting the finances russia who directly supplies iran with the weapons currently killing your own soldiers because of the war trump started and directly boosting irans coffers as well  like some sort of 4d chess art of the deal thing yeh? mind blown but hey the loss of american soldiers lives of hundreds if not thousands of innocent children and billions upon billions of americans tax payers tanking the economy yet againin return for all of those billions israel and the saudis are boosting trumps and his own familys personal finances directly well it was a sacrifice trump was willing to makeyup hell sell of america to enrich himself any day of the weekand thats exactly what he has done,1
"I am so glad America is stepping up to the plate and taking over Iran! Who better to run it. I wonder if that Dufus at the Super Bowl knew just how smart he was when he said “We are ALL America.. Woohoo… let’s rename it the Trump Strait! As FordFairlne said, Take Them All Out. SMRT",i am so glad america is stepping up to the plate and taking over iran! who better to run it i wonder if that dufus at the super bowl knew just how smart he was when he said we are all america woohoo lets rename it the trump strait! as fordfairlne said take them all out smrt,1
This is getting more messy now ....,this is getting more messy now,1
Put baron in the front lines. Isn't he of age?,put baron in the front lines isnt he of age?,1
No lifting of sanctions start bombing their power stations,no lifting of sanctions start bombing their power stations,2
"Fantastic!  ""Keep Pushing"" REO Speedwagon.   God bless Israel and America.    And it's amusing all the Gloom and Doom from BBC and AlJazar and India and ABC CBS NBC NPR and of course CNN and at times even FOX.   Bomb them back to the stone age? For some it's not that big a deal. ..for others it's billions of dollars.  Like  Afghanistan or Iraq.   Modern convenices vary .....some are barely out of the stone age.  Others are very modern.  And it is they that will be hurting.  And like Afghanistan Kabul or Terhan maybe the Capital with a modern airport and powerplants and hospitals etc.  But much of Iran is quite primitive.  Since 1979 Iran has only gone backwards and even shuned modern western technology.",fantastic!  keep pushing reo speedwagon   god bless israel and america    and its amusing all the gloom and doom from bbc and aljazar and india and abc cbs nbc npr and of course cnn and at times even fox   bomb them back to the stone age? for some its not that big a deal for others its billions of dollars  like  afghanistan or iraq   modern convenices vary some are barely out of the stone age  others are very modern  and it is they that will be hurting  and like afghanistan kabul or terhan maybe the capital with a modern airport and powerplants and hospitals etc  but much of iran is quite primitive  since 1979 iran has only gone backwards and even shuned modern western technology,1
Trump drowning in inflation and zero exit plan,trump drowning in inflation and zero exit plan,1
Trumps about to run away and go home.  Operation Epic Failure😂,trumps about to run away and go home  operation epic failure,1
Now we are talking.,now we are talking,0
Or what? You will do what?,or what? you will do what?,0
You have 48 hours till we commit war crimes on your civilian power plants.,you have 48 hours till we commit war crimes on your civilian power plants,2
"If you don't know Trump yet you have not been paying attention. He is either a crazy lunatic or a masterful tactician.
call it what you want but he always follows through. He throws a feint then hits with a punch you don't see coming. 
Even when you think you're opposing him you give him what he wanted to begin with without realizing it.
No TSA at airports? ok fine it will be ICE.","if you dont know trump yet you have not been paying attention he is either a crazy lunatic or a masterful tactician
call it what you want but he always follows through he throws a feint then hits with a punch you dont see coming 
even when you think youre opposing him you give him what he wanted to begin with without realizing it
no tsa at airports? ok fine it will be ice",1
Why doesn't he do it himself since he already won?,why doesnt he do it himself since he already won?,1
"Nothing like a good old 'blackout'     Night truly becomes night.     Near noting operates 24hrs a day.
Major inconvenience.","nothing like a good old blackout     night truly becomes night     near noting operates 24hrs a day
major inconvenience",1
Lights Out 🔜⚫️,lights out,2
"Is this kind of like his, ""We'll have a new healthcare plan in two weeks""? If so I think we're still waiting for that.",is this kind of like his well have a new healthcare plan in two weeks? if so i think were still waiting for that,1
What a bunch of losers. Trump being the biggest one. It's time Iran but a US ship to the bottom.,what a bunch of losers trump being the biggest one its time iran but a us ship to the bottom,2
"Better do it Iran bc Trump does not make endless threats,when he says something believe it",better do it iran bc trump does not make endless threatswhen he says something believe it,1
Ramdan is and long war winner is iran,ramdan is and long war winner is iran,1
Trump rocks dude 😎,trump rocks dude,1
"Yes, get the job done. Do not let terrorists to intimidate America 🎉🎉",yes get the job done do not let terrorists to intimidate america,1
Send patriot Barron!,send patriot barron!,2
Thank God it's over,thank god its over,1
Trumps threats are laughable at this point just sad to watch everyone giving him the middle finger,trumps threats are laughable at this point just sad to watch everyone giving him the middle finger,1
Their country is already in shambles. They are an insane extremist regime. No amount of threats or degree of threat - short of divine intervention - is going to make them cooperate.,their country is already in shambles they are an insane extremist regime no amount of threats or degree of threat  short of divine intervention  is going to make them cooperate,2
"Iran win, israel loser",iran win israel loser,2
Well welcome to the Hotel California/Iran.,well welcome to the hotel californiairan,1
"The difference between Iran and Vietnam is that...



...Trump had an exit strategy for Vietnam","the difference between iran and vietnam is that



trump had an exit strategy for vietnam",1
"Most Americans are too lazy to study history.
They couldn’t tell you the difference between Sunni or Shia nor do they care to know.

I retired from the military (Marines) and have studied terrorism for over 35 years (multiple deployments to the region), trained with many Arab nations & with the IDF twice during the 2nd Intifada (operation Noble Shirley ), helped stand up FAST Company in the early 90’s.

Trump and Bibi made a grave miscalculation attacking Iran.
Especially killing their spiritual leader (as bad as he was).
Sad to say that this is not gonna play out in our favor.

It has nothing to do with being patriotic or political (I’m an independent). it’s just a matter of experience and education.

If you really want to know more on how we got ourselves in this mess study Operation Ajax (Google or YouTube). Good place to start.","most americans are too lazy to study history
they couldnt tell you the difference between sunni or shia nor do they care to know

i retired from the military marines and have studied terrorism for over 35 years multiple deployments to the region trained with many arab nations  with the idf twice during the 2nd intifada operation noble shirley  helped stand up fast company in the early 90s

trump and bibi made a grave miscalculation attacking iran
especially killing their spiritual leader as bad as he was
sad to say that this is not gonna play out in our favor

it has nothing to do with being patriotic or political im an independent its just a matter of experience and education

if you really want to know more on how we got ourselves in this mess study operation ajax google or youtube good place to start",1
Iran should have launched everything they had at Israel right at the start.,iran should have launched everything they had at israel right at the start,1
Hold out! Help is on the way.,hold out! help is on the way,1
"TRUMP, TRUMP, TRUMP, 2026 !!!!!!!!!!!!!!!!!!!!",trump trump trump 2026 !!!!!!!!!!!!!!!!!!!!,1
Iran's 'totally obliterated' nuclear program grew back faster than Trump's ear.,irans totally obliterated nuclear program grew back faster than trumps ear,1
"Trump caused the problem and everyone knows it..
I thought Trump, Republicans and Fox said weeks ago the war was over? Looks like Trump is just a Dimwit","trump caused the problem and everyone knows it
i thought trump republicans and fox said weeks ago the war was over? looks like trump is just a dimwit",1
Fck em up Trump!!,fck em up trump!!,2
IT WAS BIDEN WHO STARTIED THIS WOAR !!!!!!  BUT MR PRZIDENT WILL END IT!,it was biden who startied this woar !!!!!!  but mr przident will end it!,1
Get em TRUMP,get em trump,2
Just send in forces and wipe them off the face of the earth,just send in forces and wipe them off the face of the earth,1
But the Ormuz is open. For anybody paying for oil in yuan except US an Israel.,but the ormuz is open for anybody paying for oil in yuan except us an israel,1
"Trump: ""We are winning""
- F-35 hit for the first time ever
- Aircraft Carrier retreating for 'repairs'
- American bases under constant attack
- Oil over $100 - Allies rejecting calls for help
- Iran controls 20% of Oil flow
- 13 dead Americans, 200+ injured","trump we are winning
 f35 hit for the first time ever
 aircraft carrier retreating for repairs
 american bases under constant attack
 oil over 100  allies rejecting calls for help
 iran controls 20 of oil flow
 13 dead americans 200 injured",1
More like Trump begs open the straight..,more like trump begs open the straight,1
You cut electricity on the Iranian people . And they surely will cooperate with the U.S.,you cut electricity on the iranian people  and they surely will cooperate with the us,1
"The Only Thing That Gives Orders Is "" Balls"" And Trump Doesn't Have Any 💯",the only thing that gives orders is  balls and trump doesnt have any,1
"I would hope that by Trump saying he’ll start with the biggest, means the power grids that are on that Iran oil Island.  Hard to pump oil into tankers when you got no power. Check mate 🦾🇺🇸",i would hope that by trump saying hell start with the biggest means the power grids that are on that iran oil island  hard to pump oil into tankers when you got no power check mate,2
Iran should blow up the ship should Trump do anything silly,iran should blow up the ship should trump do anything silly,1
He sounds quite angry for someone who just “won” the war 😂,he sounds quite angry for someone who just won the war,2
"🤣🤣🤣🤣🤣🤣🤣The Idiot in Chief, what a clown",the idiot in chief what a clown,1
Trump thinks he commands respect. He doesn't even have from allies what makes you think he would have it from his enemies? Trump is a clown.,trump thinks he commands respect he doesnt even have from allies what makes you think he would have it from his enemies? trump is a clown,1
"The world is in chaos thanks today thanks to this Trump absurd War. 
The poor only gets killed and this is a curse.","the world is in chaos thanks today thanks to this trump absurd war 
the poor only gets killed and this is a curse",2
Let's see how Iran lights those missiles off with no electrical power.,lets see how iran lights those missiles off with no electrical power,1
"Let's compare the nuclear lie with very similar phrases that would sound dumb to anyone with A brain.

Ex #1 (1993 thru 2026)
Netanyahu-""Iran is desperate to obtain A nuclear bomb & is only weeks away from achieving that goal"" 

Ex #2 I've been desperately trying to find A job for the last 33 years but just haven't applied anywhere yet.

EX #3 I've been doing everything I could to buy A house since 1993 but just haven't went to look at any.
To anyone that has A working brain all 3 of these would sound ridiculous.","lets compare the nuclear lie with very similar phrases that would sound dumb to anyone with a brain

ex 1 1993 thru 2026
netanyahuiran is desperate to obtain a nuclear bomb  is only weeks away from achieving that goal 

ex 2 ive been desperately trying to find a job for the last 33 years but just havent applied anywhere yet

ex 3 ive been doing everything i could to buy a house since 1993 but just havent went to look at any
to anyone that has a working brain all 3 of these would sound ridiculous",1
"I thought 🇮🇷 was ""obliterated """,i thought  was obliterated,1
Trump means what he says. Take heed!,trump means what he says take heed!,2
Trump also said he was going to stop the Russian Ukraine war in 24 hours. Another forever war.,trump also said he was going to stop the russian ukraine war in 24 hours another forever war,1
For 3 weeks. It’s been raining missiles over Iran 24/7 . So what difference will it make now???,for 3 weeks its been raining missiles over iran 247  so what difference will it make now???,1
"🤣 what happens if they don’t open up ? 

You guys think that they will just open it up. 

There is no chance they will do it asap. Their existence is on the line. This isn’t going to be easy folks","what happens if they dont open up ? 

you guys think that they will just open it up 

there is no chance they will do it asap their existence is on the line this isnt going to be easy folks",1
"Iran is probably down to maniac radical groups splattered all over the place, like a cat in a rabbit trap they dont care what Trump says they will bite any and everthing they can.",iran is probably down to maniac radical groups splattered all over the place like a cat in a rabbit trap they dont care what trump says they will bite any and everthing they can,1
I have no problem supporting the war,i have no problem supporting the war,1
Oh man I can’t wait! 😎🇺🇸,oh man i cant wait!,0
Fox News. The time has come. The time has come to stop supporting the biggest traitor in US history : Donald Trump.,fox news the time has come the time has come to stop supporting the biggest traitor in us history  donald trump,1
Trump said he was glad Robert Mueller is dead.,trump said he was glad robert mueller is dead,1
I’m suing for 40 years of my life back,im suing for 40 years of my life back,1
Brvo tem up,brvo tem up,0
What a fckn baby cry more,what a fckn baby cry more,2
Thank goodness the no new wars president is running this war.,thank goodness the no new wars president is running this war,1
He means it and that’s we voted for,he means it and thats we voted for,1
Fox is doing for Trump what CNN and MSNBC did for Biden. Shame on Fox News.,fox is doing for trump what cnn and msnbc did for biden shame on fox news,1
"The American economy is about to tank. He’s running out of options, the only ones he has left is to pull out or send in ground troops.",the american economy is about to tank hes running out of options the only ones he has left is to pull out or send in ground troops,1
Standby for more “total obliteration” 😂,standby for more total obliteration,1
"No way, war escalates big time!",no way war escalates big time!,2
"Just take it US…never negotiate with terror regime iran,irgc..take strait of hormuz for the world.",just take it usnever negotiate with terror regime iranirgctake strait of hormuz for the world,1
Thought we were winning Don!  Would you like to guess the response?  How about more missles and drones! 😂,thought we were winning don!  would you like to guess the response?  how about more missles and drones!,1
The US Army is loss money of poor American peoples,the us army is loss money of poor american peoples,1
Iran will just hit all oil infrastructure in the region,iran will just hit all oil infrastructure in the region,1
"All things considered, Trump has gotten himself into quite a mess with his unpredictable actions. The end of the war in Ukraine, which he was supposed to settle in a day, is further away than ever. And the war in the Middle East is spreading like an oil slick.",all things considered trump has gotten himself into quite a mess with his unpredictable actions the end of the war in ukraine which he was supposed to settle in a day is further away than ever and the war in the middle east is spreading like an oil slick,1
"""Thank you for your attention to this matter..."" Trump didn't write that",thank you for your attention to this matter trump didnt write that,1
"Who are these idiots??????:we are ahead of schedule""",who are these idiots??????we are ahead of schedule,2
Please do it no more talking about it,please do it no more talking about it,1
Meaning no electricity,meaning no electricity,1
"Hahahahahahahaha................what a taco joker! Maybe in two weeks. He never sticks to deadlines, you mad bunch of eeeegits! The Straits are open for everyone except murica and the few allies they have!",hahahahahahahahawhat a taco joker! maybe in two weeks he never sticks to deadlines you mad bunch of eeeegits! the straits are open for everyone except murica and the few allies they have!,1
He is on offense all the time.,he is on offense all the time,2
.. and again young americans die for oil.,and again young americans die for oil,2
That’s a threat to the rest of the world too. Come clear the strait or oil shipping going to be bad for Europe and Asia.,thats a threat to the rest of the world too come clear the strait or oil shipping going to be bad for europe and asia,1
"Emperor Palpa-teeny Hands and the gop trying to explain why we went to war.. Wait no, it's because of weapons of mass destruction.. Wait no, it's because of missiles.. Wait no, it's because of regime change.. Wait no, it's because we already won and it's ""MISSION ACCOMPLISHED"".. Wait no, it's  because of Hillary's emails..😮 What, wait, no?🤷‍♀🤦‍♀",emperor palpateeny hands and the gop trying to explain why we went to war wait no its because of weapons of mass destruction wait no its because of missiles wait no its because of regime change wait no its because we already won and its mission accomplished wait no its  because of hillarys emails what wait no?,1
"Trump starts a war and this guy says it's all about peace. LOL. The war in Iran is going so badly for Trump, he may actually have to release the Epstein files as a distraction.",trump starts a war and this guy says its all about peace lol the war in iran is going so badly for trump he may actually have to release the epstein files as a distraction,1
I’m surprised it wasn’t 2 weeks 😂,im surprised it wasnt 2 weeks,0
Bombing them back into the stone ages. Thats the usual plan b in a failed air campaign.,bombing them back into the stone ages thats the usual plan b in a failed air campaign,2
"Tell me you don't have an exit plan without telling me,  you don't have an exit plan.",tell me you dont have an exit plan without telling me  you dont have an exit plan,1
Trump is the little boy who cried wolf. What's funny is usually he is the one making young children cry.😂,trump is the little boy who cried wolf whats funny is usually he is the one making young children cry,1
"Trump has lost the strategic value in Iran now. The regime isn't dismantled. The military of Iran still functions and the populous has united against the US. Operation Epic Failure  has cost billions and is no where near to an end. No 200 billion from congress, allies alienated by Trump and no exit strategy. Looks like Trump is going to get ignored again.",trump has lost the strategic value in iran now the regime isnt dismantled the military of iran still functions and the populous has united against the us operation epic failure  has cost billions and is no where near to an end no 200 billion from congress allies alienated by trump and no exit strategy looks like trump is going to get ignored again,1
Lol it's funny hearing the glazing here. I wonder if people here know that our weak president was pushed into this by Israel?,lol its funny hearing the glazing here i wonder if people here know that our weak president was pushed into this by israel?,1
"Thank you President Trump, we don’t do a repeat of pathetic 444 days of 70s hostage crisis! They’ve taken the SOH hostage for 20 days, time for immediate resolution!",thank you president trump we dont do a repeat of pathetic 444 days of 70s hostage crisis! theyve taken the soh hostage for 20 days time for immediate resolution!,1
The Iranians will mock Trump's demands.,the iranians will mock trumps demands,2
Oooooooh..... A 24 hour threat instead of the standard 2 weeks with multiple extension and postponements.,oooooooh a 24 hour threat instead of the standard 2 weeks with multiple extension and postponements,2
No this is gonna happen in hr 36hrs. Have y'all not learned yet.,no this is gonna happen in hr 36hrs have yall not learned yet,1
I dare you drive your car to work if Trump do so .,i dare you drive your car to work if trump do so,1
"Kinda gotta hand it to MAGA.
They aren't about to let
statistics, real-world evidence, forensic evidence, eyewitness testimony, police reports, sworn affidavits, economic data, basic scientific laws, or reality get in the way of whatever ridiculous bullsh!t  they want to believe.","kinda gotta hand it to maga
they arent about to let
statistics realworld evidence forensic evidence eyewitness testimony police reports sworn affidavits economic data basic scientific laws or reality get in the way of whatever ridiculous bullsh!t  they want to believe",0
Operation Epstein Distraction,operation epstein distraction,1
"Another 48 Hours, good movie, but seriously folks, God Bless the USA  and our Allies, and pray for our Men and Women in uniform❤🙏🪖",another 48 hours good movie but seriously folks god bless the usa  and our allies and pray for our men and women in uniform,1
Everybody knows he’s not playing around. He’s not gonna do anything bro don’t be so optimistic about what he says lol,everybody knows hes not playing around hes not gonna do anything bro dont be so optimistic about what he says lol,1
Y’all not embarrassed yet?,yall not embarrassed yet?,0
Very glad to hear it ❤,very glad to hear it,1
*FUN FACT:*  Trump dodged the draft FIVE TIMES but he doesn't mind sending soldiers to die for him.,fun fact  trump dodged the draft five times but he doesnt mind sending soldiers to die for him,2
"Freedom For Peaceful Iranian People Thank You America 
God bless Pr Donald J. Trump 😇 🕊 ❤️ 🦋 Amen 🇺🇲🗽👍","freedom for peaceful iranian people thank you america 
god bless pr donald j trump     amen",1
WWIII & the United States of Israel?,wwiii  the united states of israel?,1
"Wonder how the Iranian people are going to react to their ""liberators"" destroying their power...this is desperation",,1
We have an imbecile for a President.,we have an imbecile for a president,2
"Biden- ""don't""
Trump: ""48 hours.... Or maybe 2 weeks!""","biden dont
trump 48 hours or maybe 2 weeks!",0
"It won't even within _two weeks,_ pfft. 🫲😏",it wont even within _two weeks_ pfft,0
"Well if this happens and he bombs Iran, as promised. I fear we are in for a rurf ride.",well if this happens and he bombs iran as promised i fear we are in for a rurf ride,1
It seems Trump wants 300 dollar barrel of petroleum .,it seems trump wants 300 dollar barrel of petroleum,1
"Tell me you have NO exit strategy after not meeting ""Mission Objectives"" without telling me you have NO exit strategy. Wow! Just wow!",tell me you have no exit strategy after not meeting mission objectives without telling me you have no exit strategy wow! just wow!,1
You guys make me sick,you guys make me sick,1
I Cringed at the TACO TRMP Meme..hmmm,i cringed at the taco trmp memehmmm,1
Trump's family tree is a shrub.,trumps family tree is a shrub,1
Yeeee Haaaaaaa,yeeee haaaaaaa,0
Exactly.  This is what needs to occur.  Welcome to an electric blackout.  He is not joking.,exactly  this is what needs to occur  welcome to an electric blackout  he is not joking,1
OK!!!! It is a Saturday is Trump sleeping on the beach? NO he is WORKING ON A SATURDAY!,ok!!!! it is a saturday is trump sleeping on the beach? no he is working on a saturday!,1
Why does  moron Trump keep saying “obliterated”? Did he just learn this word and wants to keep using it.,why does  moron trump keep saying obliterated? did he just learn this word and wants to keep using it,2
"Big DJT supporter here, but won't that hurt the good people of Iran we are trying to help? I have no solution to this but i hope there is an alternative! God bless this mission to end in peace!",big djt supporter here but wont that hurt the good people of iran we are trying to help? i have no solution to this but i hope there is an alternative! god bless this mission to end in peace!,1
This means he is sending our soilders into harms way to take their oil.,this means he is sending our soilders into harms way to take their oil,1
"He shouldnt have advertise that, now iran will hit the GCC and Israels power plants",he shouldnt have advertise that now iran will hit the gcc and israels power plants,2
Bay of Pigs level incompetence. At least JFK had the sense to know he had been played by his advisors,bay of pigs level incompetence at least jfk had the sense to know he had been played by his advisors,1
Trump's Kool Aid is Free. However everything else is more expensive.,trumps kool aid is free however everything else is more expensive,1
Operation Epic Global Economic Disaster!,operation epic global economic disaster!,1
"That’s enough of attacking Iran. You did what you had to do. They’re TOASTED! Now get out of there and get back to work on the economy, because you’re gonna lose the house in November which means the economic issues need to be addressed NOW!",thats enough of attacking iran you did what you had to do theyre toasted! now get out of there and get back to work on the economy because youre gonna lose the house in november which means the economic issues need to be addressed now!,2
"*DISGUSTING:*  Trump forced a 12 year old girl to perform ""nom nom"" and then punched her for biting him down there.  HE'S EVIL!! REMOVE HIM NOW!!!",disgusting  trump forced a 12 year old girl to perform nom nom and then punched her for biting him down there  hes evil!! remove him now!!!,2
Iran better Heed. President means business. Trump rocks.,iran better heed president means business trump rocks,1
"Stop complaining, support your commander in chief!",stop complaining support your commander in chief!,1
Trump still thinks he can intimidate Iran. What a bozo. 🤣🤣🤣🤣,trump still thinks he can intimidate iran what a bozo,1
President Trump should nuke Iran and end the war.,president trump should nuke iran and end the war,1
Do it!,do it!,1
"Or else, I’ll give you too more weeks.",or else ill give you too more weeks,1
Take them all out,take them all out,1
"Iran can obliterate too.
Bla!bla! bla!
The delusional man cannot win, so he is babbling foolishness.
I thought America was a super power.","iran can obliterate too
bla!bla! bla!
the delusional man cannot win so he is babbling foolishness
i thought america was a super power",2
Trump's Plan: Break ALL Campaign Promises.,trumps plan break all campaign promises,2
"If people can’t see we are sending troops to Lebanon to fight Israel’s war, you’re just blind.",if people cant see we are sending troops to lebanon to fight israels war youre just blind,1
"He demands it, oh that will work lol",he demands it oh that will work lol,1
"HAAAAAAAAAAAAAAAAAAAAAAAAAAAAAAAAAAAAAAAAAAAAAAAAAAA what a joke. Americans are not brainwashed anymore. ""He means it"" lol what a joke.",haaaaaaaaaaaaaaaaaaaaaaaaaaaaaaaaaaaaaaaaaaaaaaaaaaa what a joke americans are not brainwashed anymore he means it lol what a joke,1
Ahead of schedule,ahead of schedule,1
Asking for more money haha😂,asking for more money haha,0
Get ready for 200 barrels of oil cause Iran not doing that 😂,get ready for 200 barrels of oil cause iran not doing that,2
Fox news is so horrible who listens to these losers😂,fox news is so horrible who listens to these losers,1
I think he really means it this time. 😂,i think he really means it this time,1
It's nice having a Strong Cognitive Leader!!!!,its nice having a strong cognitive leader!!!!,1
Lights out for Iran,lights out for iran,1
"48 hours, i remember a few years ago we had leaders that were saying ""Don't""",48 hours i remember a few years ago we had leaders that were saying dont,1
Diplomacy through tweets😂😂😂,diplomacy through tweets,1
Trump always afraid of releasing Epstein files,trump always afraid of releasing epstein files,1
"then Iran will respond, further damaging Middle East oil infrastructure, and further delaying by YEARS repairing all of the damage",then iran will respond further damaging middle east oil infrastructure and further delaying by years repairing all of the damage,2
Pig trump said he obliterated there nuclear program 5 months ago so just more bs from bone spurs ped,pig trump said he obliterated there nuclear program 5 months ago so just more bs from bone spurs ped,2
He sure likes to say obliterate a lot😂,he sure likes to say obliterate a lot,1
"Get some Marines, payback, Semper Fi and Erin go Braugh",get some marines payback semper fi and erin go braugh,1
"Blockade and put Kharg under siege and/or take it over and any other Iranian islands and any other port they can launch their little speed boats. In other words, yes take the oil until they Unconditionally Surrender. Period. There to NOT fight with limited objectives. In it to win it with FINALITY! Period. No More American deaths at the hands of their proxies which is as good as saying Iran.",blockade and put kharg under siege andor take it over and any other iranian islands and any other port they can launch their little speed boats in other words yes take the oil until they unconditionally surrender period there to not fight with limited objectives in it to win it with finality! period no more american deaths at the hands of their proxies which is as good as saying iran,1
"Not in position of demands, its a Request now ..!!! or he will cry out load",not in position of demands its a request now !!! or he will cry out load,1
When Trump sets a deadline u better do it 😂😂😂😂😂😂😂😂😂😂😂😂😂😂😂😂 these are jokes,when trump sets a deadline u better do it  these are jokes,1
Trump demands.  😆 Trump's the biggest joke and the worst thing to happen world wide,trump demands   trumps the biggest joke and the worst thing to happen world wide,1
❤❤❤❤❤ 🇮🇷 Iran 🇮🇷 Iran 🇮🇷 Iran 🇮🇷 congratulations congratulations oll jobs god,iran  iran  iran  congratulations congratulations oll jobs god,1
Request denied. 😭 🤣,request denied,2
"PEACE THROUGH STRENGTH!
💪🏿🇺🇸👍🏿",peace through strength!,1
You simply can not make these things up 😂😂😂😂,you simply can not make these things up,1
"Trump lifted the oil sanctions on Russia and Iran, while Russia is helping Iran are attack US bases.",trump lifted the oil sanctions on russia and iran while russia is helping iran are attack us bases,1
I'm just waiting for shtf,im just waiting for shtf,2
Trump is insane.,trump is insane,2
"Make America Great Again 🇺🇸

Yes, hit Iraaaaan very hard after 48 hours.","make america great again 

yes hit iraaaaan very hard after 48 hours",1
"I love the ""Thank you for your attention to this matter."" LOL",i love the thank you for your attention to this matter lol,1
I demand my girlfriend to remain fully open tonight 😉,i demand my girlfriend to remain fully open tonight,0
*What's Trump gonna do bomb Iran if they don't? 😂*,whats trump gonna do bomb iran if they dont?,1
Lfg! 🦅 God bless America 🎉,lfg!  god bless america,2
"Trump haters on the internet: 😂🤣😅😆
Trump haters in real life: 😡😭🍼🚼

MAGA💪😘","trump haters on the internet 
trump haters in real life 

maga",2
Why the hell is he posting like a teenager 😂,why the hell is he posting like a teenager,1
